公司全名,公司简称,公司规模,融资阶段,区域,职位名称,工作经验,学历要求,工资,职位福利
北京启明合心科技有限公司,合心科技,50-150人,B轮,海淀区,Python开发工程师,1-3年,本科,20k-35k,"大数据处理,自由度大,有挑战,公司午晚餐"
北京基调网络股份有限公司,听云,150-500人,上市公司,朝阳区,Python研发工程师,3-5年,本科,17k-24k,上市公司 带薪年假 地铁周边
爱笔（北京）智能科技有限公司,Aibee,50-150人,天使轮,海淀区,Python开发工程师,3-5年,本科,20k-40k,"初创公司,技术驱动"
颐邦（北京）医院管理有限公司,颐邦科技,少于15人,天使轮,海淀区,Python研发工程师,1-3年,本科,15k-25k,"团队优秀,技术强,薪酬高,福利好"
绫致时装（天津）有限公司,绫致时装（天津）有限公司,2000人以上,不需要融资,朝阳区,Python 开发工程师,5-10年,本科,18k-20k,发展前景好
北京木瓜移动科技股份有限公司,木瓜移动,150-500人,B轮,海淀区,Python开发工程师,1-3年,本科,8k-15k,"新项目,技术挑战大,定期分享,扁平化管理"
北京闪银奇异科技有限公司,闪银奇异,500-2000人,D轮及以上,朝阳区,Python开发工程师,1-3年,本科,18k-35k,"全五险一金,牛人多,发展快,福利好"
北京创新伙伴教育科技有限公司,智课网,500-2000人,B轮,海淀区,python开发工程师,1-3年,本科,10k-20k,七险一金、大牛带队
慧影医疗科技（北京）有限公司,慧影医疗,150-500人,C轮,海淀区,python工程师,3-5年,本科,15k-25k,"弹性工作,七险一金,十三薪"
轻易科技有限公司,轻易贷,2000人以上,上市公司,海淀区,Python开发工程师,3-5年,本科,15k-28k,"弹性工作制,扁平化管理,绩效奖金"
北京国双科技有限公司,Gridsum 国双,500-2000人,上市公司,海淀区,Python研发工程师,1-3年,本科,15k-25k,"六险一金,节日福利,带薪休假,餐补"
北京智水互娱科技有限公司,智水互娱,15-50人,不需要融资,东城区,Python开发工程师,1-3年,大专,20k-40k,"海外,高薪"
掌阅科技股份有限公司,掌阅,500-2000人,上市公司,朝阳区,高级Python研发工程师,3-5年,本科,25k-35k,"扁平化管理,福利待遇佳,学习氛围好,晋升空间大"
瞬联软件科技（北京）有限公司,瞬联软件科技（北京）有限公司,500-2000人,不需要融资,朝阳区,python开发,3-5年,本科,10k-18k,"七险一金,带薪年假,弹性工作,职位晋升"
北京点石经纬科技有限公司,OKAY智慧教育,150-500人,B轮,海淀区,高级python工程师,5-10年,大专,20k-30k,"机会多多,平台好,领导好"
北京启明合心科技有限公司,合心科技,50-150人,B轮,海淀区,中级python开发工程师,不限,本科,20k-35k,"领导好,不打卡,午晚餐,年底双薪"
掌阅科技股份有限公司,掌阅,500-2000人,上市公司,朝阳区,Python研发工程师（中高级）,3-5年,本科,15k-25k,"管理扁平化,发展机会佳,薪资待遇好"
北京源清慧虹信息科技有限公司,源清慧虹,50-150人,B轮,海淀区,高级python研发工程师,3-5年,本科,20k-30k,"二次医疗,健身场所,福利补助"
国美金控投资有限公司,国美金控,2000人以上,未融资,朝阳区,python研发工程师,5-10年,本科,30k-40k,"大平台,新项目,领导卓越"
北京朗势科技有限公司,tataUFO,50-150人,B轮,海淀区,高级Python工程师,3-5年,本科,25k-35k,"8天年假,五险一金,扁平化管理,年终奖"
北京新工场投资顾问有限公司,她理财,50-150人,A轮,朝阳区,高级python开发工程师,1-3年,本科,15k-30k,互联网金融 无天花板 六险一金 期权激励
北京智合大方科技有限公司,客知音,15-50人,A轮,东城区,python工程师（ai）,不限,本科,20k-40k,人工智能；技术驱动；大牛带队；福利多多
北京深海巨鲸信息科技有限公司,鲸媒体,15-50人,A轮,海淀区,资深Python 工程师,1-3年,不限,14k-20k,"五险一金,员工福利,餐补,双休"
北京国双科技有限公司,Gridsum 国双,500-2000人,上市公司,海淀区,资深python开发工程师,3-5年,本科,20k-30k,发挥空间 晋升空间 牛人多 团队优秀
达而观信息科技（上海）有限公司,达观数据,50-150人,B轮,海淀区,Python高级开发工程师,3-5年,本科,18k-36k,"团队技术强,发展空间大,人工智能"
北京汇游科技有限公司,汇游科技,15-50人,不需要融资,朝阳区,中高级Python开发工程师,3-5年,本科,20k-30k,"五险一金,全勤奖,餐补,年终奖金"
会找房（北京）网络技术有限公司,会分期,150-500人,D轮及以上,海淀区,Python开发工程师(J10100),3-5年,大专,15k-30k,"五险一金,十四薪,弹性工作"
北京陌陌科技有限公司,陌陌,500-2000人,上市公司,朝阳区,Java/Python开发工程师（19届）,应届毕业生,本科,12k-24k,"每日下午茶,舒适的环境,可爱的伙伴"
上海福萝电子科技有限公司,Cobo Wallet,15-50人,A轮,朝阳区,"Python, nodejs，golang工程师",3-5年,本科,30k-60k,"股权激励,成长空间,大牛团队,良好环境"
北京中环信科科技股份有限公司,中环信科,50-150人,未融资,朝阳区,Python开发工程师,1-3年,本科,12k-20k,弹性工作 工作小餐点 与国外团队对接
北京国双科技有限公司,Gridsum 国双,500-2000人,上市公司,海淀区,资深Python研发工程师,3-5年,本科,20k-40k,"上市公司,六险一金,发挥空间,团队氛围"
克鲁（北京）网络科技有限公司,Castbox,50-150人,B轮,朝阳区,Python后端开发工程师,3-5年,本科,20k-40k,"大牛云集,硅谷文化,免费三餐,租房补贴"
深圳码隆科技有限公司,码隆科技,50-150人,B轮,海淀区,python工程师(北京),1-3年,本科,15k-25k,发展前景广阔
北京天桐互动信息技术有限公司,天桐互动,15-50人,A轮,朝阳区,高级Python工程师,1-3年,本科,20k-35k,"期权激励,扁平化管理,五险一金,年底双薪"
北京聚道科技有限公司,GeneDock,15-50人,B轮,海淀区,Python后端工程师,5-10年,本科,25k-40k,"五险一金,免费午餐,团队融洽,技术超前"
北京智能优学科技有限公司,熊猫加加,15-50人,未融资,朝阳区,Python高级开发工程师,3-5年,本科,25k-30k,"五险一金,技术大牛,团队出游,部门聚餐"
乐飞天下信息技术(北京)有限公司,乐飞天下,50-150人,未融资,朝阳区,Python中高级开发工程师,5-10年,大专,15k-30k,五险一金 带薪假 海外旅游 节假福利
北京智合大方科技有限公司,客知音,15-50人,A轮,东城区,python后端开发工程师,不限,本科,20k-30k,福利待遇
北京乐途原动力科技发展有限公司,北京乐途原动力,50-150人,未融资,朝阳区,python 高级工程师,3-5年,大专,20k-35k,"十五薪,打车补贴,双月奖金"
北京点石经纬科技有限公司,OKAY智慧教育,150-500人,B轮,海淀区,python服务开发工程师,1-3年,本科,12k-24k,"领导nic,大平台"
上海蔚来汽车有限公司,NIO蔚来,2000人以上,D轮及以上,朝阳区,python,3-5年,本科,20k-40k,"六险一金,弹性办公,租房补贴,学霸团队"
北京步鼎方舟科技有限公司,微车,150-500人,C轮,海淀区,Python高级开发工程师,3-5年,本科,20k-30k,一日三餐、带薪年假、弹性工作、六险一金
北京图森智途科技有限公司,图森未来,150-500人,C轮,朝阳区,Python后端工程师,1-3年,本科,15k-30k,"行业前沿,大牛云集,发展空间大,薪酬福利好"
北京格上添富科技发展有限公司,格上添富,150-500人,不需要融资,朝阳区,高级Python研发工程师,5-10年,本科,20k-35k,"水果零食,扁平化管理,弹性工作"
维我软件（上海）有限公司北京分公司,Veeva,500-2000人,上市公司,朝阳区,高级Python工程师,5-10年,本科,25k-35k,纽交所上市 美资 生命科学 股票
北京汉迪移动互联网科技股份有限公司,iHandy,150-500人,不需要融资,海淀区,高级Python工程师,3-5年,本科,25k-50k,"硅谷氛围,高手如云,零食水果,六险一金"
掌阅科技股份有限公司,掌阅,500-2000人,上市公司,朝阳区,Python研发工程师（数据）,1-3年,本科,20k-30k,"上市公司,丰富福利,数据驱动,免费旅游"
北京七彩焕腾科技有限公司,七彩焕腾,150-500人,B轮,朝阳区,架构师（Python）,5-10年,本科,30k-40k,bat
上海海知智能科技有限公司,海知智能,50-150人,A轮,海淀区,Python开发工程师,3-5年,本科,20k-40k,"创新前沿,技术大牛,成长空间大,工作弹性"
北京趣拿软件科技有限公司,去哪儿网,2000人以上,不需要融资,海淀区,Python高级研发工程师-度假事业部(J11528),3-5年,本科,20k-40k,团队氛围融洽，帅哥美女多，年假多，年终奖
北京币世界网络科技有限公司,币世界,150-500人,A轮,朝阳区,python工程师,3-5年,本科,17k-34k,"地铁周边,零食水果,福利优厚,五险一金"
北京汇行科技有限公司,妙计旅行,150-500人,B轮,东城区,Python后端工程师-经理级,3-5年,本科,20k-30k,"七险一金,14薪,晋升空间,部门负责人"
北京步鼎方舟科技有限公司,微车,150-500人,C轮,海淀区,Python开发工程师,3-5年,本科,10k-18k,"一日三餐,六险一金,14薪,定期团建"
北京启明合心科技有限公司,合心科技,50-150人,B轮,海淀区,高级python后端工程师,3-5年,本科,20k-35k,"领导好,不打卡,氛围好"
贝壳找房（北京）科技有限公司,贝壳,2000人以上,C轮,海淀区,Python开发工程师,3-5年,本科,25k-50k,"扁平管理,六险二金,免费三餐,弹性工作"
北京果壳互动科技传媒有限公司,果壳网,150-500人,C轮,朝阳区,高级Python开发工程师,3-5年,本科,20k-40k,"八险一金,免费三餐,不加班,弹性工作"
维我软件（上海）有限公司北京分公司,Veeva,500-2000人,上市公司,朝阳区,Python软件工程师,3-5年,本科,15k-25k,纽交所上市 美资 生命科学 股票
盛和（北京）资讯科技有限公司,盛和资讯,15-50人,A轮,西城区,Python算法工程师（初中级）,1-3年,本科,15k-25k,"高收入,热门领域,发展前景"
北京百乘金科科技有限公司,百乘集团,2000人以上,上市公司,朝阳区,Python量化系统工程师,3-5年,本科,20k-40k,"五险一金,绩效奖金,餐补,带薪年假"
北京小川在线网络技术有限公司,最右,150-500人,B轮,海淀区,高级后端开发工程师（Python方向）,不限,本科,25k-50k,技术驱动产品、技术氛围浓厚、高薪高股
北京汉迪移动互联网科技股份有限公司,iHandy,150-500人,不需要融资,海淀区,Python开发工程师,1-3年,本科,15k-30k,"六险一金,水果零食多,按摩椅,大牛云集"
北京火币天下网络技术有限公司,火币网,150-500人,A轮,海淀区,高级python开发工程师,3-5年,本科,20k-35k,"六险一金,午餐补助,下午茶,区块链行业"
北京合志可成科技有限公司,北京合志可成科技有限公司,150-500人,不需要融资,海淀区,python,3-5年,本科,20k-35k,团队优秀，技术深耕
北京旷视科技有限公司,Face++,500-2000人,C轮,海淀区,高级Python开发工程师,3-5年,本科,25k-50k,大牛多
北京首都在线科技股份有限公司,CDS,150-500人,上市公司,海淀区,python研发工程师,5-10年,本科,15k-30k,"薪酬福利好,云计算公司"
锐波（北京）科技有限公司,波场TRON,150-500人,不需要融资,海淀区,高级 Python 工程师,3-5年,本科,20k-40k,"区块链技术,国际化团队,技术大牛,发展前景好"
北京来也网络科技有限公司,助理来也,50-150人,B轮,海淀区,Python开发工程师,3-5年,本科,20k-40k,"人工智能,弹性工作,扁平管理,技术牛人"
路书（北京）科技有限公司,路书,50-150人,A轮,朝阳区,python研发工程师,3-5年,本科,18k-30k,"期权分享,高颜值产品,年度旅游,弹性工作制"
北京小米科技有限责任公司,小米,2000人以上,D轮及以上,海淀区,Python开发工程师,不限,本科,20k-40k,优秀的团队
北京国富如荷网络科技有限公司,经管之家（原人大经济论坛）,50-150人,天使轮,朝阳区,Python工程师,3-5年,本科,16k-28k,C轮 全额六险一金、14薪
小叶子（北京）科技有限公司,The ONE,500-2000人,C轮,朝阳区,python,3-5年,本科,20k-30k,"免费午晚餐,五险一金,交补,年终奖"
绫致时装（天津）有限公司,绫致时装（天津）有限公司,2000人以上,不需要融资,朝阳区,python开发工程师,5-10年,大专,15k-25k,大平台
上海一起作业信息科技有限公司,一起科技,500-2000人,D轮及以上,朝阳区,python高级开发工程师（技术）,3-5年,本科,25k-50k,"独角兽,待遇好"
北京摩尔妈咪网络科技有限公司,摩尔妈妈,15-50人,A轮,朝阳区,高级python开发工程师,3-5年,本科,15k-30k,"大牛带队,注重成长,季度奖金,免费午餐"
北京优思安科技有限公司,积云教育,150-500人,A轮,昌平区,Python高级讲师,3-5年,本科,20k-30k,"五险一金,餐补,周末双休,班车接送"
北京旷视科技有限公司,Face++,500-2000人,C轮,海淀区,旷视研究院-高级python工程师,1-3年,本科,30k-50k,技术氛围浓厚 大牛带队 发展空间大
北京蚂蜂窝网络科技有限公司,马蜂窝,500-2000人,D轮及以上,朝阳区,python开发工程师 (MJ000414),1-3年,本科,20k-30k,"免费早午饭,免费班车,年度旅游,六险一金"
北京小度互娱科技有限公司,百度视频,150-500人,B轮,海淀区,Python开发工程师,3-5年,本科,15k-25k,"团队优秀,福利优厚"
北京国双科技有限公司,Gridsum 国双,500-2000人,上市公司,海淀区,高级Python研发工程师（DevOps经验优先）,3-5年,本科,15k-25k,"上市公司,大数据企业,年终奖金,带薪年假"
北京超盟数据科技有限公司,超盟数据,50-150人,A轮,朝阳区,Python开发工程师（应用方向）,3-5年,本科,20k-40k,新零售，人工智能，六险一金，周末双休
北京字节跳动科技有限公司,字节跳动,2000人以上,C轮,海淀区,Python 研发工程师,3-5年,本科,25k-45k,六险一金，高薪期权，弹性工作，免费三餐，租房补贴，带薪休假，扁平管理，职业大牛，晋升空间
北京音未文化传媒有限责任公司,V.FINE MUSIC,50-150人,A轮,朝阳区,python后端,3-5年,本科,25k-50k,产品类型大而少见。挑战性强。
银客未来科技（北京）有限公司,INK 银客集团,500-2000人,C轮,海淀区,python开发工程师,5-10年,大专,20k-30k,"七险一金,绩效奖金"
小小黛朵（北京）科技有限公司,花生米富,150-500人,B轮,海淀区,python工程师,3-5年,大专,16k-20k,九险一金
上海基分文化传播有限公司,趣头条,500-2000人,上市公司,海淀区,golang/python高级工程师,3-5年,本科,25k-45k,福利待遇好
北京智合大方科技有限公司,客知音,15-50人,A轮,东城区,Python（语音智能）,1年以下,本科,20k-40k,人工智能；技术驱动；大牛带队；福利多多
赤子城网络技术（北京）有限公司,赤子城,150-500人,D轮及以上,朝阳区,中高级Python开发工程师（广告方向）,3-5年,本科,20k-30k,"七险一金,8天年假,团队氛围好,学习空间大"
北京数美时代科技有限公司,数美,150-500人,B轮,朝阳区,python研发工程师,1年以下,硕士,15k-30k,"飞速发展,技术氛围浓,待遇好,发展快"
北京小龙虾科技有限公司,聚宽 JoinQuant,50-150人,B轮,朝阳区,python研发工程师,1-3年,本科,20k-25k,"扁平化管理,免费中午餐,下午茶零食,六险一金"
北京优虎商务服务有限公司,老虎集团,150-500人,C轮,朝阳区,Python开发工程师,1-3年,本科,20k-40k,"六险一金,超多假期"
北京旷视科技有限公司,Face++,500-2000人,C轮,海淀区,Python工程师,1-3年,本科,20k-40k,"技术驱动,极客氛围,大牛团队"
上海基分文化传播有限公司,趣头条,500-2000人,上市公司,海淀区,Python开发,3-5年,本科,20k-40k,"六险一金,年假,上市公司,大平台"
北京微光果壳科技有限公司,微壳,150-500人,不需要融资,海淀区,【Python资深研发工程师】,3-5年,本科,30k-40k,Geek、六险一金、16薪、弹性工作
北京智融时代信息技术有限公司,智融集团,150-500人,C轮,海淀区,高级Python开发工程师,3-5年,本科,25k-40k,"优秀团队,工场项目,六险一金,金融科技"
北京三快在线科技有限公司,美团点评,2000人以上,D轮及以上,朝阳区,服务端高级开发工程师Golang/Python,3-5年,本科,35k-45k,"优厚待遇,技术导向"
小小黛朵（北京）科技有限公司,花生米富,150-500人,B轮,海淀区,python高级工程师,5-10年,本科,25k-30k,"团队氛围好,高速发展,福利多多"
北京智者天下科技有限公司,知乎,500-2000人,D轮及以上,海淀区,资深Python开发,5-10年,本科,30k-45k,"三餐,健身房,mac"
北京融联世纪信息技术有限公司,融360,500-2000人,D轮及以上,海淀区,Python研发工程师,5-10年,本科,20k-40k,"优质团队,福利待遇"
混沌时代（北京）教育科技有限公司,混沌大学,150-500人,不需要融资,海淀区,python后台工程师,3-5年,本科,20k-40k,"弹性工作,六险一金,学习氛围,绩效奖金"
北京凌云雀科技有限公司,灵雀云,150-500人,B轮,海淀区,Python,不限,本科,13k-25k,"前沿科技,靠谱团队,工程师文化,H1B计划"
北京墨迹风云科技股份有限公司,墨迹天气,150-500人,不需要融资,朝阳区,Python开发工程师,3-5年,本科,15k-25k,"5亿用户,六险一金"
北京春雨天下软件有限公司,春雨医生,150-500人,C轮,海淀区,Python,3-5年,本科,20k-40k,有挑战，自主加薪，技术氛围好
北京高域海汇科技有限公司,高域海汇,50-150人,不需要融资,朝阳区,Python开发工程师,1-3年,本科,12k-20k,"核心业务,行业大牛,弹性作息,超多福利"
北京信链科技有限公司,信链科技,150-500人,A轮,朝阳区,python开发工程师,1-3年,大专,10k-20k,"风口行业,靠谱团队,发展空间，丰厚福利"
紫梧桐（北京）资产管理有限公司,蛋壳公寓,2000人以上,B轮,东城区,Python开发工程师,5-10年,本科,20k-40k,技术大牛团
北京智者天下科技有限公司,知乎,500-2000人,D轮及以上,海淀区,Python 开发工程师,1-3年,本科,18k-36k,"弹性工时,一日三餐"
北京陌陌科技有限公司,陌陌,500-2000人,上市公司,朝阳区,Python开发工程师（反Spam方向）,1-3年,本科,15k-30k,"技术氛围好,核心业务"
北京慕华信息科技有限公司,学堂在线,150-500人,B轮,海淀区,Python开发工程师,3-5年,本科,15k-25k,股票期权，五险一金，交补餐补，零食水果
视觉（中国）文化发展股份有限公司北京分公司,视觉中国,150-500人,上市公司,朝阳区,python开发工程师,3-5年,本科,15k-25k,"上市公司,六险一金,带薪年假,绩效奖金"
北京粉笔蓝天科技有限公司,粉笔网,150-500人,不需要融资,朝阳区,Python开发工程师,1-3年,本科,25k-40k,"技术大牛多,福利待遇好"
北京福易得信息技术有限公司,福易得,150-500人,未融资,朝阳区,高级python开发工程师,3-5年,本科,30k-60k,15薪 每年两次晋升调薪机会
北京天融信网络安全,北京天融信公司,2000人以上,上市公司,海淀区,python开发工程师,1-3年,本科,10k-15k,"七险一金,年终奖,带薪年假,带薪病假"
北京字节跳动科技有限公司,字节跳动,2000人以上,C轮,海淀区,Python开发工程师（商业变现校招）,应届毕业生,本科,20k-26k,六险一金，高薪期权，弹性工作，免费三餐
人人贷商务顾问（北京）有限公司,人人贷,2000人以上,A轮,海淀区,Python开发高级工程师,3-5年,本科,30k-60k,"五险一金,节假日礼金,竞争力薪酬"
上海淇毓信息科技有限公司,奇虎360金融,500-2000人,未融资,朝阳区,服务端Python工程师-北京,3-5年,不限,20k-40k,优秀团队 优秀项目
北京小龙虾科技有限公司,聚宽 JoinQuant,50-150人,B轮,朝阳区,python工程师,不限,本科,15k-25k,"免费中晚餐,下午茶,六险一金,扁平化管理"
上海基分文化传播有限公司,趣头条,500-2000人,上市公司,海淀区,python开发工程师,5-10年,本科,20k-40k,"五险一金,补充医疗,带薪年假,上市公司"
京东商城-技术研发体系-大数据部,京东商城研发部,2000人以上,上市公司,大兴区,Python,5-10年,本科,30k-50k,"行业前沿,部门直招,核心加班,核心团队"
北京爱选信息科技有限公司,爱选科技,少于15人,天使轮,朝阳区,Python开发工程师,3-5年,本科,15k-25k,"金融科技类,公司氛围好"
智线云科技（北京）有限公司,ZingFront智线,50-150人,A轮,朝阳区,高级Python工程师,3-5年,本科,15k-25k,"带薪年假,福利多,办公环境好,团队氛围好"
北京字节跳动科技有限公司,字节跳动,2000人以上,C轮,海淀区,python开发工程师,1-3年,本科,20k-40k,六险一金，高薪期权，弹性工作，免费三餐
迪原创新（北京）科技有限公司南京分公司,Dilato,150-500人,未融资,海淀区,Python开发,3-5年,本科,13k-20k,六险一金 弹性工作 过节福利 弹性工作制
深圳市金证科技股份有限公司,金证股份,2000人以上,上市公司,西城区,Python 开发工程师,3-5年,本科,15k-17k,"金融央企,五险一金"
北京智者天下科技有限公司,知乎,500-2000人,D轮及以上,海淀区,Python开发,1-3年,本科,20k-40k,"三餐,健身房,mac"
创新奇智（北京）科技有限公司,创新奇智,150-500人,天使轮,海淀区,高级Python开发工程师,3-5年,本科,22k-32k,弹性工作不打卡-私人时间不加班-有钱任性
武汉平安中信置业有限公司,武汉平安中信置业有限公司,150-500人,不需要融资,海淀区,python开发工程师,5-10年,本科,20k-40k,技术大牛聚集地
北京完美创意科技有限公司,更美APP,150-500人,D轮及以上,朝阳区,高级Python开发工程师,3-5年,本科,25k-45k,"弹性工时,出国游,扁平化团队,带薪年假"
北京慕华信息科技有限公司,学堂在线,150-500人,B轮,海淀区,Python工程师,5-10年,硕士,25k-40k,"五险一金,交通补,免费早餐,定期体检"
北京旷视科技有限公司,Face++,500-2000人,C轮,海淀区,Python后端工程师,3-5年,本科,25k-50k,大牛多
智线云科技（北京）有限公司,ZingFront智线,50-150人,A轮,朝阳区,Python 中级工程师,3-5年,本科,15k-25k,带薪年假+福利多+办公环境好+氛围自由开放
北京自造星球科技有限公司,牛顿Newton,50-150人,不需要融资,朝阳区,高级Python研发工程师,3-5年,本科,15k-30k,"区块链,高成长"
北京天融信网络安全,北京天融信公司,2000人以上,上市公司,海淀区,python开发工程师(J10126),1-3年,不限,10k-15k,七险一金
北京奇安信科技有限公司,360企业安全,2000人以上,不需要融资,朝阳区,python开发工程师,3-5年,本科,15k-30k,"知名大厂,技术氛围浓,技术大牛多,成长快"
北京宏链科技有限公司,宏链科技,50-150人,不需要融资,海淀区,Python高级开发工程师,3-5年,本科,18k-36k,"团队技术强,发展空间大,人工智能"
炫一下（北京）科技有限公司,一下科技,500-2000人,D轮及以上,朝阳区,Python研发工程师,3-5年,本科,35k-55k,"硕士最好,不加班,18薪,有期权"
迪原创新（北京）科技有限公司南京分公司,Dilato,150-500人,未融资,海淀区,python开发,3-5年,本科,13k-18k,六险一金双休无加班500强企业技术大咖
北京刷刷看网络科技有限公司,刷刷看,150-500人,A轮,朝阳区,Python工程师,1-3年,本科,15k-30k,"地铁周边,移动社交,牛人大咖多,新兴行业"
北京中谷金科信息技术有限公司,中谷金科,50-150人,B轮,通州区,高级python工程师,5-10年,本科,18k-25k,"晋升快,人工智能,量化开发,五险一金"
北京小龙虾科技有限公司,聚宽 JoinQuant,50-150人,B轮,朝阳区,Python,3-5年,本科,40k-60k,"免费中晚餐,下午茶,六险一金,扁平化管理"
北京链上科技有限责任公司,链上科技,50-150人,A轮,海淀区,高级Python研发工程师,3-5年,本科,20k-35k,基础14薪 六险一金 免费健身
高德软件有限公司,阿里巴巴-高德,2000人以上,上市公司,朝阳区,python高级工程师/开发专家,3-5年,本科,25k-50k,发展空间大
北京车之家信息技术有限公司,汽车之家,2000人以上,上市公司,海淀区,Python开发工程师,3-5年,本科,15k-25k,平台好，发展空间大
北京南天软件有限公司,南软,500-2000人,上市公司,海淀区,Python开发工程师,3-5年,本科,10k-18k,"五险一金,年终奖金,带薪年假,交补话补"
智线云科技（北京）有限公司,ZingFront智线,50-150人,A轮,朝阳区,高级Java/PHP/Python工程师,3-5年,本科,15k-30k,"带薪年假,福利多,办公环境好,氛围自由"
赤子城网络技术（北京）有限公司,赤子城,150-500人,D轮及以上,朝阳区,python开发,3-5年,本科,18k-28k,七险一金，绩效奖金
北京慕华信息科技有限公司,学堂在线,150-500人,B轮,海淀区,Python工程师,3-5年,本科,15k-25k,"五险一金,绩效奖金,免费早餐,交补餐补"
北京春雨天下软件有限公司,春雨医生,150-500人,C轮,海淀区,python,不限,本科,18k-36k,"弹性工作制,技术氛围好,感谢基金,精英团队"
上海微创软件股份有限公司北京分公司,微创,2000人以上,不需要融资,海淀区,Python工程师-赴微软小冰,1-3年,本科,8k-10k,"六险一金,带薪年假,节日福利,弹性工作"
北京智者天下科技有限公司,知乎,500-2000人,D轮及以上,海淀区,Python 开发工程师,1-3年,本科,18k-36k,"一日三餐,免费健身,弹性工时"
前信（上海）科技有限公司,前信科技,15-50人,不需要融资,朝阳区,python开发工程师,3-5年,本科,30k-50k,福利好 环境氛围好 老板好
北京车之家信息技术有限公司,汽车之家,2000人以上,上市公司,海淀区,python工程师,3-5年,本科,15k-25k,"平台好,发展空间大"
上海微创软件股份有限公司北京分公司,微创,2000人以上,不需要融资,海淀区,python开发工程师-赴微软,1-3年,本科,10k-15k,"带薪年假,六险一金,年终奖金,弹性工作"
小船出海教育科技（北京）有限公司,作业帮,2000人以上,C轮,海淀区,python开发工程师,1-3年,本科,15k-30k,"行业领先者,深入业务,技术大牛"
北京汉迪移动互联网科技股份有限公司,iHandy,150-500人,不需要融资,海淀区,Python架构师,5-10年,本科,35k-60k,"硅谷范办公,六险一金,水果零食,团队氛围佳"
北京云英传奇技术有限公司,CloudIn,50-150人,A轮,朝阳区,python工程师,1-3年,本科,16k-30k,大牛带队 快速成长
北京缔联科技有限公司,缔联科技,50-150人,B轮,海淀区,Python开发工程师,3-5年,本科,10k-20k,"周末双休,法定节假日,六险一金,年底双薪"
虎特信息科技（上海）有限公司,虎特信息北京办事处,15-50人,天使轮,海淀区,Python研发工程师/高级研发工程师,3-5年,本科,15k-25k,七险一金 扁平管理 发展空间大
北京棕榈创想科技有限公司,PALMAX,50-150人,A轮,海淀区,Python开发工程师,3-5年,本科,15k-25k,"14薪,技术新,大牛多,年度体检"
便利蜂商贸有限公司,便利蜂,2000人以上,不需要融资,朝阳区,python工程师(J11548),3-5年,本科,25k-40k,五险一金
无锡信成网络科技有限公司,黑牛保,15-50人,A轮,大兴区,python开发工程师,5-10年,本科,15k-20k,"五险一金,周末双休,节日福利,员工旅游"
北京旷视科技有限公司,Face++,500-2000人,C轮,海淀区,python高级后端工程师,5-10年,本科,25k-50k,核心团队
联想（北京）有限公司,联想集团,2000人以上,上市公司,海淀区,Python 开发,1-3年,本科,10k-15k,稳定
京东金融,京东金融,2000人以上,上市公司,大兴区,Python开发工程师（算法方向）,1-3年,硕士,20k-40k,班车；餐补
北京步鼎方舟科技有限公司,微车,150-500人,C轮,海淀区,Python高级数据工程师,3-5年,本科,20k-30k,"五险一金,一日三餐,带薪年假,定期体检"
北京市商汤科技开发有限公司,商汤科技,2000人以上,C轮,海淀区,算法开发工程师（Python）,1-3年,本科,20k-40k,"AI独角兽,公司前景好"
上海微创软件股份有限公司北京分公司,微创,2000人以上,不需要融资,海淀区,Python开发工程师-赴微软,3-5年,本科,10k-18k,外企环境，技术氛围浓，六险一金，
北京优虎商务服务有限公司,老虎集团,150-500人,C轮,朝阳区,Python开发工程师,1-3年,本科,20k-35k,"六险一金,绩效奖金,发展空间大,股票期权"
北京众安天下科技有限公司,众安天下 allsec,15-50人,天使轮,海淀区,Python开发工程师,3-5年,本科,20k-30k,"五险一金,带薪年假,免费体检,零食管饱"
颐月信息技术（北京）有限公司,BABEL 贝宝,15-50人,A轮,朝阳区,python开发工程师,1-3年,本科,15k-25k,"技术挑战,发展空间,扁平化"
混沌时代（北京）教育科技有限公司,混沌大学,150-500人,不需要融资,海淀区,python后台工程师,1-3年,本科,15k-25k,"五险一金,补充医疗,定期体检,弹性工作"
北京雷石世纪科技有限公司,北京雷石公司,150-500人,B轮,朝阳区,Python工程师,1-3年,大专,10k-20k,"补充医疗险,弹性工作制"
北京仁信智清科技有限公司,智清金科,15-50人,A轮,海淀区,Python,不限,本科,20k-35k,"领导好,大牛云集,薪资待遇,职业发展"
北京博美科技有限公司,博美科技,150-500人,未融资,朝阳区,python开发工程师,3-5年,不限,40k-80k,弹性工作；保底15薪，择优给到原始期权
杭州飞致云信息科技有限公司,FIT2CLOUD,50-150人,不需要融资,朝阳区,python工程师,5-10年,本科,20k-30k,项目发展非常好，一起改变世界
甘肃众达制冷设备工程有限公司,众达制冷,2000人以上,B轮,海淀区,高级 Python 开发工程师,5-10年,本科,30k-50k,全球下载量最大的移动应用开发商之一
京东金融,京东金融,2000人以上,上市公司,大兴区,高级Python开发工程师,5-10年,本科,20k-40k,"班车,餐补"
北京智者天下科技有限公司,知乎,500-2000人,D轮及以上,海淀区,Python 3 开发 (MJ000552),1-3年,本科,20k-35k,"三餐,健身房,mac"
上海一起作业信息科技有限公司,一起科技,500-2000人,D轮及以上,朝阳区,后台开发工程师Java/Python(中学业务),3-5年,本科,20k-40k,福利待遇好，有发展空间
北京小龙虾科技有限公司,聚宽 JoinQuant,50-150人,B轮,朝阳区,python工程师,不限,本科,20k-35k,"免费中晚餐,下午茶,六险一金,扁平化管理"
信永中和会计师事务所（特殊普通合伙）,信永中和,2000人以上,不需要融资,东城区,Python开发工程师,3-5年,本科,15k-25k,"环境好,不加班,大公司"
上海微创软件股份有限公司北京分公司,微创,2000人以上,不需要融资,海淀区,Python开发（赴百度）,不限,本科,10k-14k,"大平台,六险一金,带薪年假,弹性上班制"
北京云英传奇技术有限公司,CloudIn,50-150人,A轮,朝阳区,Python研发工程师,5-10年,本科,20k-40k,"技术大咖,公司氛围好,项目奖金"
乐飞天下信息技术(北京)有限公司,乐飞天下,50-150人,未融资,朝阳区,python研发工程师,应届毕业生,本科,8k-12k,大数据；高并发；五险一金；技术培训；
北京五八到家信息技术有限公司,58到家,50-150人,天使轮,朝阳区,python工程师,不限,本科,40k-50k,"平台大,氛围好,不打卡,下午茶"
北京智者天下科技有限公司,知乎,500-2000人,D轮及以上,海淀区,Python 开发工程师,1-3年,本科,18k-36k,健康三餐 免费健身游泳 大牛团队
互影科技（北京）有限公司,互影科技,15-50人,不需要融资,朝阳区,Python开发工程师,5-10年,本科,15k-20k,"顶尖风投,快速爆发期,成长氛围好,年底双薪"
东吴（苏州）金融科技有限公司,东吴在线,50-150人,不需要融资,朝阳区,python量化开发工程师,不限,本科,12k-20k,"高频策略,自研自用,接触策略,券商系"
北京字节跳动科技有限公司,字节跳动,2000人以上,C轮,海淀区,Python开发工程师-变现业务,1-3年,本科,25k-40k,六险一金，弹性工作，免费三餐，租房补贴，带薪休假，休闲下午茶，扁平管理，健身瑜伽，过亿用户，职业大牛，晋升空间，团队氛围好，优厚薪资
北京猎户星空科技有限公司,猎户星空,500-2000人,A轮,朝阳区,Python开发工程师,3-5年,本科,18k-35k,牛人云集，优质福利
北京京东世纪贸易有限公司,京东集团,2000人以上,上市公司,朝阳区,Python高级工程师,3-5年,本科,25k-45k,弹性工作制
北京旷视科技有限公司,Face++,500-2000人,C轮,海淀区,高级Python后端工程师,3-5年,本科,25k-50k,大牛多
北京慕华信息科技有限公司,学堂在线,150-500人,B轮,海淀区,系统开发工程师（Python）,3-5年,本科,20k-35k,"五险一金,餐补,生日会,优秀团队"
北京数美时代科技有限公司,数美,150-500人,B轮,朝阳区,python研发工程师,1-3年,本科,15k-30k,"飞速发展,发展快,海量数据"
图玛深维医疗科技（北京）有限公司,图玛深维,150-500人,B轮,朝阳区,高级python工程师,5-10年,本科,25k-35k,超长带薪年假 五险一金 地铁周边
生命奇点（北京）科技有限公司,生命奇点,50-150人,A轮,海淀区,大数据平台开发工程师 Java/Python,应届毕业生,本科,10k-20k,"发展空间大,项目前景好,团队氛围好,技术导向"
北京字节跳动科技有限公司,字节跳动,2000人以上,C轮,海淀区,高级python工程师,3-5年,本科,30k-60k,六险一金，高薪期权，弹性工作，免费三餐，租房补贴，休闲下午茶，扁平管理，团队氛围好，优厚薪资
上海一起作业信息科技有限公司,一起科技,500-2000人,D轮及以上,朝阳区,Python高级研发工程师(技术),不限,不限,15k-30k,"绩效奖金,带薪年假"
北京市鑫海威信息中心,鑫海威,15-50人,不需要融资,石景山区,python开发工程师,1-3年,硕士,15k-16k,平台高 前景好
北京聚微合智信息技术有限公司,聚微,50-150人,不需要融资,海淀区,Java/Python,1年以下,大专,9k-18k,"新蓝海,牛人带队,发展空间大,扁平化管理"
北京下厨房科技有限公司,下厨房,50-150人,B轮,海淀区,Python开发工程师,1-3年,本科,15k-25k,"带薪年假多,免费午餐,弹性工作制,工作氛围佳"
北京云端智度科技有限公司,云端智度,15-50人,A轮,朝阳区,Python研发工程师,1-3年,大专,10k-20k,五险一金 餐补 通讯补贴 弹性工作
北京瑞莱智慧科技有限公司,RealAI,少于15人,天使轮,海淀区,资深Python工程师,不限,本科,20k-40k,"大牛带队,扁平化管理,弹性工作,高日薪"
北京格灵深瞳信息技术有限公司,格灵深瞳,150-500人,C轮,海淀区,Python高级开发工程师&nbsp;,3-5年,本科,15k-30k,"扁平化管理,不定期团建"
北京完美创意科技有限公司,更美APP,150-500人,D轮及以上,朝阳区,Python高级研发工程师,3-5年,本科,25k-45k,"弹性时间,技术大牛,年度旅游,福利齐全"
鲨鱼快游网络技术（北京）有限公司,鲨鱼记账,15-50人,天使轮,海淀区,python开发工程师,1-3年,本科,14k-28k,午餐补贴，年假福利，团建福利，零食福利
北京融联世纪信息技术有限公司,融360,500-2000人,D轮及以上,海淀区,Python研发负责人,3-5年,本科,30k-55k,六险一金、股票期权、带薪年假、发展平台
唐山正信制冷设备维修有限公司,正信,50-150人,未融资,东城区,Python技术经理,5-10年,本科,30k-50k,弹性制
北京奥鹏远程教育中心有限公司,慕课网,50-150人,不需要融资,海淀区,Python助教,1-3年,本科,6k-8k,"空间无限大,领导好,团队优秀,团队氛围好"
北京优虎商务服务有限公司,老虎集团,150-500人,C轮,朝阳区,python开发工程师,1-3年,本科,20k-40k,"加班少,福利好"
北京雷石世纪科技有限公司,北京雷石公司,150-500人,B轮,朝阳区,Python工程师,3-5年,本科,15k-30k,"五险一金,带薪年假,领导赞,补充医疗"
上海一起作业信息科技有限公司,一起科技,500-2000人,D轮及以上,朝阳区,python高级开发工程师（技术）,3-5年,本科,25k-50k,"独角兽,待遇好,工作环境好"
北京涵德投资管理有限公司,涵德投资,15-50人,未融资,海淀区,Python开发工程师,不限,本科,10k-15k,公司发展快
北京智者天下科技有限公司,知乎,500-2000人,D轮及以上,海淀区,Python开发工程师,3-5年,本科,15k-30k,薪资优厚、氛围宽松、每日三餐、六险一金
北京汉迪移动互联网科技股份有限公司,iHandy,150-500人,不需要融资,海淀区,Python开发实习生,应届毕业生,本科,5k-8k,"有大牛,有美女,有零食,有健身"
北京智通博瑞科技发展有限公司,智通博瑞,50-150人,不需要融资,海淀区,python开发工程师,3-5年,本科,17k-25k,五险一金；定期体检；定期团建；全勤奖
深圳市麦达数字股份有限公司,麦达数字,500-2000人,上市公司,朝阳区,PYTHON研发工程师,3-5年,本科,25k-35k,"上市公司,五险一金,薪酬福利好,发展空间大"
北京棣南新宇科技有限公司,棣南新宇,50-150人,不需要融资,海淀区,Python高级开发工程师,3-5年,本科,15k-20k,"创造,实实在在,价值"
北京五八到家信息技术有限公司,58到家,50-150人,天使轮,朝阳区,运维开发（Python方向）,3-5年,本科,20k-40k,核心团队，核心岗位，业务发展好
北京贝斯平云科技有限公司,Bespin,150-500人,B轮,朝阳区,Python开发工程师—CI/CD方向,3-5年,本科,15k-30k,"发展空间大,五险一金,带薪年假,创业公司"
北京大米未来科技有限公司,VIPKID,2000人以上,D轮及以上,朝阳区,Python开发工程师,3-5年,本科,18k-35k,"住房补贴,优厚待遇,福利多,专属班车"
北京石云科技有限公司,石云科技,50-150人,不需要融资,海淀区,Python,应届毕业生,本科,10k-20k,"蓝海市场,金融科技,大牛带队,奖金高"
小叶子（北京）科技有限公司,The ONE,500-2000人,C轮,朝阳区,Python开发工程师,3-5年,本科,20k-30k,"五险一金,交通补助,午晚餐"
北京量子金服网络科技有限公司,量子金服,50-150人,B轮,朝阳区,Python金融数据开发（2019应届）,应届毕业生,硕士,15k-20k,六险一金 下午茶 团建
图玛深维医疗科技（北京）有限公司,图玛深维,150-500人,B轮,朝阳区,python工程师,3-5年,本科,10k-20k,超长带薪年假 五险一金 地铁周边
乐飞天下信息技术(北京)有限公司,乐飞天下,50-150人,未融资,朝阳区,python高级研发工程师,5-10年,大专,20k-35k,"绩效奖金,员工旅游,带薪年假,股票期权"
北京博美科技有限公司,博美科技,150-500人,未融资,朝阳区,python开发工程师,1-3年,本科,25k-50k,高薪资、期权、发展空间大
北京第三石科技发展有限公司,第三石科技,50-150人,B轮,朝阳区,高级Python开发工程师,5-10年,本科,25k-40k,"前沿技术,弹性工作,丰富下午茶"
创新奇智（北京）科技有限公司,创新奇智,150-500人,天使轮,海淀区,高级python开发工程师,3-5年,本科,20k-40k,"发展空间大,优质团队"
绫致时装（天津）有限公司,绫致时装（天津）有限公司,2000人以上,不需要融资,朝阳区,高级零售系统工程师 （Python工程师）,5-10年,本科,15k-20k,"大平台,新零售系统"
北京金风科创风电设备有限公司,金风科技,2000人以上,上市公司,大兴区,Python 开发工程师,3-5年,本科,18k-35k,"五险一金,节日福利,餐补,带薪年假"
北京一览科技有限公司,一览科技,150-500人,B轮,朝阳区,python开发工程师,3-5年,本科,20k-40k,福利优厚
深圳市金证科技股份有限公司,金证股份,2000人以上,上市公司,朝阳区,python开发,3-5年,大专,10k-20k,"上市公司,福利多多,项目大,五险一金"
北京慕华信息科技有限公司,学堂在线,150-500人,B轮,海淀区,Python工程师,3-5年,本科,15k-25k,来吧，与技术大牛过招吧！
北京微光果壳科技有限公司,微壳,150-500人,不需要融资,朝阳区,Python/Golang开发工程师,3-5年,本科,25k-40k,"Geek,16薪,海外旅游,六险一金"
京东金融,京东金融,2000人以上,上市公司,大兴区,高级Python开发工程师,5-10年,本科,20k-40k,"班车,餐补"
北京多贝兄弟信息技术有限公司,多贝网,50-150人,上市公司,海淀区,python开发,应届毕业生,本科,10k-20k,"六险一金,免费午餐,极客氛围,薪资高"
北京优虎商务服务有限公司,老虎集团,150-500人,C轮,朝阳区,python开发工程师,3-5年,本科,20k-35k,面议
北京泽天创新商贸有限公司,泽天创新,50-150人,A轮,海淀区,python,3-5年,本科,30k-60k,五险一金，晋升机会多
北京通力互联技术服务有限公司,通力互联,2000人以上,不需要融资,海淀区,Python开发,3-5年,大专,9k-18k,"周末双休,团建活动"
中视科华有限公司北京技术服务分公司,中视科华北京技术服务分公司,500-2000人,不需要融资,海淀区,Python工程师,3-5年,本科,10k-18k,"人工智能,AI,平台广阔,软件开发"
创新奇智（北京）科技有限公司,创新奇智,150-500人,天使轮,海淀区,python开发工程师,3-5年,本科,15k-30k,"免费零食,免费午餐,七险一金,不打卡"
深圳市金证科技股份有限公司,金证股份,2000人以上,上市公司,朝阳区,python开发,3-5年,大专,10k-15k,"上市公司,项目大,福利多多,周末双休"
北京字节跳动科技有限公司,字节跳动,2000人以上,C轮,海淀区,高级python研发工程师,1-3年,本科,20k-40k,"六险一金,高薪期权,弹性工作,租房补贴"
北京聚微合智信息技术有限公司,聚微,50-150人,不需要融资,,Python,1-3年,大专,12k-24k,弹性工作制，领导好，有前景，有奖金
互动峰科技(北京)有限公司,好大夫在线,500-2000人,D轮及以上,朝阳区,Python工程师,不限,本科,18k-35k,"大公司,大平台,机会多,六险一金"
北京思维造物信息科技有限公司,罗辑思维,150-500人,D轮及以上,朝阳区,Python开发工程师,3-5年,本科,25k-50k,"大咖云集,技术氛围好"
veritas.com,veritas.com,2000人以上,不需要融资,海淀区,（高级）软件工程师-Python/Java,3-5年,本科,20k-35k,外企氛围，行业Leader，技术水平突出
微梦创科网络科技（中国）有限公司,新浪微博,2000人以上,上市公司,海淀区,python中高端开发工程师,1-3年,本科,20k-40k,"产品重要,成长快,挑战多"
北京搜狐新媒体信息技术有限公司,搜狐集团,2000人以上,上市公司,海淀区,狐友Python开发工程师,1-3年,本科,15k-25k,大平台、团队优秀、发展空间大
北京刷刷看网络科技有限公司,北京刷刷看网络科技有限公司,50-150人,未融资,朝阳区,python开发工程师,1-3年,本科,20k-35k,地铁周边全新项目牛人大咖多扁平化管理
北京多贝兄弟信息技术有限公司,多贝网,50-150人,上市公司,海淀区,python开发,应届毕业生,本科,10k-20k,"六险一金,免费午餐,不打卡,纯技术团队"
北京步鼎方舟科技有限公司,微车,150-500人,C轮,海淀区,Python架构师,5-10年,本科,30k-60k,带薪年假、五险一金、一日三餐、定期体检
北京摩尔妈咪网络科技有限公司,摩尔妈妈,15-50人,A轮,朝阳区,python开发实习生,应届毕业生,本科,3k-6k,"提供转正,实习证明,注重成长,免费 午餐"
北京微步在线科技有限公司,微步在线,50-150人,B轮,海淀区,python开发工程师,3-5年,本科,15k-25k,"技术培训,绩效奖金"
北京思特奇信息技术股份有限公司 四川分支,思特奇Si-tech,2000人以上,不需要融资,顺义区,python开发工程师,3-5年,大专,7k-14k,五险一金
北京思特奇信息技术股份有限公司 四川分支,思特奇Si-tech,2000人以上,不需要融资,顺义区,python开发工程师,3-5年,大专,7k-14k,五险一金
北京奇安信科技有限公司,360企业安全,2000人以上,不需要融资,朝阳区,python开发工程师,3-5年,本科,14k-26k,带薪年假 五险一金
北京流体网络科技有限公司,流体网络,50-150人,B轮,朝阳区,Python开发工程师,3-5年,本科,15k-30k,双休 五险一金 季度奖金 年终奖金
一点网聚科技有限公司,一点资讯,500-2000人,D轮及以上,朝阳区,Python开发工程师,1-3年,本科,20k-40k,"弹性工作,发展空间大,千万级用户,行业独"
北京中公教育科技股份有限公司,中公教育,2000人以上,未融资,海淀区,Python讲师,3-5年,本科,20k-30k,"五险一金,补助"
北京八维研修学院,北京八维研修学院,2000人以上,未融资,海淀区,Python教学研发经理,3-5年,大专,18k-35k,"五险一金,带薪年假"
北京聚微合智信息技术有限公司,聚微,50-150人,不需要融资,海淀区,Python工程师,1-3年,大专,8k-16k,弹性工作制，领导好，有前景，有奖金
路书（北京）科技有限公司,路书,50-150人,A轮,朝阳区,高级python研发工程师,5-10年,本科,25k-40k,"优秀团队,高颜值产品,年度旅游,扁平化管理"
中科边缘智慧信息科技（苏州）有限公司,中科边缘智慧,50-150人,A轮,海淀区,python,1-3年,本科,16k-25k,五险一金、每年体检、节日福利、年终奖等
北京乐信圣文科技有限责任公司,乐信圣文,50-150人,B轮,海淀区,python开发实习,1年以下,本科,4k-8k,"免费三餐,年终奖,周末双休,六险一金"
北京智胜新格科技有限公司,北京智胜新格科技有限公司,50-150人,不需要融资,海淀区,Python开发,1-3年,本科,15k-30k,"六险一金,硅谷式办公,绩效奖金,按摩椅"
宁波艾莫投资管理有限公司,IMO,150-500人,不需要融资,朝阳区,python开发工程师,1-3年,本科,20k-40k,团队背景强大；优质项目；五险一金；
北京超盟数据科技有限公司,超盟数据,50-150人,A轮,朝阳区,Python开发工程师(算法平台方向),3-5年,本科,20k-40k,人工智能，技术氛围浓，六险一金，周末双休
北京智者天下科技有限公司,知乎,500-2000人,D轮及以上,海淀区,Python平台开发工程师,不限,本科,22k-35k,"三餐,健身房,mac"
星辰天合（北京）数据科技有限公司,XSKY,150-500人,C轮,海淀区,存储应用开发工程师-Java/GO/Python,3-5年,本科,18k-35k,"完善福利,人性化管理,扁平化管理"
北京融联世纪信息技术有限公司,融360,500-2000人,D轮及以上,海淀区,python研发架构师,5-10年,本科,30k-45k,"周末双休,节日福利,五险一金,股票期权"
北京大数医达科技有限公司,大数医达,15-50人,B轮,海淀区,大数据开发（Python）工程师,3-5年,本科,20k-35k,股票期权 年终奖
柔持（北京）科技有限公司,柔持英语,150-500人,B轮,朝阳区,Python开发工程师,3-5年,本科,20k-40k,"五险一金,pytho"
北京快乐茄信息技术有限公司,茄子快传,150-500人,B轮,海淀区,python开发工程师,1-3年,本科,15k-30k,"行业独角兽,团队大牛多,薪资福利好"
北京罗威亚科技有限公司,罗威亚科技,15-50人,天使轮,大兴区,python攻城狮,1-3年,本科,9k-15k,"平台好,技术新,大牛带,团队棒"
三只肥猴（北京）信息技术有限公司,三只肥猴,少于15人,未融资,海淀区,Python工程师,1-3年,本科,7k-10k,"前沿技术,团队融洽,带薪假期,上升空间大"
北京森特时代科技有限公司,森特时代,少于15人,未融资,东城区,python工程师,1-3年,本科,10k-15k,"初创公司,岗位晋升,福利好,前沿项目"
百融金融信息服务股份有限公司,百融金服,500-2000人,C轮,海淀区,高级python开发工程师,3-5年,本科,20k-30k,六险一金
北京贝斯平云科技有限公司,Bespin,150-500人,B轮,朝阳区,高级Python开发工程师—监控方向,3-5年,本科,20k-40k,"创业公司,补充医疗,五险一金,带薪休假"
北京易越信息技术有限公司,易越,15-50人,A轮,朝阳区,Python高级开发工程师,5-10年,本科,20k-35k,发展潜力大，公司期权
便利蜂商贸有限公司,便利蜂,2000人以上,不需要融资,朝阳区,Python开发工程师(J11761),1-3年,本科,10k-15k,机会众多
智线云科技（北京）有限公司,ZingFront智线,50-150人,A轮,朝阳区,Python中级工程师,3-5年,本科,15k-25k,"六险一金,晋升空间大,超长年假,团队氛围好"
溪流科技（北京）有限公司,溪流科技,15-50人,未融资,朝阳区,Python开发工程师,3-5年,本科,12k-24k,"成长空间大,团队文化好,六险一金,周末双休"
北京流体网络科技有限公司,流体网络,50-150人,B轮,朝阳区,Python开发工程师,应届毕业生,本科,15k-30k,"双休,季度奖金,五险一金,氛围好"
北京金色华勤数据服务有限公司,金色华勤,50-150人,上市公司,大兴区,Python开发工程师,不限,本科,10k-15k,"五险一金,带薪年假,上市公司,可培养"
昆仑智汇数据科技（北京）有限公司,K2DATA,50-150人,B轮,海淀区,软件开发工程师（Python）,3-5年,本科,15k-30k,行业大牛
北京智融时代信息技术有限公司,智融集团,150-500人,C轮,海淀区,高级Python开发工程师,3-5年,本科,25k-45k,"优秀团队,科技金融,六险一金,工作居住证"
达内时代科技集团有限公司,达内集团,2000人以上,上市公司,海淀区,Python讲师,3-5年,本科,18k-30k,"股票期权,上市公司,良好的成长,五险一金"
北京七彩焕腾科技有限公司,七彩焕腾,150-500人,B轮,朝阳区,高级python开发工程师,5-10年,本科,25k-35k,bat
虎特信息科技（上海）有限公司,虎特信息北京办事处,15-50人,天使轮,海淀区,Python架构师/高级研发工程师,3-5年,本科,22k-32k,七险一金 扁平管理 发展空间大
赤子城网络技术（北京）有限公司,赤子城,150-500人,D轮及以上,朝阳区,python开发工程师,3-5年,本科,15k-25k,"七险一金,绩效奖金,发展空间,团队氛围"
北京大河有渔网络科技有限公司,大河有渔,15-50人,天使轮,海淀区,Python开发工程师,1-3年,本科,10k-15k,有良好行业发展前景、舒适的办公环境
北京石云科技有限公司,石云科技,50-150人,不需要融资,海淀区,Python/Ruby,1-3年,本科,15k-30k,"金融科技,新蓝海,牛人带队,年底双薪"
北京右划网络科技有限公司,右划,50-150人,A轮,朝阳区,高级python开发工程师,3-5年,本科,30k-60k,"短视频,大牛云集,工程师文化,一年15薪"
深圳紫宸资本管理有限公司,紫宸资本,500-2000人,不需要融资,海淀区,Python,1-3年,本科,20k-40k,弹性工作制，工作氛围好。
北京第三石科技发展有限公司,第三石科技,50-150人,B轮,朝阳区,Python开发工程师,3-5年,本科,15k-30k,"前沿技术,丰富下午茶,弹性工作,扁平管理"
北京慕华信息科技有限公司,学堂在线,150-500人,B轮,海淀区,中高级python工程师,3-5年,大专,15k-30k,"氛围好,技术大牛,福利好"
成都联想软件有限公司,联想,500-2000人,不需要融资,海淀区,python工程师,3-5年,本科,30k-60k,技术部
北京畅捷通支付技术有限公司,畅捷支付,150-500人,不需要融资,海淀区,Python开发工程师,1-3年,本科,10k-20k,六险一金 绩效奖金
北京百乘传媒技术有限公司,百乘传媒,15-50人,A轮,朝阳区,高级Python工程师,5-10年,本科,18k-30k,工程师
达内时代科技集团有限公司,达内集团,2000人以上,上市公司,朝阳区,Python讲师 (MJ001577),5-10年,本科,18k-30k,"五险一金,商业保险,股票期权"
捷众普惠国际融资租赁有限公司,花生好车,500-2000人,B轮,东城区,Python运维开发工程师,5-10年,本科,20k-40k,五险一金、法定节假日、大平台、好前景
北京石云科技有限公司,石云科技,50-150人,不需要融资,海淀区,Java/Python（中级）,1-3年,本科,10k-20k,金融科技，牛人带队，领导好，弹性工作
北京首都在线科技股份有限公司,CDS,150-500人,上市公司,海淀区,python实习生（可转正）,应届毕业生,本科,2k-4k,平台好
茂逊科技有限公司,modeush,2000人以上,D轮及以上,海淀区,python,5-10年,本科,20k-35k,"不打卡,免费餐饮,扁平管理,13薪"
北京磁力信科技有限公司,磁力信,50-150人,不需要融资,朝阳区,Python开发工程师,3-5年,本科,12k-24k,创新教育
北京国双科技有限公司,Gridsum 国双,500-2000人,上市公司,海淀区,资深DevOps研发工程师（Python/GO）,5-10年,本科,20k-35k,"大数据企业,上市公司,年终奖金,带薪年假"
北京东方国信科技股份有限公司,东方国信,2000人以上,上市公司,朝阳区,Python开发工程师,1-3年,本科,10k-15k,上市公司，大数据，餐补，健身房，
北京闪送科技有限公司,闪送,500-2000人,D轮及以上,海淀区,Python/web开发工程师,3-5年,本科,10k-20k,"发展空间,福利优厚,带薪年假,弹性工作时"
北京中公教育科技股份有限公司,中公教育,2000人以上,未融资,海淀区,Python高级讲师,1-3年,本科,10k-20k,"五险一金,绩效奖金,周末双休,免费午餐"
北京铂金智慧网络科技有限公司,铂金智慧,150-500人,B轮,海淀区,Python开发工程师,1-3年,本科,10k-20k,"五险一金,弹性工作,福利补贴,国际化产品"
北京车势科技有限公司,车势科技,150-500人,A轮,朝阳区,技术经理（侧重python后端）,5-10年,本科,20k-25k,五险一金、年底双薪、带薪年假
北京势在必行网络科技有限公司,币信,50-150人,不需要融资,海淀区,python开发工程师,1-3年,大专,15k-30k,"年底双薪,午餐补助,休闲餐点,弹性工作"
北京小年糕互联网技术有限公司,小年糕,150-500人,C轮,海淀区,python后端开发工程师面试（转go）,3-5年,本科,20k-40k,"指数型增长,技术气氛好"
北京中科物安科技有限公司,中科物安,15-50人,未融资,海淀区,python开发工程师,3-5年,本科,15k-25k,"发展空间大,五险一金,餐补,带薪年假"
达内时代科技集团有限公司,达内集团,2000人以上,上市公司,海淀区,Python高级开发工程师 (MJ003815),3-5年,本科,15k-25k,"股权激励,上市平台,发展空间,大平台"
北京趣活科技有限公司,趣活美食送,2000人以上,D轮及以上,朝阳区,Python开发工程师,3-5年,本科,10k-20k,iMac/无限零食水果/跟大牛共事/创业氛围
京北方信息技术股份有限公司,京北方,2000人以上,D轮及以上,丰台区,Python,3-5年,本科,12k-20k,平台大，项目多
北京云灵网络科技有限公司,爱必投™云灵智链,15-50人,天使轮,东城区,Python开发工程师,3-5年,本科,10k-20k,"发展空间大,期权激励,最新前沿学习型团队"
小叶子（北京）科技有限公司,The ONE,500-2000人,C轮,朝阳区,高级Python,3-5年,本科,20k-30k,"五险一金,交通补助,午晚餐"
北京陌陌科技有限公司,陌陌,500-2000人,上市公司,朝阳区,Python高级/中级研发工程师,3-5年,本科,20k-40k,"完善的福利,团队精湛,技术挑战"
北京凯奇谷信息技术股份有限公司,凯奇谷,150-500人,上市公司,朝阳区,服务器端开发工程师（Python）,1-3年,本科,10k-16k,牛人聚集 健身足疗按摩 餐补房补交通补
南京绛门信息科技股份有限公司,绛门科技,500-2000人,未融资,朝阳区,Python,3-5年,大专,12k-22k,"五险一金,带薪年假,定期体检,员工旅游"
游尔（北京）机器人科技有限公司,游尔机器人,15-50人,天使轮,海淀区,python开发工程师,1-3年,本科,10k-20k,"大牛多,待遇好,前景好,氛围好"
柳州道无尽科技有限公司,柳州道无尽科技有限公司,15-50人,未融资,朝阳区,Python工程师,3-5年,本科,18k-28k,"14薪,六险一金"
北京奥鹏远程教育中心有限公司,慕课网,50-150人,不需要融资,海淀区,python兼职讲师,5-10年,不限,18k-36k,"时间自由,分成丰厚,持续分成"
北京诸葛找房信息技术有限公司,诸葛找房网,150-500人,B轮,朝阳区,Python工程师,3-5年,不限,20k-40k,"六险一金,住房补贴,节日福利,一日三餐"
北京大米未来科技有限公司,VIPKID,2000人以上,D轮及以上,朝阳区,高级Python开发工程师,3-5年,本科,15k-30k,"住房补贴,待遇优厚,福利多,专属班车"
北京石云科技有限公司,石云科技,50-150人,不需要融资,海淀区,Java/Python,应届毕业生,大专,8k-16k,"弹性工作,领导好,奖金高,蓝海市场"
福州必全网络科技有限公司,必全网络,15-50人,天使轮,朝阳区,python程序员,1年以下,本科,6k-10k,五险一金；包住宿
福州必全网络科技有限公司,必全网络,15-50人,天使轮,朝阳区,python程序员,3-5年,本科,10k-20k,五险一金
北京修齐治平科技有限公司,爱云校,500-2000人,C轮,朝阳区,基础架构师-golang/C++/python,3-5年,本科,20k-40k,"六险一金,午餐补助,提供晚餐,每日下午茶"
北京大数据研究院,北京大数据研究院,500-2000人,不需要融资,海淀区,python工程师&nbsp;（实习生）,应届毕业生,本科,5k-10k,产学研结合，大牛带队
北京诺信创联科技有限公司,诺信创联,15-50人,A轮,朝阳区,python后端工程师,3-5年,本科,15k-25k,"年底双薪,绩效奖金,领导好,氛围好"
北京中谷金科信息技术有限公司,中谷金科,50-150人,B轮,通州区,高级Python工程师,3-5年,本科,15k-25k,"互联网金融,大数据,量化开发,自主性强"
百晓科技（北京）有限公司,DecentFoXStudio,少于15人,不需要融资,朝阳区,Python 软件开发工程师,1-3年,本科,15K-25K,年终奖、团建旅游、敏捷开源
北京智融时代信息技术有限公司,智融集团,150-500人,C轮,海淀区,python开发实习生,1年以下,不限,6k-9k,定期培训/定期团建/零食晚餐/牛人mentor
竞技世界（北京）网络技术有限公司,竞技世界,500-2000人,不需要融资,海淀区,服务器开发工程师（nodejs/java/python/go,5-10年,本科,25k-40k,大牛云集，固定调薪，国内外出游，领导好
达内时代科技集团有限公司,达内集团,2000人以上,上市公司,海淀区,高级Python开发工程师,3-5年,本科,15k-25k,"五险一金,周末双休,绩效奖金,上市公司"
北京完美创意科技有限公司,更美APP,150-500人,D轮及以上,朝阳区,Python后端开发工程师,1-3年,本科,15k-30k,"弹性时间,技术大牛,公司旅游,福利齐全"
上海倾听信息技术有限公司,蜻蜓FM,150-500人,D轮及以上,朝阳区,Python 后端开发（北京）,1-3年,本科,18k-36k,发展前景优，工作氛围轻松
混沌时代（北京）教育科技有限公司,混沌大学,150-500人,不需要融资,海淀区,高级python开发工程师,3-5年,本科,20k-40k,"福利待遇好,超棒团队,弹性工作"
北京猫起来科技有限公司,猫起来科技,少于15人,天使轮,朝阳区,Python高级工程师,3-5年,本科,10k-15k,全程参与打造一家有趣务实不失理想的公司。
北京京东世纪贸易有限公司,京东集团,2000人以上,上市公司,朝阳区,Python后端研发工程师,3-5年,本科,25k-50k,"发展好,平台大,机会多,待遇好"
中云网安科技（北京）有限公司,中云网安,15-50人,A轮,朝阳区,资深python研发工程师,5-10年,本科,28k-40k,"技术前沿,人工智能"
北京律金汇科技有限公司,律金汇科技,50-150人,不需要融资,海淀区,Python高级开发工程师,3-5年,本科,15k-20k,"岗位晋升,下午茶,偏平管理,地铁周边"
北京福易得信息技术有限公司,福易得,150-500人,未融资,朝阳区,高级python开发工程师,3-5年,本科,30k-60k,全额五险一金、节日礼品、年假等福利
北京贝斯平云科技有限公司,Bespin,150-500人,B轮,朝阳区,Python开发工程师—监控方向,3-5年,本科,15k-30k,"五险一金,创业公司,补充医疗,带薪年假"
北京罗威亚科技有限公司,罗威亚科技,15-50人,天使轮,大兴区,Python【实习生】,应届毕业生,本科,5k-10k,高挑战，大舞台，大牛带，氛围好
美景听听（北京）科技有限公司,美景听听App,15-50人,A轮,西城区,Python高级开发工程师,3-5年,本科,15k-30k,"优秀团队,气氛活跃,扁平化管理"
北京木瓜移动科技股份有限公司,木瓜移动,150-500人,B轮,海淀区,Python开发实习生,应届毕业生,本科,3k-5k,"留用机会,快速发展,团队氛围好"
北京世相科技文化有限公司,新世相,150-500人,B轮,朝阳区,大数据开发工程师【Python】,3-5年,本科,15k-25k,"大咖多,氛围好"
北京奥鹏远程教育中心有限公司,慕课网,50-150人,不需要融资,海淀区,python讲师,3-5年,大专,15k-30k,行业翘楚、团队优秀、待遇open
北京果壳互动科技传媒有限公司,果壳网,150-500人,C轮,朝阳区,后端技术经理（Python web）,5-10年,本科,20k-40k,"三餐,七险一金,海外游,核心团队"
北京中公教育科技股份有限公司,中公教育,2000人以上,未融资,海淀区,Python助理讲师,1-3年,本科,7k-10k,"五险一金,年底奖金"
非凡维格（北京）信息科技有限公司,Weego Travel,15-50人,B轮,朝阳区,Python高级工程师-服务器端,3-5年,本科,25k-50k,"国际产品,带薪年假,弹性工作,开放办公"
北京粉笔未来科技有限公司,猿辅导,500-2000人,D轮及以上,朝阳区,编程讲师（python系统班）,1-3年,本科,15k-20k,"发展空间大,福利待遇大,扁平化管理,年底旅行"
北京聚齐众兴网络科技有限公司,北京聚齐,15-50人,A轮,大兴区,高级Python工程师,5-10年,本科,15k-20k,"五险一金,周末双休,节日福利,员工旅游"
北京高思博乐教育科技股份有限公司,高思教育集团,2000人以上,上市公司,海淀区,Python教研,1-3年,不限,15k-30k,带薪年假 节日福利 员工体检
北京京东世纪贸易有限公司,京东集团,2000人以上,上市公司,朝阳区,python实习生,不限,硕士,6k-8k,班车，饭补，带薪年假
北京贝斯平云科技有限公司,Bespin,150-500人,B轮,朝阳区,高级Python开发工程师—CI/CD方向,3-5年,本科,20k-40k,"五险一金,创业公司,发展空间大,补充医疗"
北京奥鹏远程教育中心有限公司,慕课网,50-150人,不需要融资,海淀区,python讲师,3-5年,不限,18k-36k,"领导好,奖金多,行业翘楚,无限可能"
北京火币天下网络技术有限公司,火币网,150-500人,A轮,海淀区,量化数据分析（Python）,3-5年,本科,15k-20k,平台佳
北京链家房地产经纪有限公司立水桥北路店,链家,2000人以上,不需要融资,海淀区,Python高级开发,3-5年,本科,50k-80k,"15薪,发展平台"
北京八维研修学院,北京八维研修学院,2000人以上,未融资,海淀区,python讲师,3-5年,大专,10k-20k,五险一金，带薪年假
北京拓蛮信息科技有限公司,Tokenmania,50-150人,不需要融资,朝阳区,Python开发工程师/量化策略开发,3-5年,本科,10k-20k,六险一金 弹性办公
北京世纪好未来教育科技有限公司,好未来,2000人以上,上市公司,海淀区,Python/Django web开发工程师,3-5年,本科,20k-35k,"福利好,扁平化"
北京小度互娱科技有限公司,百度视频,150-500人,B轮,海淀区,Python开发实习生,应届毕业生,本科,3k-4k,团队优秀
零氪信息技术（北京）有限公司,LinkDoc,500-2000人,D轮及以上,海淀区,高级python后端研发工程师,不限,本科,26k-52k,"15薪,六险一金,午晚餐补助,弹性不打卡"
北京陌陌科技有限公司,陌陌,500-2000人,上市公司,朝阳区,Python开发工程师（运维方向）,不限,本科,20k-40k,"完善的福利,团队精湛,技术挑战,上升空间大"
北京推想科技有限公司,推想科技,150-500人,B轮,朝阳区,python实习生 (MJ000225),不限,本科,4k-8k,"人工智能,快速成长,弹性工作,团队牛B"
北京完美创意科技有限公司,更美APP,150-500人,D轮及以上,朝阳区,Python后端开发工程师,1-3年,本科,15k-30k,"弹性时间,技术大牛,公司旅游,福利齐全"
深圳晶泰科技有限公司,晶泰科技,50-150人,C轮,海淀区,Python后台开发,1-3年,本科,10k-18k,"工作居住证,五险一金,带薪年假,MIT大牛"
北京云杉智达科技有限公司,云杉智达科技,15-50人,不需要融资,海淀区,Python后端开发,1-3年,本科,15k-25k,提供住宿、五险一金、晋升空间
北京格上添富科技发展有限公司,格上添富,150-500人,不需要融资,朝阳区,Python应届毕业生,不限,本科,5k-8k,弹性工作、水果零食
北京格上添富科技发展有限公司,格上添富,150-500人,不需要融资,朝阳区,Python应届毕业生,不限,本科,5k-8k,弹性工作、水果零食
北京靠谱筹信息技术有限公司,靠谱投,50-150人,A轮,西城区,Python后端工程师,1-3年,本科,8k-15k,"年底双薪,期权,无猪队友,美食轰炸"
北京江山如画网路科技有限责任公司,江山如画网络科技,少于15人,天使轮,海淀区,Python后端开发,1-3年,本科,10k-20k,"提供住宿,晋升空间,五险一金,技术大牛带"
北京聚微合智信息技术有限公司,聚微,50-150人,不需要融资,海淀区,Java/Python（高级）,3-5年,大专,12k-24k,"新蓝海,牛人带队,发展空间大,扁平化管理"
景星网络科技（北京）有限公司,景星科技,15-50人,未融资,朝阳区,python高级开发工程师,3-5年,本科,15k-25k,下午茶、绩效奖金、旅游、生日会、五险一金
北京优思安科技有限公司,积云教育,150-500人,A轮,昌平区,python中高级讲师,3-5年,本科,15k-25k,"五险一金,餐补,节日福利,免费班车"
百度时代网络技术(北京)有限公司,百度,2000人以上,上市公司,海淀区,python开发工程师（20年毕业实习岗）,应届毕业生,本科,3k-6k,"大平台,技术氛围好,能转正"
支付宝(杭州)信息技术有限公司,蚂蚁金服集团,2000人以上,B轮,朝阳区,研发专家-Java/Python/C++/Go北京,3-5年,本科,25k-50k,"顶尖的团队,核心事业群,发展前景广"
北京阿丘科技有限公司,阿丘科技,50-150人,A轮,海淀区,后台开发工程师（Python）,不限,本科,15k-30k,"大牛多,技术氛围好,福利好,前景广阔"
北京势在必行网络科技有限公司,币信,50-150人,不需要融资,海淀区,Python server端工程师,1-3年,本科,20k-40k,"扁平化管理,午晚餐丰盛,团队氛围好"
北京第三石科技发展有限公司,第三石科技,50-150人,B轮,朝阳区,Python开发工程师（校招）,应届毕业生,本科,4k-8k,新锐的全球化移动电商平台
上海清鹤科技股份有限公司,清鹤科技,150-500人,上市公司,昌平区,资深后台开发工程师（python/C/C++),5-10年,本科,18k-30k,"老板nic,扁平化,团队活跃,年底奖金"
北京视野金服信息技术有限公司,视野金融,50-150人,A轮,海淀区,python数据处理工程师,3-5年,本科,20k-25k,期权奖励
北京豆网科技有限公司,豆瓣网,150-500人,C轮,朝阳区,后端工程师（Python）,3-5年,本科,20k-35k,"五险一金,补充医疗"
柔持（北京）科技有限公司,柔持英语,150-500人,B轮,朝阳区,Python后端开发工程师,1-3年,本科,20k-30k,"交通方便,弹性时间,不加班"
北京豆网科技有限公司,豆瓣网,150-500人,C轮,朝阳区,后端工程师（Python）,3-5年,本科,20k-35k,"五险一金,补充医疗"
柔持（北京）科技有限公司,柔持英语,150-500人,B轮,朝阳区,Python后端开发工程师,1-3年,本科,20k-30k,"交通方便,弹性时间,不加班"
北京智融时代信息技术有限公司,智融集团,150-500人,C轮,海淀区,python研发工程师（抓取平台开发方向）,3-5年,本科,20k-40k,六险一金、上升空间、弹性工作、优秀团队
联通大数据有限公司,联通大数据,150-500人,不需要融资,东城区,Python运维开发工程师,3-5年,本科,15k-25k,"锻炼思维,能力提升,地铁站旁,扁平化管理"
亚马逊卓越有限公司,Amazon,500-2000人,不需要融资,朝阳区,Python Developer,3-5年,本科,25k-50k,"硅谷文化,产品影响力,团队大牛"
北京通力互联技术服务有限公司,通力互联,2000人以上,不需要融资,海淀区,后端Python开发,应届毕业生,本科,10k-15k,"大牛多,免费早晚餐,免费班车,领导好"
北京格上添富科技发展有限公司,格上添富,150-500人,不需要融资,朝阳区,Python实习生,不限,本科,6k-12k,水果零食、弹性工作、扁平化管理
北京中公教育科技股份有限公司,中公教育,2000人以上,未融资,海淀区,Python研发编辑,1-3年,本科,15k-25k,"五险一金,年终奖金"
北京多来点信息技术有限公司,哗啦啦,500-2000人,不需要融资,西城区,Python测试开发工程师,3-5年,本科,15k-30k,"五险一金,年终奖金,带薪年假,节日福利"
成都市止于至善文化传媒有限公司,止于至善文化,15-50人,不需要融资,朝阳区,高级Python后端工程师,不限,本科,25k-50k,14-16薪
小叶子（北京）科技有限公司,The ONE,500-2000人,C轮,朝阳区,python实习生,不限,本科,3k-4k,"午晚餐,交通补助,弹性工作制"
上海上垚实业有限公司,上海上垚实业有限公司,150-500人,不需要融资,海淀区,python后端,应届毕业生,本科,25k-45k,"平台大,福利好"
北京粉笔未来科技有限公司,猿辅导,500-2000人,D轮及以上,朝阳区,python课程助教,1-3年,本科,8k-12k,地铁周边，发展空间大，福利待遇好
北京奇安信科技有限公司,360企业安全,2000人以上,不需要融资,朝阳区,后端开发专家（Python）,5-10年,本科,20k-30k,"平台成熟,带薪年假,餐贴补助,五险一金"
福州必全网络科技有限公司,必全网络,15-50人,天使轮,朝阳区,python程序员（实习生）,应届毕业生,本科,3k-4k,五险一金；包住宿
北京深极智能科技有限公司,深极智能,少于15人,天使轮,海淀区,python开发（可转强化学习研究员）,不限,本科,15k-30k,"上升空间大,项目创新,团队气氛佳"
乐视网信息技术（北京）股份有限公司,乐融集团,2000人以上,上市公司,朝阳区,【2019校招】助理软件开发工程师（python),应届毕业生,本科,10k-14k,"午餐补助,交通 补助,通讯补助,补充医疗"
北京粉笔未来科技有限公司,猿辅导,500-2000人,D轮及以上,朝阳区,python助教实习生,1年以下,本科,4k-6k,"一带一帮带,独角兽行业"
微梦创科网络科技（中国）有限公司,新浪微博,2000人以上,上市公司,海淀区,04537-数据系统开发工程师(Python),1-3年,本科,20k-35k,大平台
北京分享动力网络科技有限公司,分享动力,15-50人,不需要融资,海淀区,python后端开发工程师,1-3年,本科,10k-20k,向架构方向培养
北京凯奇谷信息技术股份有限公司,凯奇谷,150-500人,上市公司,朝阳区,游戏研发工程师 （Python）（初级）,1-3年,本科,6k-8k,给力的团队 领导好 弹性工作 免费吃喝
北京字节跳动科技有限公司,字节跳动,2000人以上,C轮,海淀区,服务器端开发工程师（Python/Go）,3-5年,本科,30k-45k,六险一金，弹性工作，免费三餐，租房补贴
北京棕榈创想科技有限公司,PALMAX,50-150人,A轮,海淀区,Python开发工程师（广告产品）,1-3年,本科,15k-20k,"技术新,高激励,试用期全薪"
北京挖优狗科技有限公司,挖优狗,少于15人,不需要融资,朝阳区,Python数据处理工程师,1-3年,本科,10k-20k,"清华团队,金融科技,成长空间大,技术先进"
北京微笑科技有限公司,微笑科技,50-150人,A轮,海淀区,Python 游戏服务端开发,1-3年,本科,20k-25k,"五险一金,零食下午茶,中晚住家饭,定期团建"
北京浩泰思特科技有限公司,北京浩泰思特,15-50人,未融资,海淀区,Python高级讲师,3-5年,大专,15k-20k,"五险一金,优秀团队,晋升空间大,办公环境优"
北京零点智能科技有限公司,零点智能,少于15人,A轮,海淀区,Python实习生,应届毕业生,本科,3k-4k,"区块链行业,学习机会,量化交易"
合一信息技术（北京）有限公司,合一信息技术（优酷）,500-2000人,上市公司,朝阳区,高级Python后端工程师,3-5年,本科,25k-50k,"大牛多,成长快,专属福利"
联通大数据有限公司,联通大数据,150-500人,不需要融资,东城区,Python高级运维开发工程师,5-10年,本科,15k-25k,"锻炼思维,偏平化管理,技能培训,地铁站旁"
北京猎户星空科技有限公司,猎户星空,500-2000人,A轮,朝阳区,Python研发工程师（机器学习方向）,3-5年,本科,18k-35k,前景无限，牛人云集，扁平管理
北京世纪好未来教育科技有限公司,好未来,2000人以上,上市公司,海淀区,Python后端架构师,5-10年,本科,35k-70k,"上市公司,大牛团队,福利优厚,晋升空间大"
北京市海淀区八维计算机培训学校,北京八维研修学院,2000人以上,未融资,海淀区,Python项目经理,3-5年,大专,20k-30k,五险一金，寒假，房补，饭补，节日福利
北京希子教育科技有限公司,希子教育,50-150人,A轮,海淀区,高级Python后端工程师,1-3年,本科,20k-30k,"氛围愉快,竞争力薪酬,弹性工作,快速成长"
博易智软（北京）技术股份有限公司,博易智软,150-500人,上市公司,海淀区,数据挖掘/算法工程师(R或Python）,3-5年,本科,15k-25k,"节日福利,餐补,年终奖,过节福利"
北京科达思教育科技有限公司,WeCode,15-50人,A轮,朝阳区,Python课程设计,1-3年,本科,10k-20k,"13薪,年终奖,弹性工作,氛围好"
北京阿姨多多网络科技有限公司,阿姨多多,少于15人,不需要融资,昌平区,python 实习生,不限,本科,3k-5k,"初创团队,有活力,家的感觉"
奇虎360科技有限公司,360,2000人以上,上市公司,朝阳区,Python高级服务端开发工程师,3-5年,本科,30k-50k,"扁平化,职位空间大,薪资福利优,团队氛围好"
北京晟程华科教育科技有限公司,尚硅谷,500-2000人,未融资,昌平区,Python讲师,3-5年,大专,30k-50k,"领导棒,发展空间大,年底分红,扁平管理"
飞维美地信息技术（北京）有限公司,FreeWheel,500-2000人,上市公司,朝阳区,Lead Python/Java Engineer,5-10年,本科,35k-44k,"美资互联网,技术导向,英文环境,硅谷文化"
五八到家有限公司,五八到家有限公司,2000人以上,A轮,朝阳区,运维开发(Python方向),1-3年,本科,15k-30k,福利待遇、发展前景
百融金融信息服务股份有限公司,百融金服,500-2000人,C轮,海淀区,高级python运维开发,3-5年,本科,15k-30k,"带薪年假,绩效奖金,年底双薪,补充医疗"
环球赛乐（北京）科技有限公司,赛氪,15-50人,A轮,昌平区,python讲师,3-5年,本科,10k-20k,底薪加提成
深圳市丽晶美成商业咨询有限公司,丽晶美成,15-50人,未融资,海淀区,python后端,3-5年,本科,19k-38k,知名互联网企业
北京开课吧科技有限公司,开课吧,500-2000人,C轮,海淀区,python讲师（全职、兼职都可）,5-10年,本科,25k-45k,"弹性工作制,省外游"
进化时代科技（北京）有限责任公司,进化时代,少于15人,A轮,海淀区,高级Python算法工程师,应届毕业生,硕士,20k-40k,"数据驱动,人工智能,激励丰厚,七险一金"
北京彩亿达网络科技有限公司,彩亿达,15-50人,未融资,通州区,python少儿编程讲师,3-5年,本科,12k-24k,上升空间巨大
西门子（中国）有限公司,西门子（中国）,2000人以上,上市公司,朝阳区,Python Web 软件开发实习生,应届毕业生,硕士,2k-4k,"技术创新,真实项目,数据挖掘"
中益善源（北京）科技有限公司,中益善源,50-150人,不需要融资,朝阳区,数据平台研发（Python）工程师,3-5年,本科,15k-25k,"五险一金,餐费补助,弹性工作,补充医疗"
成都市止于至善文化传媒有限公司,止于至善文化,15-50人,不需要融资,朝阳区,Python全栈工程师,不限,本科,25k-40k,14-16薪
北京浩泰思特科技有限公司,北京浩泰思特,15-50人,未融资,海淀区,Python培训讲师,1-3年,本科,15k-30k,"五险一金,周末双休"
拉扎斯网络科技（上海）有限公司,饿了么,2000人以上,D轮及以上,朝阳区,高级python开发（微服务中间件）,1-3年,本科,15k-30k,中间件 出国团建 带薪假 补充医疗
北京易商迅达科技有限公司,易商迅达,15-50人,未融资,海淀区,985/211-JAVA/Python全栈中高级,5-10年,本科,25k-50k,"发展潜力大,升值空间大,股权,产业链"
北京多来点信息技术有限公司,哗啦啦,500-2000人,不需要融资,西城区,Python测试工程师（自动化）,1-3年,本科,15k-25k,五险一金 年终奖金 带薪年假 节日福利
北京聪明核桃教育科技有限公司,聪明核桃教育,150-500人,A轮,海淀区,少儿编程python课程设计师,不限,不限,15k-30k,氛围好，福利好，弹性工作，无加班文化
北京京东世纪贸易有限公司,京东集团,2000人以上,上市公司,朝阳区,高级Python研发工程师（机器学习业务方向）,不限,本科,18k-30k,"发展好,平台大"
微梦创科网络科技（中国）有限公司,新浪微博,2000人以上,上市公司,海淀区,测试开发工程师（Python开发测试框架）,3-5年,本科,20k-30k,"测试开发,pytho,自动化测试,框架开发"
北京百观科技有限公司,百观Lab,15-50人,A轮,东城区,Python数据与爬虫工程师,1-3年,本科,17k-26k,"高成长空间,有挑战性,福利待遇好"
深圳点猫科技有限公司,编程猫,500-2000人,B轮,东城区,Python培训讲师,3-5年,本科,8k-15k,"弹性,提成多多,五险一金,饭补"
北京量子金服网络科技有限公司,量子金服,50-150人,B轮,朝阳区,Python金融数据开发（2019年应届）,应届毕业生,硕士,3k-6k,六险一金 下午茶 团建
北京网录科技有限公司,网录科技,50-150人,不需要融资,海淀区,高级软件工程师（算法/c++/go/python）,3-5年,本科,25k-50k,"五险一金,带薪假期,绩效奖金,不打卡"
北京京东世纪贸易有限公司,京东集团,2000人以上,上市公司,朝阳区,高级Python研发工程师（机器学习业务方向）,不限,本科,20k-40k,"平台大,机会多,待遇好,发展快"
北京字节跳动科技有限公司,字节跳动,2000人以上,C轮,海淀区,python爬虫工程师,1-3年,本科,22k-40k,六险一金，弹性工作，免费三餐，租房补贴
北京丝路互动科技有限公司,丝路互动,50-150人,上市公司,海淀区,python工程师（爬虫）,3-5年,本科,15k-20k,周末双休 五险一金
北京聪明核桃教育科技有限公司,聪明核桃教育,150-500人,A轮,海淀区,少儿编程python课程设计师,不限,不限,15k-30k,氛围好，福利好，弹性工作，无加班文化
联想（北京）有限公司,联想集团,2000人以上,上市公司,海淀区,机器学习后端开发工程师（Java/Python）,3-5年,本科,18k-30k,"五险一金,福利待遇好,发展前景好,周末双休"
北京汇游科技有限公司,汇游科技,15-50人,不需要融资,朝阳区,Python爬虫工程师,3-5年,本科,15k-20k,"五险一金,全勤奖,餐补,年终奖金"
北京中科模识科技有限公司,模识科技,50-150人,未融资,昌平区,python爬虫工程师,1-3年,本科,6k-8k,爬虫工程师
北京造数科技有限公司,造数,15-50人,A轮,朝阳区,Python爬虫工程师,1-3年,本科,15k-30k,"技能培训,人工智能,股票期权,团队年轻"
北京水滴互联科技有限公司,水滴互助,500-2000人,A轮,朝阳区,Python爬虫工程师,3-5年,本科,15k-30k,"试用期不打,年底奖金,五险一金,周末双休"
北京罗威亚科技有限公司,罗威亚科技,15-50人,天使轮,大兴区,Web全栈工程师（python）,1-3年,不限,12k-18k,"小舞台,大空间,技术氛围好"
紫梧桐（北京）资产管理有限公司,蛋壳公寓,2000人以上,B轮,东城区,Python爬虫高级工程师,5-10年,本科,20k-40k,技术大牛
北京艺泉科技有限公司,艺泉,15-50人,未融资,昌平区,Python/C++算法工程师,1-3年,本科,13k-26k,"五险一金,绩效奖金"
青岛一只猫科技有限公司,一只猫科技,15-50人,未融资,朝阳区,python爬虫,3-5年,本科,20k-25k,福利待遇好，有发展前景，长期合作制。
北京纳网科技有限公司,北京纳网,50-150人,未融资,海淀区,C++/Python工程师,3-5年,本科,15k-20k,"弹性工作,福利优厚,定期旅游,标准工时"
北京蜜莱坞网络科技有限公司,映客,500-2000人,C轮,朝阳区,c++/Python/Go......,3-5年,本科,30k-50k,"大牛多,成长快,六险一金,专属健身房"
北京汇游科技有限公司,汇游科技,15-50人,不需要融资,朝阳区,中高级Python爬虫工程师,3-5年,本科,20k-30k,"五险一金,餐补,全勤奖,年终奖金"
北京京东世纪贸易有限公司,京东集团,2000人以上,上市公司,朝阳区,devops工程师(Python/Golang),3-5年,本科,20k-40k,"14薪,弹性工作制"
北京联盛德微电子有限责任公司,联盛德微电子,50-150人,B轮,海淀区,云平台开发工程师（java/python）,1-3年,本科,18k-36k,五险一金，弹性工作，补充医疗，节日福利，
北京金风科创风电设备有限公司,金风科技,2000人以上,上市公司,大兴区,软件开发工程师（Java/Python）,应届毕业生,本科,10k-15k,"带薪年假,培训与健身,七险一金,节日福利"
重庆橙红信息科技有限公司,重庆橙红,150-500人,A轮,海淀区,后端开发工程师（Java/Python）,3-5年,硕士,25k-50k,"五险一金,福利好,发展空间大,年终奖"
青岛一只猫科技有限公司,一只猫科技,15-50人,未融资,朝阳区,python爬虫,5-10年,本科,15k-16k,"工作时间自由
高额的回报
股份分成"
北京新工场投资顾问有限公司,她理财,50-150人,A轮,朝阳区,Go工程师,1-3年,本科,20k-35k,互联网金融 无天花板 六险一金 期权激励
微梦创科网络科技（中国）有限公司,新浪微博,2000人以上,上市公司,海淀区,大数据开发工程师（中高级）（python/c++）,1-3年,本科,20k-40k,带薪休假、出国旅行
北京三快在线科技有限公司,美团点评,2000人以上,D轮及以上,朝阳区,技术专家/技术负责人（机器学习平台）,5-10年,本科,40k-60k,"大平台,核心团队,重点业务,大牛云集"
广州小狗机器人技术有限公司北京分公司,小狗机器人,150-500人,不需要融资,朝阳区,后端开发工程师（go/python/php),3-5年,本科,15k-30k,"弹性时间,资金充足"
明睿（北京）资本管理有限公司,明睿资本,少于15人,不需要融资,西城区,量化开发工程师（Java/C++/Python方向,1-3年,本科,20k-30k,"五险一金,补充医疗,带薪年假,绩效工资"
北京可酷科技有限公司,KKcoin,50-150人,不需要融资,朝阳区,交易引擎技术总监/撮合引擎技术总监,5-10年,本科,40k-60k,"五险一金,年底双薪,带薪假期,节日福利"
掌上金服（天津）网络科技有限公司,掌上金服,15-50人,A轮,东城区,量化工程师（Java/C++/Python）,1-3年,本科,15K-30K,"钱多,要能力,有挑战,人工智能"
达闼科技（北京）有限公司,达闼科技,150-500人,B轮,朝阳区,Linux高级运维工程,3-5年,本科,15k-25k,行业前沿 发展空间大
北京布路诺超链科技有限公司,布路诺,15-50人,不需要融资,海淀区,java/Go/C/C++/Python架构师,5-10年,本科,15k-30k,五险一金
广州小狗机器人技术有限公司北京分公司,小狗机器人,150-500人,不需要融资,朝阳区,全栈工程师（go/python/php),1-3年,本科,10k-20k,"弹性时间,资金充足"
中国搜索信息科技股份有限公司,中国搜索,500-2000人,不需要融资,东城区,技术流程开发工程师,1-3年,本科,15k-25k,"国企,福利好,大平台"
北京捷通华声科技股份有限公司,捷通华声,150-500人,不需要融资,海淀区,软件测试工程师（C++、java、python）,1-3年,本科,10k-20k,人工智能 项目奖金 半年调薪 技术大拿多
北京聚道科技有限公司,GeneDock,15-50人,B轮,海淀区,后端工程师,5-10年,本科,20k-30k,"五险一金,免费午餐,团队融洽,技术超前"
北京字节跳动科技有限公司,字节跳动,2000人以上,C轮,海淀区,搜索架构研发实习生-搜索,不限,本科,3k-6k,免费三餐，休闲下午茶，职业大牛
北京读我科技有限公司,伴鱼口语,150-500人,C轮,朝阳区,Linux资深研发--技术经理方向(J10101),5-10年,本科,50k-100k,"产品牛,氛围好,团队好,福利高"
北京四方启点科技有限公司,四方启点,150-500人,未融资,海淀区,大数据分析开发工程师,不限,本科,20k-25k,"领导好,技能培训,岗位晋升,发展空间大"
北京闪银奇异科技有限公司,闪银奇异,500-2000人,D轮及以上,朝阳区,数据开发工程师,1-3年,本科,20k-35k,"大牛团队,机器学习,六险一金,年终奖丰厚"
轻客智能科技（江苏）有限公司,MYNTAI小觅智能,50-150人,A轮,朝阳区,ROS开发工程师,1-3年,本科,18k-30k,"发展空间大,快速发展期,团队氛围好,薪资优越"
杉数科技（北京）有限公司,杉数科技,50-150人,A轮,东城区,算法研发工程师,不限,本科,20k-30k,领域大牛导师&amp;精英团队 六险一金 快速成长
北京拉勾网络技术有限公司,拉勾网,500-2000人,D轮及以上,海淀区,服务端开发工程师,3-5年,本科,20k-40k,"技术大牛,高性能,大后端,发展空间"
北京数猎天下科技有限公司,DataHunter,50-150人,A轮,海淀区,go,1-3年,本科,15k-29k,"五道口,技术大牛,数据可视化,期权奖励"
北京百乘金科科技有限公司,百乘集团,2000人以上,上市公司,朝阳区,大数据研发工程师,3-5年,本科,25k-35k,奖金丰厚，扁平管理，大数据风控，科技金融
北京快如科技有限公司,快如科技,150-500人,A轮,朝阳区,安全研发工程师,3-5年,本科,20k-30k,"六险一金,技术大牛,福利超多,氛围好"
北京趣拿软件科技有限公司,去哪儿网,2000人以上,不需要融资,海淀区,模型开发工程师,3-5年,硕士,20k-40k,"发展空间,核心业务,算法大牛多,团队一流"
北京拉勾网络技术有限公司,拉勾网,500-2000人,D轮及以上,海淀区,安全研发工程师,3-5年,本科,20k-30k,"团队年轻,技术氛围好,待遇好,成长快"
北京盈衍网络科技有限公司,黄金钱包,50-150人,C轮,朝阳区,大数据开发工程师,1-3年,本科,7k-14k,"六险一金,学习空间大,团队氛围好"
北京百乘金科科技有限公司,百乘集团,2000人以上,上市公司,朝阳区,大数据开发工程师,5-10年,本科,35k-50k,"地铁周边,节日福利,晋升空间,年终奖金"
北京安为科技有限公司,北京安为科技有限公司,15-50人,未融资,海淀区,软件开发工程师,1-3年,本科,6k-10k,"五险一金,带薪年假,集体活动多,多次调薪等"
北京趣拿软件科技有限公司,去哪儿网,2000人以上,不需要融资,海淀区,大数据开发工程师--平台事业部,3-5年,本科,18k-36k,"前景广阔,16薪"
北京创新工场旷视国际人工智能技术研究院有限公司,创新工场AI工程院,150-500人,未融资,海淀区,后端开发工程师,3-5年,本科,15k-30k,"发展空间大,技术前沿,综合提升,资源广泛"
成都远辽科技有限责任公司,远辽科技,15-50人,不需要融资,西城区,高级大数据开发工程师-北京,5-10年,本科,20k-30k,"双休,五险一金,不定期团建,弹性工作"
北京新工场投资顾问有限公司,她理财,50-150人,A轮,朝阳区,大数据开发工程师,1-3年,本科,15k-30k,"互联网金融,无天花板,期权激励,六险一金"
北京嘀嘀无限科技发展有限公司,滴滴出行,2000人以上,不需要融资,海淀区,数据分析专家/数据工程专家(J180326017),5-10年,本科,20k-35k,快速发展 诱人福利
上海投中信息咨询股份有限公司北京办事处,投中信息,150-500人,D轮及以上,东城区,数据研发工程师,3-5年,本科,20k-40k,"行业领先,六险一金,多种福利,领导好"
秒针信息技术有限公司,秒针系统,500-2000人,D轮及以上,朝阳区,大数据开发工程师（计算方向）,3-5年,本科,25k-35k,"大牛多,学习型组织,技术创新"
大鱼竞技（北京）网络科技有限公司,大鱼竞技,15-50人,天使轮,朝阳区,游戏开发工程师,1-3年,本科,15k-25k,五险一金 定期团建 年终旅游
北京乐城堡科技有限公司,JoyCastle,15-50人,不需要融资,朝阳区,后端开发工程师,1-3年,本科,15k-25k,"交通便利,办公环境好,福利待遇好,团队氛围好"
贵阳货车帮科技有限公司,货车帮,2000人以上,B轮,朝阳区,大数据开发工程师,5-10年,本科,25k-50k,"五险一金,弹性工作,周末双休,平台大"
厦门美柚信息科技有限公司,美柚,500-2000人,D轮及以上,朝阳区,多媒体开发工程师,3-5年,本科,15k-30k,"六险一金,氛围好,技术牛逼,重点项目"
北京拉勾网络技术有限公司,拉勾网,500-2000人,D轮及以上,海淀区,高级/资深大数据开发工程师,5-10年,本科,25k-50k,"技术大牛,大数据,高成长,发展空间"
北京趣拿软件科技有限公司,去哪儿网,2000人以上,不需要融资,海淀区,用户画像研发工程师-机票事业部(J12940),5-10年,本科,25k-40k,"核心模块,海量数据,16薪+"
秒针信息技术有限公司,秒针系统,500-2000人,D轮及以上,朝阳区,数据仓库开发工程师,3-5年,本科,25k-35k,"大牛多,学习型组织,技术创新"
北京新工场投资顾问有限公司,她理财,50-150人,A轮,朝阳区,资深后端开发工程师,3-5年,本科,20k-40k,15薪 期权激励 优秀团队 工程师文化
北京聚道科技有限公司,GeneDock,15-50人,B轮,海淀区,全栈工程师,5-10年,本科,20k-30k,"五险一金,免费午餐,团队融洽,技术超前"
北京读我科技有限公司,伴鱼口语,150-500人,C轮,海淀区,web高级研发工程师,3-5年,本科,25k-30k,"产品牛,氛围好,空间大,福利高"
成都远辽科技有限责任公司,远辽科技,15-50人,不需要融资,西城区,大数据开发工程师,5-10年,本科,15k-30k,"双休,五险一金,不定期团建,弹性工作"
北京字节跳动科技有限公司,字节跳动,2000人以上,C轮,海淀区,后端开发工程师,应届毕业生,本科,15k-30k,六险一金，弹性工作，免费三餐，租房补贴
北京小年糕互联网技术有限公司,小年糕,150-500人,C轮,海淀区,c++后台开发（转go）,3-5年,本科,20k-40k,"指数型增长,技术气氛好"
北京香侬慧语科技有限责任公司,香侬科技,50-150人,A轮,海淀区,后端/基础架构工程师,1-3年,本科,20k-40k,大牛带队，前沿科技，高速成长，氛围好
克鲁（北京）网络科技有限公司,Castbox,50-150人,B轮,朝阳区,Go开发工程师,3-5年,本科,20k-40k,"大牛云集,区块链技术,免费三餐,租房补贴"
影时光网络技术（北京）有限公司,时光网-Mtime,500-2000人,不需要融资,朝阳区,数据仓库开发工程师,3-5年,本科,10k-20k,"平台好,福利全面,发展空间大,团队优秀"
北京博雅大智慧科技有限公司,博雅大数据学院,50-150人,未融资,海淀区,后端工程师,3-5年,大专,8k-15k,五险一金，其他补助等
北京蓦然认知科技有限公司,蓦然认知科技,50-150人,A轮,海淀区,信号处理研发工程师,5-10年,本科,30k-45k,"五险一金,扁平化管理,弹性时间,技术优势"
北京木瓜移动科技股份有限公司,木瓜移动,150-500人,B轮,海淀区,大数据开发工程师,不限,本科,15k-25k,"大平台,国际化,氛围好,五险一金"
北京拉勾网络技术有限公司,拉勾网,500-2000人,D轮及以上,海淀区,高级/资深服务端开发工程师,5-10年,本科,25k-50k,"技术大牛,高性能,大后端,发展空间"
北京读我科技有限公司,伴鱼口语,150-500人,C轮,朝阳区,web高级研发工程师(J10002),5-10年,本科,30k-50k,"产品牛,氛围好,团队好,福利高"
北京猫盘技术有限公司,猫盘,15-50人,A轮,海淀区,ROM开发工程师,5-10年,本科,20k-40k,"带薪年假,五险一金,大牛多,上升空间大"
北京趣拿软件科技有限公司,去哪儿网,2000人以上,不需要融资,海淀区,大数据开发工程师-平台事业部,1-3年,本科,13k-22k,平台大、福利待遇好
轻客智能科技（江苏）有限公司,MYNTAI小觅智能,50-150人,A轮,朝阳区,自动驾驶开发工程师,1-3年,本科,13k-25k,"上升空间大,福利待遇好,弹性工作制,平台成长快"
北京彼刻科技有限公司,Hydro,15-50人,不需要融资,朝阳区,后端工程师,3-5年,本科,20k-40k,"团队氛围好,产品前景广,三餐+房补,弹性工作"
天津市国瑞数码安全系统股份有限公司,国瑞数码,150-500人,不需要融资,朝阳区,高级大数据研发工程师（北京）,5-10年,本科,20k-30k,"五险一金,股票期权,员工旅游,带薪年假"
全时云商务服务股份有限公司,全时,500-2000人,D轮及以上,朝阳区,DevOps开发工程师,5-10年,本科,15k-25k,发展空间大福利待遇好团队氛围佳 地铁周边
中国医学论坛报社,中国医学论坛报、CMT,50-150人,未融资,西城区,大数据开发工程师,3-5年,本科,20k-40k,医疗大数据、资金链稳定、福利待遇全
北京小年糕互联网技术有限公司,小年糕,150-500人,C轮,海淀区,php后端开发工程师（转go）,3-5年,本科,20k-40k,"指数型增长,技术气氛好"
北京瞰微智视科技有限公司,Conviva,150-500人,D轮及以上,朝阳区,高级后端开发工程师,5-10年,本科,25k-50k,"全球协作,硅谷技术,自我驱动,重开发"
厦门安妮股份有限公司,安妮股份,500-2000人,上市公司,海淀区,区块链开发工程师,3-5年,本科,15k-30k,"五险一金,带薪年假,上市公司,版权区块链"
北京地平线信息技术有限公司,地平线机器人,500-2000人,B轮,海淀区,软件开发工程师,1-3年,本科,20k-40k,"绩效奖金,弹性工作,技术大牛"
北京心知科技有限公司,心知科技,15-50人,A轮,朝阳区,后端开发工程师,1-3年,本科,15k-30k,"技术驱动,独特挑战,高速发展,股份期权"
哆啦宝（北京）科技有限公司,哆啦宝,150-500人,B轮,朝阳区,大数据高级开发工程师,3-5年,本科,15k-30k,"BAT团队,不打卡,福利多多"
北京拉勾网络技术有限公司,拉勾网,500-2000人,D轮及以上,海淀区,运维开发工程师,3-5年,本科,20k-30k,"挑战,机会,自由,技术氛围浓"
杭州数澜科技有限公司,数澜科技,150-500人,A轮,朝阳区,高级大数据开发工程师【北京】,3-5年,本科,15k-30k,"大牛云集,股票期权,六险一金,发展空间大"
影时光网络技术（北京）有限公司,时光网-Mtime,500-2000人,不需要融资,朝阳区,运维开发工程师,5-10年,本科,15k-25k,"平台好,福利全面,发展空间大,团队优秀"
融慧金科金融服务外包（北京）有限公司,融慧金科,50-150人,A轮,朝阳区,大数据研发工程师,3-5年,本科,15k-30k,"五险一金,股票期权,地铁周边"
百融金融信息服务股份有限公司,百融金服,500-2000人,C轮,海淀区,研发工程师-算法方向,应届毕业生,本科,16k-20k,"年底双薪,带薪年假,绩效奖励,年度旅游"
北京瀚海星云科技有限公司,星云Clustar,15-50人,天使轮,西城区,Golang工程师,应届毕业生,本科,10k-20k,AI领域 前沿技术 专家指导 培训分享
北京弥财投资咨询有限公司,弥财,50-150人,A轮,朝阳区,区块链开发工程师,3-5年,本科,20k-40k,"外企环境,行业先驱,零食无限,优秀同事"
思特沃克软件技术（成都）有限公司,ThoughtWorks,2000人以上,不需要融资,东城区,后端开发,3-5年,本科,15k-30k,"技术领先,快速成长,学习氛围,国际化视野"
北京小年糕互联网技术有限公司,小年糕,150-500人,C轮,海淀区,java后端开发工程师（转go）,3-5年,本科,20k-40k,"指数型增长,技术气氛好"
轻易科技有限公司,轻易贷,2000人以上,上市公司,海淀区,大数据开发工程师,3-5年,本科,25k-50k,"弹性工作制,绩效奖金,扁平化管理,全产业链"
北京读我科技有限公司,伴鱼口语,150-500人,C轮,朝阳区,测试开发工程师(J10007),3-5年,本科,30k-45k,"产品牛,氛围好,团队好,福利高"
北京木瓜移动科技股份有限公司,木瓜移动,150-500人,B轮,海淀区,大数据开发工程师,3-5年,本科,15k-25k,"发展前景好,全球业务,五险一金,年终奖金"
北京至信普林科技有限公司,普林科技,50-150人,A轮,海淀区,前端开发工程师,3-5年,本科,15k-25k,平台好，发展空间大
北京趣拿软件科技有限公司,去哪儿网,2000人以上,不需要融资,海淀区,高级数据开发工程师-玩乐事业部(J11632),不限,本科,25k-30k,六险一金，团队和谐
北京搜狗科技发展有限公司,搜狗,2000人以上,上市公司,海淀区,商业数据开发-资深开发工程师,5-10年,本科,30k-50k,"技术大牛,年轻有朝气"
北京启明合心科技有限公司,合心科技,50-150人,B轮,海淀区,运维开发工程师,不限,本科,15k-25k,"午晚餐,零食,快速发展,各种团建"
北京四方启点科技有限公司,四方启点,150-500人,未融资,海淀区,web APP开发工程师,3-5年,本科,13k-16k,福利好、待遇佳、地铁周边
北京微名天下科技有限公司,递名片,少于15人,A轮,朝阳区,前端工程师,3-5年,本科,15k-20k,专注产品、前景好、团队氛围好
北京三快在线科技有限公司,美团点评,2000人以上,D轮及以上,朝阳区,业务测试技术专家(外卖测试组-北京总部),不限,本科,15k-20k,发展平台佳；发展机会多；工作氛围轻松
北京图森智途科技有限公司,图森未来,150-500人,C轮,朝阳区,自动驾驶系统研发工程师,不限,本科,20k-40k,"行业前沿,大牛云集,发展空间大,薪酬福利好"
北京理房通支付科技有限公司,理房通,150-500人,不需要融资,海淀区,大数据开发工程师,5-10年,本科,25k-50k,"六险一金,支付牌照"
北京云动数字媒体技术有限公司,会小二网,150-500人,B轮,朝阳区,PHP开发工程师,1-3年,本科,13k-26k,行业领先、知名VC、精英团队、期权奖励
深圳天宏迅联科技发展有限公司,天宏迅联,50-150人,A轮,海淀区,高级运维开发工程师/运维开发经理,5-10年,本科,25k-45k,"氛围轻松,福利多多,弹性工作,高额期权"
北京趣拿软件科技有限公司,去哪儿网,2000人以上,不需要融资,海淀区,高级数据开发工程师-机票事业部(J12937),5-10年,本科,25k-35k,"核心模块,海量数据,16薪+"
行吟信息科技（上海）有限公司,小红书,500-2000人,D轮及以上,朝阳区,后台研发（高级）工程师 -- 推送方向,3-5年,不限,30k-60k,良好的发展前景
北京百乘金科科技有限公司,百乘集团,2000人以上,上市公司,朝阳区,资深模型开发工程师,3-5年,本科,30k-50k,"平台发展好,年底绩效,扁平管理,交通便利"
北京加一时代数字科技有限公司,加一时代,15-50人,A轮,朝阳区,Unity3D研发工程师,3-5年,大专,15k-20k,"二次元,创业公司,弹性工作,不打卡"
北京快快网络技术有限公司,真融宝,150-500人,B轮,海淀区,DBA研发工程师,3-5年,本科,25k-35k,"工作环境,发展空间,不打卡"
克鲁（北京）网络科技有限公司,Castbox,50-150人,B轮,朝阳区,Golang 开发工程师,3-5年,本科,20k-40k,"大牛云集,区块链技术,免费三餐,租房补贴"
北京瀚海星云科技有限公司,星云Clustar,15-50人,天使轮,西城区,高级Golang工程师,3-5年,本科,25k-40k,AI领域 前沿技术 专家指导 培训分享
北京趣拿软件科技有限公司,去哪儿网,2000人以上,不需要融资,海淀区,数据开发工程师（偏支付系统）-平台事业部,1-3年,本科,15k-20k,互联网大平台，核心支付系统
北京国双科技有限公司,Gridsum 国双,500-2000人,上市公司,海淀区,高级大数据研发工程师,5-10年,本科,20k-35k,"上市大数据,年终奖金，技术牛人多"
北京杰思安全科技有限公司,Majorsec,15-50人,A轮,朝阳区,驱动开发工程师,5-10年,本科,15k-25k,"创业公司,弹性工作,期权奖励,扁平管理"
上海氪信信息技术有限公司,CreditX,50-150人,B轮,东城区,研发工程师（北京）,1-3年,本科,15k-25k,"弹性工作,精英团队,福利优厚,发展空间大"
北京云动九天科技有限公司,省钱快报,150-500人,C轮,东城区,运维开发工程师,3-5年,本科,20k-35k,"免费三餐,百万日活,弹性工作,扁平管理"
北京颐顺太和软件科技有限公司,新东方,2000人以上,上市公司,朝阳区,后端开发工程师,3-5年,本科,15k-30k,发展前景好
北京字节跳动科技有限公司,字节跳动,2000人以上,C轮,海淀区,后端开发工程师-广告系统,应届毕业生,本科,15k-30k,六险一金，弹性工作，免费三餐，租房补贴
北京吾好科技发展有限公司,吾好科技,150-500人,A轮,朝阳区,大数据开发工程师,3-5年,本科,15k-30k,"从0-1,技术大牛,回报丰厚"
北京闪银奇异科技有限公司,闪银奇异,500-2000人,D轮及以上,朝阳区,研发工程师（数据应用方向）,1-3年,本科,18k-25k,七险一金 核心部门 自助午餐 团建活动
北京灏博大数据科技有限公司,灏博大数据,15-50人,不需要融资,海淀区,高级前端开发工程师,3-5年,本科,17k-30k,发展空间大，集团资金支持
北京星云比特科技有限公司,星云比特,15-50人,天使轮,海淀区,资深golang工程师,5-10年,本科,27k-46k,区块链，氛围融洽，自由，不打卡，加班少
北京瀚海星云科技有限公司,星云Clustar,15-50人,天使轮,西城区,GO/Golang工程师,1-3年,本科,20k-40k,AI领域 前沿技术 专家指导 培训分享
上海投中信息咨询股份有限公司北京办事处,投中信息,150-500人,D轮及以上,东城区,测试开发工程师,3-5年,本科,20k-35k,"行业领先,六险一金,多种福利,领导好"
北京拉勾网络技术有限公司,拉勾网,500-2000人,D轮及以上,海淀区,大数据运维开发工程师,3-5年,本科,20k-30k,"挑战,机会,自由,技术氛围浓"
北京合思信息技术有限公司,易快报,150-500人,B轮,海淀区,前端开发工程师-TMC,3-5年,本科,18k-25k,"前景好,成长快,老板好,无天花板"
北京旷视科技有限公司,Face++,500-2000人,C轮,海淀区,高级后端开发工程师（技术架构方向）,3-5年,本科,15k-30k,福利待遇丰厚 发展空间大
北京畅聊天下科技有限公司,畅聊天下,150-500人,B轮,海淀区,测试开发工程师,1-3年,本科,15k-25k,"B+轮,IPO,绩效和年终,晋升机会多"
芋头科技（杭州）有限公司,Rokid,150-500人,B轮,海淀区,高级测试开发工程师,1-3年,本科,12k-24k,"年底双薪,博士云集,AI公司"
北京众享比特科技有限公司,众享比特,50-150人,B轮,朝阳区,Node.js研发工程师,3-5年,本科,20k-25k,"全额一金,补充医疗,员工体检,半年调薪"
北京云动九天科技有限公司,省钱快报,150-500人,C轮,东城区,测试开发工程师,3-5年,本科,20k-30k,"每日三餐,百万日活,弹性工作,扁平管理"
北京点石经纬科技有限公司,OKAY智慧教育,150-500人,B轮,海淀区,Android工程师,3-5年,大专,14k-24k,"机会多多,大牛多,平台好"
上海任意门科技有限公司,Soul App,50-150人,B轮,海淀区,大数据开发工程师,5-10年,本科,25k-50k,"高薪,五险一金"
北京趣拿软件科技有限公司,去哪儿网,2000人以上,不需要融资,海淀区,知识谱图挖掘研发工程师-机票事业部(J12939),5-10年,本科,25k-40k,"核心模块,海量数据,16薪+"
苏州思必驰信息科技有限公司,思必驰科技,150-500人,C轮,海淀区,【校招】大数据开发工程师,应届毕业生,本科,15k-25k,AI 独角兽；语音交互
北京达佳互联信息技术有限公司,快手,500-2000人,D轮及以上,海淀区,运维开发工程师,5-10年,本科,30k-60k,"六险一金,免费健身房,免费双餐,福利待遇优"
北京猫盘技术有限公司,猫盘,15-50人,A轮,海淀区,C/C++开发工程师,3-5年,本科,15k-30k,"五险一金,带薪年假,大牛多,上升空间大"
北京三快在线科技有限公司,美团点评,2000人以上,D轮及以上,朝阳区,搜索研发高级工程师/技术专家,3-5年,本科,25k-50k,"优秀团队,弹性工作,发展空间,战略业务"
北京合思信息技术有限公司,易快报,150-500人,B轮,海淀区,高级前端开发工程师,5-10年,本科,18k-35k,"前景好,成长快,氛围和谐,无天花板"
爱赛因斯（北京）科技有限公司,PMCAFF产品经理社区,15-50人,A轮,朝阳区,资深GO开发工程师,5-10年,本科,20k-40k,"行业发展好,项目前景,技术提升"
北京东方车云信息技术有限公司,易到用车,500-2000人,D轮及以上,东城区,测试开发工程师,3-5年,本科,15k-25k,年底双薪 弹性上班
北京智能优学科技有限公司,熊猫加加,15-50人,未融资,朝阳区,大数据开发工程师,3-5年,本科,25k-35k,"入五险一金,部门聚餐,地铁周边,团队出游"
北京景通科信科技有限公司,景通科信,50-150人,A轮,朝阳区,Openstack 开发工程师,3-5年,本科,15k-30k,"发展空间大,弹性福利,五险,绩效奖金"
北京网录科技有限公司,网录科技,50-150人,不需要融资,海淀区,高级软件工程师（Go / C / C++ ),5-10年,本科,25k-50k,"五险一金,绩效奖金,不打卡,带薪假期"
北京趣拿软件科技有限公司,去哪儿网,2000人以上,不需要融资,海淀区,运维开发工程师--平台事业部(J13295),不限,不限,15k-25k,前景广阔
广州摩翼信息科技有限公司,翼课网,500-2000人,不需要融资,大兴区,大数据研发高级工程师,3-5年,本科,18k-26k,"队伍年轻,年终奖金,大牛过招,环境耐撕"
北京轻松筹网络科技有限公司,轻松筹,500-2000人,C轮,东城区,大数据开发工程师,3-5年,大专,20k-35k,五险一金，弹性工作，年底奖金。
中诚信征信有限公司,中诚信征信,150-500人,不需要融资,东城区,数据库开发工程师,1-3年,本科,10k-20k,"行业领导者,独立四合院,周五7小时,免费午餐"
北京图森智途科技有限公司,图森未来,150-500人,C轮,朝阳区,嵌入式研发工程师,1-3年,不限,15k-30k,"行业前沿大牛云集,发展空间大,薪酬福利好"
北京彼刻科技有限公司,Hydro,15-50人,不需要融资,朝阳区,资深后端工程师,5-10年,本科,30k-60k,"技术氛围,产品前景广,三餐+房补,弹性工作"
北京四方启点科技有限公司,四方启点,150-500人,未融资,海淀区,测试开发工程师,5-10年,本科,17k-25k,"美女如云,有期权,交通便利,福利待遇佳"
北京融联世纪信息技术有限公司,融360,500-2000人,D轮及以上,海淀区,高级测试开发工程师,3-5年,本科,25k-35k,"互联网金融,发展前景,专业团队,福利待遇"
百融金融信息服务股份有限公司,百融金服,500-2000人,C轮,海淀区,大数据开发工程师,应届毕业生,本科,15k-20k,"年底双薪,带薪年假,绩效奖励"
北京搜狗科技发展有限公司,搜狗,2000人以上,上市公司,海淀区,技术工程部-高级安全开发工程师,3-5年,本科,25k-40k,团队气氛好
中寰卫星导航通信有限公司,中寰卫星,500-2000人,不需要融资,海淀区,大数据开发工程师,3-5年,本科,15k-30k,六险一金 免费班车 定期体检
天津市国瑞数码安全系统股份有限公司,国瑞数码,150-500人,不需要融资,朝阳区,高级Java工程师/开发/软件工程师（京）,3-5年,大专,15k-30k,"五险一金,弹性上下班,带薪年假,股票期权"
北京畅聊天下科技有限公司,畅聊天下,150-500人,B轮,海淀区,Golang语言开发工程师,3-5年,本科,15k-30k,"B+轮,IPO,绩效和年终,晋升机会多"
上海赛连信息科技有限公司,小鱼易连,150-500人,B轮,朝阳区,大数据开发工程师-北京,3-5年,本科,15k-25k,"五险一金,年底双薪,餐饮补贴,弹性工作"
北京乐城堡科技有限公司,JoyCastle,15-50人,不需要融资,朝阳区,高级 Golang 后端开发工程师,3-5年,本科,20K-35K,"交通便利,办公环境好,福利待遇好,团队氛围好"
北京三厚科技有限公司,新经济100人,15-50人,A轮,海淀区,华为云-智能骨干网高级研发工程师,3-5年,本科,25k-50k,高额年终奖，股票TUP长期激励
完美世界（北京）软件科技发展有限公司,完美世界,2000人以上,上市公司,朝阳区,TA技术美术（游戏）(4724),5-10年,本科,20k-30k,"上市公司,待遇高,福利多,空间大"
掌阅科技股份有限公司,掌阅,500-2000人,上市公司,朝阳区,后端开发工程师（在线推荐引擎）,3-5年,本科,25k-35k,"上市公司,丰富福利,免费旅游,大咖云集"
北京瀚海星云科技有限公司,星云Clustar,15-50人,天使轮,西城区,C/C++工程师,1-3年,本科,15k-30k,AI领域 前沿技术 专家指导 培训分享
北京泛钛客科技有限公司,泛钛客,150-500人,A轮,朝阳区,运维研发工程师,1-3年,本科,10k-20k,"团队氛围好,福利待遇好,成长空间大"
美味书签（北京）信息技术有限公司,LeanCloud,15-50人,A轮,朝阳区,资深后端工程师,不限,不限,20k-40k,行业领先的产品，高薪福利全员有期权
北京闪银奇异科技有限公司,闪银奇异,500-2000人,D轮及以上,朝阳区,高级Java开发工程师（内推2）,3-5年,不限,20k-40k,"六险一金,丰厚年终奖,大牛团队,免费午餐"
北京百乘金科科技有限公司,百乘集团,2000人以上,上市公司,朝阳区,测试开发工程师,3-5年,本科,15k-30k,"五险一金,餐补,年终奖金,绩效奖金"
北京汉迪移动互联网科技股份有限公司,iHandy,150-500人,不需要融资,海淀区,高级服务器开发工程师,3-5年,本科,30k-45k,"硅谷式办公,六险一金,水果零食,团队氛围佳"
南京蓝鲸人网络科技有限公司,美篇,50-150人,B轮,海淀区,前端开发工程师,3-5年,本科,20k-40k,"期权激励,工作日出游,弹性工作制,牛人多"
北京国双科技有限公司,Gridsum 国双,500-2000人,上市公司,海淀区,DevOps平台高级研发工程师,3-5年,本科,18k-25k,"大数据企业,上市公司,年终奖金,带薪年假"
北京云动数字媒体技术有限公司,会小二网,150-500人,B轮,朝阳区,技术架构,5-10年,本科,30k-60k,行业领先、知名VC、精英团队、期权奖励
深圳佑驾创新科技有限公司,MINIEYE,150-500人,A轮,海淀区,服务端开发工程师,3-5年,本科,18k-35k,"无人驾驶,海归团队,车厂合作,股份期权"
北京趣拿软件科技有限公司,去哪儿网,2000人以上,不需要融资,海淀区,数据开发工程师-火车票事业部(J12645),3-5年,本科,20k-40k,"平台大,扁平化管理,定期TB,年度旅游"
北京牛投邦科技咨询有限公司,牛投邦,150-500人,B轮,朝阳区,前端开发高级工程师,5-10年,本科,25k-35k,"负责小组,平台优秀"
北京百炼智能科技有限公司,百炼智能,15-50人,天使轮,朝阳区,搜索技术工程师,1-3年,本科,15k-30k,"牛人多,平台发展快,工作氛围好,福利优厚"
沪江教育科技（上海）股份有限公司,沪江,500-2000人,D轮及以上,海淀区,BJ-Java研发工程师 (MJ001274),3-5年,本科,15k-30k,全面福利 技术大牛 弹性工作
北京融联世纪信息技术有限公司,融360,500-2000人,D轮及以上,海淀区,测试开发工程师（服务端）,3-5年,本科,20k-30k,"互联网金融,发展前景,福利待遇,专业团队"
北京景通科信科技有限公司,景通科信,50-150人,A轮,朝阳区,初级Openstack 开发工程师,1年以下,本科,4k-5k,"发展空间大,五险,弹性福利"
北京图森智途科技有限公司,图森未来,150-500人,C轮,朝阳区,前端工程师,1-3年,本科,15k-30k,"行业前沿,大牛云集,发展空间大,薪酬福利好"
北京小马智行科技有限公司,Pony.ai 小马智行,150-500人,A轮,海淀区,前端/全栈开发工程师,不限,本科,20k-40k,全明星的技术团队，带你遨游炫酷的技术海洋
杭州云脑科技有限公司,云脑科技,50-150人,A轮,朝阳区,软件研发工程师,1-3年,本科,15k-30k,"五险一金,团队旅游,十三薪,午餐零食"
掌阅科技股份有限公司,掌阅,500-2000人,上市公司,朝阳区,算法工程师,3-5年,本科,25k-40k,上市公司，独角兽企业，核心部门，众多大牛
同程网络科技股份有限公司,同程艺龙,2000人以上,D轮及以上,朝阳区,数据开发工程师,5-10年,大专,25k-50k,千万级流量，扁平化管理
北京清红微谷技术开发有限责任公司,Conflux,50-150人,天使轮,海淀区,运维开发工程师,1-3年,本科,15k-25k,五险一金 免费午餐 行业大牛
北京葡萄智学科技有限公司,葡萄智学,50-150人,未融资,海淀区,Golang研发工程师,5-10年,本科,20k-38k,"互联网教育,技术牛人多,发展空间大,福利待遇好"
北京造数科技有限公司,造数,15-50人,A轮,朝阳区,Golang工程师,1-3年,本科,20k-40k,"技术大牛,大数据领域,人工智能,技术培训"
北京云动九天科技有限公司,省钱快报,150-500人,C轮,东城区,高级PHP开发工程师,5-10年,本科,25k-40k,纯互联网电商公司，亿万流量，百万日活
北京吾好科技发展有限公司,吾好科技,150-500人,A轮,朝阳区,大数据开发工程师,3-5年,本科,15k-30k,"五险一金,成长迅速,期权鼓励,优秀团队"
爱笔（北京）智能科技有限公司,Aibee,50-150人,天使轮,海淀区,商品识别算法科学家/工程师,1-3年,本科,50k-100k,"创业公司,技术大牛,免费午晚餐"
北京汇文立业文化传播有限公司,北京汇文立业文化传播有限公司,50-150人,B轮,昌平区,PHP高级工程师,不限,不限,18k-28k,双休 五险一金 团建 饭补 全勤奖
北京志凌海纳科技有限公司,SmartX,50-150人,B轮,海淀区,时光机研发工程师,不限,本科,20k-40k,"团队好,大牛多"
北京一人一亩田网络科技有限公司,一亩田,150-500人,C轮,海淀区,php开发工程师,3-5年,本科,18k-35k,"两次晋升调,年终奖,股票期权,业务扩张"
北京牛投邦科技咨询有限公司,牛投邦,150-500人,B轮,朝阳区,高级前端工程师,3-5年,本科,18k-30k,快速发展、团队氛围好
北京搜狗科技发展有限公司,搜狗,2000人以上,上市公司,海淀区,购物搜索-后端开发工程师,3-5年,本科,25k-45k,"技术驱动,技术实力雄"
北京闪银奇异科技有限公司,闪银奇异,500-2000人,D轮及以上,朝阳区,运维开发工程师,3-5年,本科,15k-25k,"牛人多,妹子多,空间大,扁平化管理"
北京市商汤科技开发有限公司,商汤科技,2000人以上,C轮,海淀区,AI平台开发工程师/技术经理,5-10年,本科,25k-50k,"核心部门,技术大牛,技术挑战大,空间大"
北京百乘金科科技有限公司,百乘集团,2000人以上,上市公司,朝阳区,Java开发工程师,3-5年,本科,15k-30k,"住房补,五险一金,年终奖金,饭补"
融慧金科金融服务外包（北京）有限公司,融慧金科,50-150人,A轮,朝阳区,JAVA研发工程师,1-3年,本科,15k-30k,"股票期权,年终奖,不打卡,扁平化管理"
北京葡萄智学科技有限公司,葡萄智学,50-150人,未融资,海淀区,Golang开发工程师,1-3年,本科,15k-30k,"ai教育,大牛多,成长快,技术氛围浓厚"
上海七牛信息技术有限公司,七牛云,500-2000人,D轮及以上,朝阳区,后台研发工程师（2019届秋招/2020届实习）,不限,本科,5k-6k,"大牛导师,弹性上班,免费健身"
北京汉升链商科技有限公司,汉升链,少于15人,天使轮,朝阳区,前端研发工程师,5-10年,本科,20k-40k,"区块链,技术驱动,天使轮,前端"
爱笔（北京）智能科技有限公司,Aibee,50-150人,天使轮,海淀区,计算机视觉算法科学家/工程师,1-3年,本科,50k-100k,"技术大牛,国际化团队,创业公司"
北京闪银奇异科技有限公司,闪银奇异,500-2000人,D轮及以上,朝阳区,测试开发工程师,3-5年,本科,25k-30k,薪酬福利好 金融科技独角兽 发展稳健快速
中信百信银行股份有限公司,百信银行,150-500人,不需要融资,朝阳区,测试开发工程师,3-5年,本科,20k-40k,"竞争性待遇,完善的福利"
北京搜狗科技发展有限公司,搜狗,2000人以上,上市公司,海淀区,信息流-开发工程师,1-3年,本科,15k-30k,信息流
北京东方车云信息技术有限公司,易到用车,500-2000人,D轮及以上,东城区,高级PHP工程师,5-10年,本科,20k-35k,年底双薪 弹性上班
北京汇文立业文化传播有限公司,北京汇文立业文化传播有限公司,50-150人,B轮,昌平区,IOS高级开发工程师,3-5年,大专,12k-18k,"双休,五险一金,年终奖,饭补房补"
普信恒业科技发展（北京）有限公司,宜信,2000人以上,上市公司,朝阳区,平台开发工程师,3-5年,本科,20k-35k,"TOP金融,核心项目,技术氛围好,弹性工时"
深圳码隆科技有限公司,码隆科技,50-150人,B轮,海淀区,全栈工程师,1-3年,本科,18k-30k,"海边办公室,大牛云集,包午餐,成长空间大"
上海卓赞教育科技有限公司,DaDa,500-2000人,C轮,朝阳区,运维开发工程师,3-5年,本科,18k-36k,行业top 团队大牛 福利优厚
广州摩翼信息科技有限公司,翼课网,500-2000人,不需要融资,大兴区,运维开发工程师,1-3年,本科,15k-25k,"团队优秀,餐补水果,弹性办公,快速成长"
北京小熊博望科技有限公司,小熊博望,150-500人,不需要融资,海淀区,Java研发工程师,3-5年,本科,20k-35k,专业团队 广阔空间 快速成长
海致网络技术（北京）有限公司,海致,150-500人,C轮,,服务端开发工程师（核心业务）,不限,本科,15k-25k,"技术挑战,福利齐全,成长空间,期权"
北京红赢科技有限公司,红赢科技,50-150人,不需要融资,海淀区,java高级软件工程师,5-10年,本科,25k-50k,"科技创新,五险一金,晋升空间,地铁周边"
北京四方启点科技有限公司,四方启点,150-500人,未融资,海淀区,自动化测试开发工程师,1年以下,本科,17k-25k,"福利好,待遇佳,地铁周边"
北京狸米科技有限公司,狸米科技,150-500人,B轮,朝阳区,PHP工程师,3-5年,本科,15k-26k,"成长空间大,大牛多"
中信百信银行股份有限公司,百信银行,150-500人,不需要融资,朝阳区,智能安全开发工程师,3-5年,本科,20k-40k,竞争力待遇、完善的福利、技术氛围好
北京国双科技有限公司,Gridsum 国双,500-2000人,上市公司,海淀区,Devops平台高级研发工程师,3-5年,本科,15k-25k,六险一金 年终分红 年度旅游 试用期全额
北京字节跳动科技有限公司,字节跳动,2000人以上,C轮,海淀区,NewSQL研发工程师,3-5年,本科,30k-60k,六险一金，高薪期权，弹性工作，免费三餐
北京盛安德科技发展有限公司,北京盛安德,150-500人,不需要融资,西城区,Web前端开发工程师,5-10年,大专,20k-30k,"弹性工作,发展空间大,团队氛围好,独立发展"
苏州思必驰信息科技有限公司,思必驰科技,150-500人,C轮,海淀区,北京研发院-高级前端开发工程师,5-10年,本科,20k-40k,"AI,弹性上班"
北京汉升链商科技有限公司,汉升链,少于15人,天使轮,朝阳区,Node.js 研发工程师,5-10年,本科,25k-40k,团队技术氛围浓厚，创始人来自Google
贝壳找房（北京）科技有限公司,贝壳,2000人以上,C轮,海淀区,系统研发高级开发工程师,3-5年,本科,30k-50k,"15薪,大平台,三餐免费,健身房"
广州摩翼信息科技有限公司,翼课网,500-2000人,不需要融资,,PHP研发工程师,1-3年,本科,10k-16k,大牛云集、激情团队、美女如云
南京蓝鲸人网络科技有限公司,美篇,50-150人,B轮,海淀区,运维开发工程师,3-5年,本科,15k-30k,"牛人多,扁平管理,弹性工作"
北京摩点会想科技有限公司,摩点网,50-150人,A轮,朝阳区,go语言高级开发工程师,3-5年,本科,20k-30k,"新三板上市,六险一金,带薪假期,年底奖金"
北京蓦然认知科技有限公司,蓦然认知科技,50-150人,A轮,海淀区,语音识别研发工程师,1-3年,硕士,25k-50k,高管直招、顶尖NLU团队、发展潜力大
新华世纪电子商务有限公司,新华电商,50-150人,上市公司,大兴区,前端开发工程师,3-5年,本科,12k-20k,"六险一金,全年15薪,7小时工作,周末双休"
北京趣拿软件科技有限公司,去哪儿网,2000人以上,不需要融资,海淀区,高级前端开发工程师-玩乐事业部(J12779),3-5年,本科,20k-30k,"六险一金,弹性工作,晋升空间大"
北京睿企信息科技有限公司,北京睿企信息科技有限公司,15-50人,A轮,朝阳区,机器学习算法开发工程师,1-3年,本科,20k-30k,"技术大牛,丰富团建,免费午餐,薪酬潜力股"
北京江民新科技术有限公司,江民,50-150人,未融资,海淀区,linux工程师,3-5年,大专,10k-20k,"员工体检,员工旅游,五险一金"
北京字节跳动科技有限公司,字节跳动,2000人以上,C轮,海淀区,监控系统开发工程师,3-5年,本科,25k-40k,六险一金，弹性工作，免费三餐，租房补贴
中科天玑数据科技股份有限公司,中科天玑,150-500人,B轮,海淀区,大数据开发工程师,3-5年,本科,15k-25k,"待遇优厚,福利多多,人性化管理,平台好"
阳光保险集团股份有限公司,阳光产险信保事业部,2000人以上,不需要融资,朝阳区,机器学习/算法工程师,3-5年,本科,20k-40k,"晋升空间大,年终奖金高,技术大牛多,福利丰厚"
北京天泽智云科技有限公司,天泽智云,50-150人,A轮,海淀区,高级java工程师,5-10年,本科,20k-35k,"六险一金,绩效奖金,职位晋升,各种补贴"
贝壳找房（北京）科技有限公司,贝壳,2000人以上,C轮,海淀区,策略工程研发工程师,1-3年,本科,20k-40k,"15薪,13天年假,逢节必过,免费三餐"
北京趣拿软件科技有限公司,去哪儿网,2000人以上,不需要融资,海淀区,高级测试开发工程师-金融事业部(J10609),5-10年,本科,15k-30k,福利待遇好
欧科互动网络科技（北京）有限公司,OKCoin,500-2000人,B轮,海淀区,测试开发工程师,3-5年,本科,15k-30k,"技术型,氛围好,福利多"
杭州有赞科技有限公司,有赞,500-2000人,上市公司,朝阳区,测试开发工程师（支付事业部）-北京-00327,3-5年,本科,15k-30k,福利好待遇佳，团队氛围好，有技术大牛
北京妙医佳信息技术有限公司,妙健康,150-500人,B轮,朝阳区,高级Java开发工程师,3-5年,本科,20k-30k,"六险一金,带薪年级,福利好,平台广"
北京言之有物科技有限公司,言之有物科技,50-150人,A轮,朝阳区,搜索引擎开发工程师,1-3年,本科,15k-30k,"工作氛围好,电商,挑战大,福利优厚"
北京轻松筹网络科技有限公司,轻松筹,500-2000人,C轮,东城区,PHP开发工程师-JS,3-5年,本科,18k-30k,"五险一金,绩效奖金,带薪年假"
融慧金科金融服务外包（北京）有限公司,融慧金科,50-150人,A轮,朝阳区,高级JAVA研发工程师,3-5年,本科,25k-50k,"带薪年假,五险一金,地铁周边,年终奖"
北京创新伙伴教育科技有限公司,智课网,500-2000人,B轮,海淀区,NLP研发工程师,不限,本科,20k-30k,"七险一金,绩效奖金,牛人带队,发展空间大"
艾普拉斯投资顾问（北京）有限公司,以太创服,150-500人,B轮,朝阳区,算法工程师,不限,本科,20k-30k,"团队背景强,发展空间大,成长快"
北京和讯在线信息咨询服务有限公司,和讯网,150-500人,不需要融资,朝阳区,大数据开发工程师(000871),3-5年,大专,15k-30k,"六险一金,弹性工作,绩效奖金,午餐补助"
北京字节跳动科技有限公司,字节跳动,2000人以上,C轮,海淀区,服务器端研发工程师,3-5年,本科,25k-50k,六险一金，弹性工作，免费三餐，租房补贴
北京火币天下网络技术有限公司,火币网,150-500人,A轮,海淀区,资深/高级开发工程师,3-5年,本科,20k-40k,"六险一金,午餐补助,下午茶,区块链行业"
北京狸米科技有限公司,狸米科技,150-500人,B轮,朝阳区,高级PHP开发工程师,5-10年,本科,20k-40k,"成长空间大,公司福利好"
北京量子金服网络科技有限公司,量子金服,50-150人,B轮,朝阳区,C++软件开发（2019年校招）,1年以下,硕士,18k-25k,六险一金 下午茶 团建
北京我最在行信息技术有限公司,在行,50-150人,A轮,朝阳区,算法工程师（应届毕业生）,1年以下,硕士,10k-20k,"北京户口,内部培训,领导体贴,团队融洽"
北京知多星科技有限公司,Flow++,15-50人,A轮,海淀区,高级C/C++研发工程师,3-5年,本科,15k-30k,"定期团建,发展空间大,技术驱动"
深思考人工智能机器人科技（北京）有限公司,深思考人工智能机器人,50-150人,A轮,海淀区,机器学习与算法工程师/研究员,不限,硕士,15k-30k,"前沿公司,大平台"
北京睿企信息科技有限公司,北京睿企信息科技有限公司,15-50人,A轮,朝阳区,Java开发工程师,1-3年,本科,15k-30k,"人工智能,技术大牛,丰富团建,免费两餐"
思特沃克软件技术（成都）有限公司,ThoughtWorks,2000人以上,不需要融资,东城区,JAVA,5-10年,不限,15k-30k,"技术大牛,外资公司,扁平化管理,敏捷教父"
北京易数科技有限公司,GrowingIO,150-500人,B轮,朝阳区,运维开发工程师,3-5年,本科,20k-35k,期权激励、硅谷文化、牛人共事、技术驱动
北京旷视科技有限公司,Face++,500-2000人,C轮,海淀区,研究软件开发工程师,3-5年,本科,25k-50k,核心团队
深圳市有鱼智能科技有限公司,有鱼智能科技,150-500人,上市公司,朝阳区,量化交易开发高级工程师,3-5年,本科,28k-45k,"BAT团队,扁平管理,极客文化,上市券商"
北京舟济科技有限公司,松鼠拼拼,500-2000人,A轮,东城区,高级运维开发工程师,3-5年,本科,20k-30k,团队氛围好、领导nice
同程网络科技股份有限公司,同程艺龙,2000人以上,D轮及以上,朝阳区,运维研发工程师（北京）-2019秋招,不限,本科,8k-16k,上市公司、弹性工作
杏树林信息技术（北京）有限公司,杏树林,150-500人,C轮,东城区,Java高级开发工程师,5-10年,本科,25k-35k,"一日三餐,水果零食,私人医生,近地铁"
北京字节跳动科技有限公司,字节跳动,2000人以上,C轮,海淀区,Serverless/FaaS 研发工程师,不限,本科,30k-60k,六险一金，免费三餐，租房补贴
北京易数科技有限公司,GrowingIO,150-500人,B轮,朝阳区,移动端测试开发工程师,3-5年,本科,20k-35k,期权激励、硅谷文化、牛人共事、技术驱动
中信百信银行股份有限公司,百信银行,150-500人,不需要融资,朝阳区,算法工程师,不限,硕士,30k-60k,"算法,数据挖掘,机器学习,深度学习"
克鲁（北京）网络科技有限公司,Castbox,50-150人,B轮,朝阳区,高级 Java 开发工程师,3-5年,本科,20k-40k,"大牛云集,硅谷文化,七险一金,租房补贴"
深圳佑驾创新科技有限公司,MINIEYE,150-500人,A轮,海淀区,后端开发工程师,1-3年,本科,15k-30k,"无人驾驶,车厂合作,扁平化管理,股票期权"
北京幻想纵横网络技术有限公司,百度文学,150-500人,未融资,朝阳区,高级java开发工程师-百度文学,3-5年,本科,15k-25k,六险一金、餐补补助、通讯补助、十五薪
广州摩翼信息科技有限公司,翼课网,500-2000人,不需要融资,大兴区,PHP高级研发工程师,1-3年,本科,10k-20k,大牛云集、激情团队、美女如云
贝壳找房（北京）科技有限公司,贝壳,2000人以上,C轮,海淀区,策略工程研发工程师,1-3年,本科,20k-40k,"扁平管理,六险二金,免费三餐,弹性工作"
北京数字联盟网络科技有限公司,数盟网络,50-150人,B轮,海淀区,安卓开发工程师,1-3年,本科,15k-20k,"爆发式成长,成长空间,数据敏感,福利丰厚"
北京嘀嘀无限科技发展有限公司,滴滴出行,2000人以上,不需要融资,海淀区,移动端测试开发工程师,应届毕业生,本科,23k-25k,发展前景
北京香侬慧语科技有限责任公司,香侬科技,50-150人,A轮,海淀区,前端工程师,3-5年,本科,20k-30k,"核心团队,免费双餐,五险一金,扁平管理"
北京雪球信息科技有限公司,雪球,150-500人,D轮及以上,朝阳区,高级Java开发工程师-社区,3-5年,本科,20k-40k,"六险一金,免费午餐,扁平管理,成长空间大"
芋头科技（杭州）有限公司,Rokid,150-500人,B轮,海淀区,信号处理高级工程师,3-5年,硕士,25k-50k,"博士云集,年底双薪,期权,补充医疗险"
北京汇文立业文化传播有限公司,北京汇文立业文化传播有限公司,50-150人,B轮,昌平区,ios高级开发工程师,3-5年,本科,14k-18k,"双休,五险一金,年终奖,饭补房补"
非凡维格（北京）信息科技有限公司,Weego Travel,15-50人,B轮,朝阳区,技术经理,5-10年,本科,30k-40k,国际产品；带薪年假；开放办公
北京字节跳动科技有限公司,字节跳动,2000人以上,C轮,海淀区,广告投放技术专家-核心广告系统,1-3年,本科,25k-50k,"六险一金,弹性工作,免费三餐,租房补贴"
生命奇点（北京）科技有限公司,生命奇点,50-150人,A轮,海淀区,ETL开发工程师,不限,本科,12k-24k,"项目前景好,发展空间大,团队氛围好,技术导向"
北京明略软件系统有限公司,明略数据,150-500人,C轮,海淀区,java开发工程师,3-5年,本科,20k-35k,六险一金，各种团建
北京三快在线科技有限公司,美团点评,2000人以上,D轮及以上,朝阳区,LBS算法工程师/技术专家,3-5年,本科,30k-60k,"优秀团队,弹性工作,发展空间,战略业务"
北京质心教育科技有限公司,质心教育,50-150人,A轮,海淀区,c++开发工程师,3-5年,本科,20k-30k,公司发展、团队氛围、薪酬福利
北京云动九天科技有限公司,省钱快报,150-500人,C轮,东城区,运维开发工程师,3-5年,本科,20k-35k,"七险一金,免费三餐,弹性工作制,大牛多"
北京爱和健康科技有限公司,iHealth,150-500人,不需要融资,海淀区,后端开发工程师,3-5年,本科,13k-20k,弹性工作、百变下午茶、节日福利
北京市商汤科技开发有限公司,商汤科技,2000人以上,C轮,海淀区,后端研发工程师,3-5年,本科,20k-40k,"优秀团队,发展机会多"
北京翼鸥教育科技有限公司,翼鸥教育,50-150人,B轮,海淀区,PHP高级开发工程师（5年以上者！）,5-10年,本科,30k-50k,"年底14薪,提供三餐,团队大牛多,带薪年假"
北京乐城堡科技有限公司,JoyCastle,15-50人,不需要融资,朝阳区,高级Node.js后端研发工程师,3-5年,本科,20K-35K,"交通便利,办公环境好,福利待遇好,团队氛围好"
北京优护创智健康科技有限责任公司,优护家,50-150人,A轮,朝阳区,技术经理,5-10年,本科,30k-50k,"美味午餐,不定期团建,带薪年假,扁平管理"
轻易科技有限公司,轻易贷,2000人以上,上市公司,海淀区,高级运维开发工程师,3-5年,大专,22k-35k,"弹性工作制,扁平化管理,绩效奖金,核心业务"
北京轻松筹网络科技有限公司,轻松筹,500-2000人,C轮,东城区,运维开发工程师,3-5年,大专,15k-25k,"技术咖,氛围好,平台好"
北京理房通支付科技有限公司,理房通,150-500人,不需要融资,海淀区,高级测试开发工程师,3-5年,本科,20k-40k,六险一金
北京言之有物科技有限公司,言之有物科技,50-150人,A轮,朝阳区,数据挖掘开发工程师,1-3年,本科,15k-30k,"工作氛围好,电商,时尚电商,扁平管理"
