公司状态,公司规模,链接,职位,薪资,地址,经验,学历,公司名,公司类型,联系人,职务,时间
已上市,10000人以上,https://www.zhipin.com/job_detail/eaaec8791aa26df11Xx-2NS8E1U~.html,Python,25k-50k,北京 朝阳区 望京,5-10年,本科,阿里巴巴集团,互联网,戴官宏,招聘者,发布于10月23日
D轮及以上,10000人以上,https://www.zhipin.com/job_detail/40e5b48ae110a9f81HV62dm8GFU~.html,Python,20k-40k,北京 海淀区 北京大学,经验不限,本科,今日头条,移动互联网,张杨涛,招聘者,发布于12月09日
已上市,10000人以上,https://www.zhipin.com/job_detail/1ea24fe41f1925291nRz0t69EVE~.html,Python,15k-30k,北京 海淀区 西北旺,经验不限,本科,百度,互联网,李政,招聘者,发布于12月06日
已上市,10000人以上,https://www.zhipin.com/job_detail/3ca7802c2c678fb71XJ839q7GVA~.html,Python,40k-50k,北京 朝阳区 望京,5-10年,本科,阿里集团,移动互联网,杨晨,招聘者,发布于09月17日
C轮,1000-9999人,https://www.zhipin.com/job_detail/7dbf05564030964a1HR42Ni8E1U~.html,Python,20k-30k,北京 海淀区 中关村,3-5年,本科,旷视科技,移动互联网,F先生,移动开发,发布于11月24日
不需要融资,500-999人,https://www.zhipin.com/job_detail/27c87ee2739d950c1HR-3t--FlM~.html,python工程师,15k-30k,北京 朝阳区 团结湖,3-5年,本科,中方信富,互联网金融,方亚楠,人事专员,发布于11月29日
已上市,1000-9999人,https://www.zhipin.com/job_detail/42db2756750a587b1XN539-_E1M~.html,Python,20k-40k,北京 海淀区 北京大学,1-3年,硕士,爱奇艺,互联网,雷威,招聘者,发布于10月01日
不需要融资,100-499人,https://www.zhipin.com/job_detail/daadf3287abc01d41XJ62dS1E1Q~.html,Python,25k-50k,北京 朝阳区 常营,3-5年,本科,拿云智成,互联网,赵杨,招聘者,发布于09月07日
D轮及以上,10000人以上,https://www.zhipin.com/job_detail/4d2cf6e2e885511a1XV60t67ElI~.html,Python,25k-40k,北京 海淀区 双榆树,1-3年,本科,今日头条,移动互联网,陈杰,工程师,发布于05月30日
A轮,500-999人,https://www.zhipin.com/job_detail/7ea565cc290f201d1X192Ny_GVI~.html,python,20k-40k,北京 海淀区 清河,3-5年,本科,千锋互联科技,在线教育,李海宁,招聘者,发布于11月15日
D轮及以上,10000人以上,https://www.zhipin.com/job_detail/0e141339ff44e0751HR42d-_EFE~.html,Python,30k-60k,北京 海淀区 知春路,3-5年,本科,今日头条,移动互联网,徐秀丽,招聘者,发布于11月23日
已上市,10000人以上,https://www.zhipin.com/job_detail/748e99363f53f18f1XJ52Nq_ElA~.html,Python,25k-50k,北京 海淀区 马连洼,1年以内,本科,百度,互联网,张驰,招聘者,发布于12月06日
A轮,100-499人,https://www.zhipin.com/job_detail/5abed50fdcfdd3461XN83di8GFQ~.html,Python,20k-40k,北京 海淀区 世纪城,经验不限,本科,海知智能,互联网,李媛媛,招聘者,发布于10月10日
C轮,1000-9999人,https://www.zhipin.com/job_detail/dacb23b5117958091HR40t24EFc~.html,python,15k-30k,北京 朝阳区 望京,3-5年,本科,云校,互联网,王女士,招聘者,发布于11月26日
天使轮,0-20人,https://www.zhipin.com/job_detail/7d7378d92c1c2be31nN43Ni6F1U~.html,Python,20k-35k,北京 海淀区 魏公村,1-3年,本科,一起竞赛网,在线教育,刘志军,CTO,发布于12月01日
A轮,1000-9999人,https://www.zhipin.com/job_detail/2c3c8a332a7478681Xx52d-9FFI~.html,Python,30k-50k,北京 海淀区 上地,1-3年,本科,百度金融,互联网,张会奇,招聘者,发布于10月22日
已上市,1000-9999人,https://www.zhipin.com/job_detail/5123950f3d1c20851nZz29-4EFc~.html,Python,15k-30k,北京  ,3-5年,本科,金风科技,计算机软件,陈工,团队主管,发布于07月28日
未融资,100-499人,https://www.zhipin.com/job_detail/59f8500113ffb0171XJ42NS1F1A~.html,python,10k-16k,北京 海淀区 中关村,1-3年,本科,云智汇信息,企业服务,叶强,人事招聘,发布于09月11日
D轮及以上,1000-9999人,https://www.zhipin.com/job_detail/bcb9a2e1707c57ad1XB_29W5EVA~.html,Python,20k-40k,北京 海淀区 万柳,3-5年,本科,饿了么,O2O,吴先生,招聘者,发布于08月10日
已上市,10000人以上,https://www.zhipin.com/job_detail/d4f1b15eb47cce721X1929W7FVE~.html,Python工程师,15k-20k,北京 朝阳区 建国路,1-3年,本科,和信信息,互联网金融,赵浩宇,招聘经理,发布于11月14日
C轮,100-499人,https://www.zhipin.com/job_detail/720b4fed5091a9371XF_3NS_EFs~.html,Python,15k-30k,北京 海淀区 上地,3-5年,本科,中睿天下,互联网,胡书玲,人事部经理,发布于11月01日
已上市,100-499人,https://www.zhipin.com/job_detail/0287ee75a5b46d931X180929ElU~.html,Python,18k-36k,北京 朝阳区 三元桥,3-5年,本科,智美体育集团,其他行业,梁女士,全民健身大数据平台总监,发布于11月14日
天使轮,100-499人,https://www.zhipin.com/job_detail/c77c1a909031c5131XNy2du8EVc~.html,Python,20k-40k,北京 海淀区 上地,3-5年,本科,Aibee,互联网,高敏,招聘者,发布于11月15日
已上市,10000人以上,https://www.zhipin.com/job_detail/0974919197dc9ec11nJ929i-FVo~.html,Python,20k-40k,北京 朝阳区 亚运村,5-10年,本科,京东集团,电子商务,宋增超,招聘者,发布于12月06日
已上市,10000人以上,https://www.zhipin.com/job_detail/2471b68bc348a9211HR92ti9GVY~.html,python开发,12k-16k,北京 朝阳区 望京,3-5年,大专,博彦科技,计算机软件,徐媛媛,招聘者,发布于12月03日
D轮及以上,10000人以上,https://www.zhipin.com/job_detail/1b5dfc35da3121301Xd829i7Fls~.html,python工程师,20k-40k,北京 海淀区 苏州街,3-5年,本科,今日头条,移动互联网,王密,HRBP,发布于07月24日
B轮,100-499人,https://www.zhipin.com/job_detail/c13de02633f7a1491HRz2tm7FlI~.html,Python,15k-20k,北京 海淀区 学院路,1-3年,本科,志翔科技,信息安全,王立伟,云计算工程师,发布于12月06日
不需要融资,1000-9999人,https://www.zhipin.com/job_detail/8c36e374dcc515e81HRy39q9GFo~.html,Python,12k-17k,北京 朝阳区 望京,3-5年,大专,武汉佰钧成,计算机软件,张盛,HR,发布于12月05日
不需要融资,100-499人,https://www.zhipin.com/job_detail/420178445baf270d1XJ629q0GVU~.html,Python,20k-40k,北京 海淀区 北太平庄,3-5年,本科,混沌研习社,在线教育,杨帆,招聘者,发布于09月06日
B轮,100-499人,https://www.zhipin.com/job_detail/3515c4b6aeb77ffc1XN439u_F1Q~.html,Python,10k-15k,北京 海淀区 魏公村,3-5年,本科,广视通达,移动互联网,Susan,人力资源经理,发布于09月28日
A轮,20-99人,https://www.zhipin.com/job_detail/a049ed96c33c0f9d1XRy2dS8F1I~.html,Python,15k-25k,北京 海淀区 五道口,5-10年,本科,水木品格,医疗健康,吴路,技术总监,发布于05月30日
未融资,0-20人,https://www.zhipin.com/job_detail/6505dc44801079261HRz2t29FlM~.html,Python,30k-50k,北京 朝阳区 大山子,经验不限,本科,艾鹏承远,电子商务,梁凯,招聘者,发布于12月06日
D轮及以上,500-999人,https://www.zhipin.com/job_detail/46b4d18388f30b571Xd809-_FlQ~.html,Python,18k-25k,北京 海淀区 苏州街,3-5年,本科,乐元素,游戏,张圣爱,招聘者,发布于12月06日
B轮,100-499人,https://www.zhipin.com/job_detail/cf32823be47d49fa1HR92d--GVA~.html,python,12k-24k,北京 朝阳区 东大桥,3-5年,本科,车势科技,互联网,李林林,招聘者,发布于昨天
已上市,10000人以上,https://www.zhipin.com/job_detail/1d0bc53062148c9d1HR62Ny0EVQ~.html,Python讲师,15k-30k,北京 海淀区 清河,1-3年,本科,中公教育,在线教育,王艳莉,HR,发布于11月20日
D轮及以上,100-499人,https://www.zhipin.com/job_detail/e7b8281775aec7ef1X172d25FFA~.html,Python(北京）,18k-36k,北京 朝阳区 东大桥,3-5年,本科,蜻蜓FM,互联网,常夕露,HRBP,发布于11月05日
不需要融资,20-99人,https://www.zhipin.com/job_detail/1be1bc10532228341XR_3N-7F1E~.html,Python工程师,8k-15k,北京 朝阳区 三元桥,1-3年,本科,Pocoweb,数据服务,孙立文,CEO,发布于11月29日
B轮,500-999人,https://www.zhipin.com/job_detail/0ad1c2692afdc2301XN80t61FlY~.html,Python,10k-20k,北京 海淀区 五道口,3-5年,本科,魔门塔科技,计算机软件,安浩然,招聘者,发布于10月10日
不需要融资,1000-9999人,https://www.zhipin.com/job_detail/dc102355f765f8a11HR40tS1FVI~.html,Python爬虫工程师,15k-30k,北京 丰台区 花乡,3-5年,本科,数创天下,数据服务,任宪顺,爬虫组经理,发布于11月26日
未融资,100-499人,https://www.zhipin.com/job_detail/8e833862e0884a5e0XV42t27Fg~~.html,Python,10k-20k,北京 朝阳区 豆各庄,经验不限,学历不限,其卡通动画,音乐/视频/阅读,杜文,三维总监,发布于12月05日
A轮,100-499人,https://www.zhipin.com/job_detail/ef667206de0e84931XF83Nm_F1s~.html,Python,15k-25k,北京 海淀区 紫竹桥,3-5年,本科,美轮科技,电子商务,程坚,CHO,发布于10月09日
B轮,100-499人,https://www.zhipin.com/job_detail/3cc688b8a47685b61XZ82N24FVc~.html,python,15k-25k,北京 昌平区 回龙观,经验不限,本科,美洽,互联网,孟影,招聘,发布于07月04日
未融资,20-99人,https://www.zhipin.com/job_detail/14d739fa6a82925e1HR_2tS1EVU~.html,python,15k-25k,北京 朝阳区 建国路,3-5年,本科,景星科技,互联网,钟女士,人事专员,发布于11月29日
不需要融资,100-499人,https://www.zhipin.com/job_detail/e4c4acb066d2471b1XF53t-4GVs~.html,python,15k-20k,北京 朝阳区 大山子,1年以内,本科,九易广告,广告营销,anne,招聘主管,发布于08月27日
B轮,100-499人,https://www.zhipin.com/job_detail/60aba88228a13e2e0XV639m8Eg~~.html,Python,16k-25k,北京 朝阳区 朝外,经验不限,本科,车势科技,互联网,黄海凤,招聘者,发布于12月05日
D轮及以上,10000人以上,https://www.zhipin.com/job_detail/e7dbbaaa08efe42e1nJ-2d-6Flo~.html,Python,30k-60k,北京 海淀区 中关村,3-5年,本科,滴滴出行,移动互联网,张强,招聘者,发布于12月06日
天使轮,100-499人,https://www.zhipin.com/job_detail/36c47e94057d94cd1HRz2tq1FlE~.html,python,11k-18k,北京 顺义区 后沙峪,1-3年,本科,金泰亚盛,计算机软件,徐女士,招聘者,发布于12月06日
不需要融资,20-99人,https://www.zhipin.com/job_detail/c8d65d19ba3eec1f1nN82ty5EVU~.html,Python,14k-20k,北京  ,3-5年,大专,红果科技,移动互联网,赵继远,技术总监,发布于昨天
,100-499人,https://www.zhipin.com/job_detail/8e4408c264072ebc1nJ-3tu7GFY~.html,Python,20k-40k,北京 海淀区 五道口,1年以内,本科,联袂互动,互联网,焦正,技术总监,发布于04月25日
不需要融资,20-99人,https://www.zhipin.com/job_detail/6c30ac3c44f29cf01nJ429-5Ew~~.html,北京Python,13k-20k,北京 海淀区 上地,3-5年,本科,码博科技,计算机软件,马建军,总工程师,发布于11月23日
C轮,1000-9999人,https://www.zhipin.com/job_detail/3a78d05b8eb1bef21nJ_3ti_FFc~.html,python高级后端工程师,25k-50k,北京 海淀区 中关村,3-5年,本科,旷视科技,移动互联网,王月,HR,发布于12月06日
D轮及以上,10000人以上,https://www.zhipin.com/job_detail/c0cecae1bce8589b1XV439W9GFo~.html,高级python工程师,40k-60k,北京 海淀区 苏州街,3-5年,本科,今日头条,移动互联网,王密,HRBP,发布于06月03日
已上市,10000人以上,https://www.zhipin.com/job_detail/8cae0c8480af7afe1HR709S6FVo~.html,Python 讲师,15k-30k,北京 海淀区 学院路,3-5年,本科,中公教育,在线教育,于小霜,招聘者,发布于11月23日
C轮,20-99人,https://www.zhipin.com/job_detail/8d0a0236e17417431nx829q0Els~.html,Python,13k-20k,北京 朝阳区 望京,5-10年,本科,星澜科技,互联网,侯树明,ceo,发布于11月19日
天使轮,0-20人,https://www.zhipin.com/job_detail/697074077a4a63661nZ73t2_EFc~.html,Python,8k-16k,北京 海淀区 学院路,1-3年,本科,芽芽科技,互联网,常东升,CEO,发布于12月06日
C轮,10000人以上,https://www.zhipin.com/job_detail/31953aff5d59862a1HR53tW7ElQ~.html,Python开发工程师,10k-15k,北京 顺义区 马坡,3-5年,本科,京北方,互联网金融,李佳恩,招聘主管,发布于11月27日
天使轮,20-99人,https://www.zhipin.com/job_detail/7460dc4236625b7f1XV_3N-_E1I~.html,Python,15k-25k,北京 海淀区 万寿路,3-5年,本科,BoringKillerLtd,移动互联网,刘倩倩,人事,发布于08月31日
,20-99人,https://www.zhipin.com/job_detail/b623ef0f941a069d1HR90t29EVQ~.html,Python,11k-18k,北京 海淀区 学院路,3-5年,本科,指动科技,计算机软件,李女士,招聘者,发布于12月04日
未融资,500-999人,https://www.zhipin.com/job_detail/f03a53e892f9b4f31nN_29-1GFY~.html,Python讲师,20k-35k,北京 房山区 窦店,3-5年,本科,北网,在线教育,史杏然,招聘者,发布于07月25日
不需要融资,100-499人,https://www.zhipin.com/job_detail/df5b4577270bd4291XJ53Nu1F1U~.html,高级Python,35k-65k,北京 朝阳区 望京,5-10年,本科,柯贝互动,数据服务,苏杰,招聘者,发布于11月30日
不需要融资,20-99人,https://www.zhipin.com/job_detail/90b70dd44200bf711nd_0ti-FVo~.html,python,14k-24k,北京  ,3-5年,本科,险峰长青,移动互联网,洲哲,HR,发布于12月06日
A轮,500-999人,https://www.zhipin.com/job_detail/e840c1b8a8a3c29f1X153di-F1E~.html,Python教研,25k-50k,北京 海淀区 清河,3-5年,本科,千锋互联,在线教育,张现芳,招聘专员,发布于11月26日
B轮,100-499人,https://www.zhipin.com/job_detail/a9821a06d6a943871XZ739u5FVI~.html,Python 工程师,40k-60k,北京 朝阳区 三元桥,5-10年,本科,裕木,生活服务,徐宁,招聘者,发布于09月10日
不需要融资,20-99人,https://www.zhipin.com/job_detail/5aeb49f6680025941XBz39m4EVI~.html,Python,10k-14k,北京 朝阳区 国贸,1-3年,大专,贰伍陆,广告/公关/会展,杨东方,总务,发布于08月19日
A轮,20-99人,https://www.zhipin.com/job_detail/388dc0e656d8bbfc1X1-2t2-Elc~.html,python开发,30k-60k,北京 东城区 东直门,经验不限,本科,客知音,计算机软件,Alice,招聘者,发布于11月09日
未融资,0-20人,https://www.zhipin.com/job_detail/d8711cf59ba6266c1XJ929i7ElI~.html,Python,10k-15k,北京 东城区 雍和宫,1-3年,本科,北京森特时代科技,互联网,张女士,人事行政主管,发布于09月18日
B轮,100-499人,https://www.zhipin.com/job_detail/a189fe9a827e2dd71HR_09--FlI~.html,Python爬虫,5k-6k,北京 海淀区 五道口,应届生,本科,阿凡题,移动互联网,雷蕾,HRBP,发布于12月07日
B轮,20-99人,https://www.zhipin.com/job_detail/506d49b7360ebaa21X183N-_FFM~.html,Python工程师,20k-30k,北京 海淀区 牡丹园,5-10年,本科,GeneDock,医疗健康,李厦戎,CEO,发布于11月14日
B轮,1000-9999人,https://www.zhipin.com/job_detail/543b093b767083f51HR62ti6E1o~.html,python工程师,30k-60k,北京 朝阳区 北苑,5-10年,本科,58到家,互联网,申书林,招聘者,发布于11月29日
A轮,20-99人,https://www.zhipin.com/job_detail/aff5207f6b757cdb1n142d2-ElY~.html,Python讲师,25k-50k,北京 昌平区 沙河,1-3年,本科,老男孩IT教育,在线教育,武沛齐,Python教学总监,发布于04月13日
已上市,10000人以上,https://www.zhipin.com/job_detail/1b36338328e650e01Xx62dW-FlM~.html,Python开发,13k-18k,北京 朝阳区 来广营,3-5年,本科,纬创,计算机软件,刘晓宁,HR,发布于昨天
不需要融资,100-499人,https://www.zhipin.com/job_detail/d14bcc70ceebc2fb1nx40tq8F1s~.html,python讲师,30k-50k,北京 昌平区 北七家,3-5年,本科,尚硅谷,在线教育,胡梦缘,讲师,发布于06月01日
B轮,100-499人,https://www.zhipin.com/job_detail/714f0611e75b71001nx52ty-Els~.html,Python工程师,20k-35k,北京 朝阳区 小关,3-5年,本科,好巧网,互联网,耿雷雷,招聘经理,发布于09月26日
B轮,100-499人,https://www.zhipin.com/job_detail/6e43d7e4a57c80521Xd429q5EVI~.html,python服务器,14k-28k,北京 朝阳区 朝外,3-5年,本科,途游游戏,游戏,窦灿,HRBP,发布于07月16日
C轮,1000-9999人,https://www.zhipin.com/job_detail/cdf28a2c63fbc0221XR829-4GFI~.html,Python后端开发工程师,15k-30k,北京 海淀区 中关村,3-5年,本科,旷视科技,移动互联网,王月,HR,发布于05月18日
A轮,500-999人,https://www.zhipin.com/job_detail/9d57a6e3c4521e161XN639u6ElE~.html,Python工程师,15k-25k,北京 朝阳区 高碑店,经验不限,本科,猎户星空,智能硬件,张晓东,招聘主管,发布于09月25日
不需要融资,100-499人,https://www.zhipin.com/job_detail/7b74cca144150acd1XV-2N69EVE~.html,python讲师,40k-70k,北京 房山区 良乡,5-10年,硕士,北京网信华创,培训机构,宋岸泽,运营总监,发布于06月07日
B轮,100-499人,https://www.zhipin.com/job_detail/a2babd482ac688951HV6392_GFA~.html,Python组长,20k-30k,北京 朝阳区 东大桥,5-10年,本科,车势科技,互联网,黄海凤,招聘者,发布于12月09日
B轮,100-499人,https://www.zhipin.com/job_detail/9fa422b2900808d81XN90ty7ElI~.html,python工程师,15k-30k,北京 朝阳区 北苑,3-5年,本科,北京雷石,互联网,苑明玥,人力资源部经理,发布于10月12日
A轮,20-99人,https://www.zhipin.com/job_detail/b0be5e62823ad3581X173tS9FFs~.html,python（ai）,20k-40k,北京 东城区 东直门,经验不限,本科,客知音,计算机软件,王琼,招聘者,发布于11月05日
已上市,10000人以上,https://www.zhipin.com/job_detail/1cf12176fd61f5c21X1929W4E1Q~.html,高级Python工程师,18k-25k,北京 朝阳区 建国路,3-5年,本科,和信信息,互联网金融,赵浩宇,招聘经理,发布于11月14日
不需要融资,20-99人,https://www.zhipin.com/job_detail/d0b00934094bb7de1XZ_2tu_GVY~.html,Python,20k-40k,北京 朝阳区 酒仙桥,3-5年,本科,哦喉科技,互联网,唐女士,招聘者,发布于08月02日
D轮及以上,10000人以上,https://www.zhipin.com/job_detail/789400f78210e6df1Xd-3960FlE~.html,python开发工程师,20k-40k,北京 海淀区 苏州街,1-3年,本科,今日头条,移动互联网,王密,HRBP,发布于07月20日
已上市,1000-9999人,https://www.zhipin.com/job_detail/3e0f7074985498a11XJ93tq1FFc~.html,python工程师,15k-25k,北京 海淀区 苏州街,3-5年,本科,汽车之家,互联网,赵欣,招聘,发布于09月19日
天使轮,20-99人,https://www.zhipin.com/job_detail/e324098939e40ccb1XN93N-5FVI~.html,Python,7k-10k,北京 朝阳区 劲松,1年以内,本科,智教未来人工智能教育,计算机软件,郑建奇,招聘者,发布于10月19日
已上市,10000人以上,https://www.zhipin.com/job_detail/06f45513d081e1f81XJ_09S0EVU~.html,高级python服务工程师,20k-40k,北京 海淀区 西二旗,3-5年,本科,百度,互联网,吕旭光,经理,发布于09月17日
不需要融资,100-499人,https://www.zhipin.com/job_detail/1582fc49d3e8a1c11HR42d-8GVs~.html,Python,28k-35k,北京 朝阳区 常营,5-10年,本科,拿云智成,互联网,张鑫磊,招聘者,发布于11月28日
未融资,20-99人,https://www.zhipin.com/job_detail/2f6ed75e9538e4a91HR43Nq8E1c~.html,Python工程师,25k-35k,北京 朝阳区 太阳宫,3-5年,本科,成都俊佳和,咨询,王家钧,招聘者,发布于12月04日
已上市,500-999人,https://www.zhipin.com/job_detail/e6ddb7006e9d5bd11XF43t29ElE~.html,python工程师,10k-20k,北京  ,1-3年,本科,航班管家,互联网,张穆茜,HRBP,发布于08月24日
D轮及以上,10000人以上,https://www.zhipin.com/job_detail/f2a47b2f40c53bd41XJ93Nm_GVQ~.html,python开发,25k-45k,北京 海淀区 上地,3-5年,本科,滴滴出行,移动互联网,沈女士,招聘者,发布于10月19日
天使轮,0-20人,https://www.zhipin.com/job_detail/b52529ceb20b70481XV_2NW4FlY~.html,Python,5k-6k,北京 海淀区 五道口,3-5年,本科,奥国,培训机构,马璐静,监事,发布于06月09日
A轮,0-20人,https://www.zhipin.com/job_detail/70cb73790bfc4a7d1XR52N-1E1U~.html,Python,15k-16k,北京 朝阳区 立水桥,3-5年,本科,ppmessage,移动互联网,丁贵金,CEO,发布于05月25日
D轮及以上,1000-9999人,https://www.zhipin.com/job_detail/55dbe2a355409c9d1XBy2NW0ElA~.html,Python教研,15k-20k,北京 东城区 北新桥,3-5年,本科,弘成教育,互联网,杜佳,招聘经理,发布于10月22日
不需要融资,1000-9999人,https://www.zhipin.com/job_detail/0d28b774cc34b4ea1XNy2dS-ElA~.html,高级Python后端工程师,26k-52k,北京 朝阳区 大屯,5-10年,本科,百乘金控,互联网金融,叶荣烜,量化负责人,发布于10月12日
C轮,500-999人,https://www.zhipin.com/job_detail/1061a243a2ac86781XV_3dS5ElE~.html,高级python工程师,20k-35k,北京 海淀区 四季青,5-10年,本科,首都在线,互联网,彭杉杉,高级招聘专员,发布于07月04日
已上市,10000人以上,https://www.zhipin.com/job_detail/5e297d9c4f8b69f91X193tq-ElI~.html,Python开发工程师,9k-16k,北京 顺义区 光明,1-3年,本科,文思海辉,计算机软件,王方影,人事专员,发布于12月04日
不需要融资,10000人以上,https://www.zhipin.com/job_detail/8b9fc2f7a5fa87861XN43t66F1E~.html,高级python工程师,28k-50k,北京 朝阳区 朝外,经验不限,本科,国美金控,互联网金融,缪钧玮,招聘者,发布于10月21日
已上市,10000人以上,https://www.zhipin.com/job_detail/e81c29c393fcef851nx53Nu4E1I~.html,Python开发工程师,15k-25k,北京 海淀区 八里庄,5-10年,本科,物美集团,生活服务,廖宇,招聘者,发布于11月17日
,20-99人,https://www.zhipin.com/job_detail/e43058971f8d9d911XJz2ti7FlY~.html,Python工程师,6k-12k,北京 海淀区 紫竹桥,1-3年,本科,柏思睿特,计算机硬件,王伟,招聘者,发布于09月21日
C轮,100-499人,https://www.zhipin.com/job_detail/9db58fc74d6d25541nNy2NS6FVU~.html,Python工程师,25k-35k,北京 朝阳区 太阳宫,1-3年,本科,老虎集团,互联网,张迪,HRBP,发布于11月21日
C轮,1000-9999人,https://www.zhipin.com/job_detail/00f4a8fd8dced21c1HR62dy-GVA~.html,Python开发工程师,4k-6k,北京 海淀区 中关村,应届生,本科,旷视科技,移动互联网,F先生,移动开发,发布于11月21日
已上市,10000人以上,https://www.zhipin.com/job_detail/7abcce4d41e7eb0e1HR73tm-GVQ~.html,python技术经理,30k-50k,北京 海淀区 中关村,5-10年,本科,好未来,互联网,张女士,招聘者,发布于11月22日
已上市,500-999人,https://www.zhipin.com/job_detail/5cfe3a7bb92107e41XVy3NW1Flc~.html,python讲师,20k-38k,北京  ,1-3年,本科,光环国际,在线教育,冯朦朦,HR,发布于06月19日
A轮,20-99人,https://www.zhipin.com/job_detail/b5765a13e4feb4021X1939m5EFo~.html,Python（语音智能）,20k-40k,北京 东城区 东直门,1-3年,本科,客知音,计算机软件,王琼,招聘者,发布于11月21日
天使轮,20-99人,https://www.zhipin.com/job_detail/45b70af3eebea2651HRy2t2-GFI~.html,Python工程师,5k-10k,北京 海淀区 远大路,经验不限,本科,TECHPLAY,在线教育,李晓光,CEO,发布于12月05日
C轮,100-499人,https://www.zhipin.com/job_detail/24c2c74247028f511XJy39W1F1s~.html,Python,20k-35k,北京  ,3-5年,本科,The ONE,互联网,朱悦,招聘者,发布于09月29日
已上市,1000-9999人,https://www.zhipin.com/job_detail/c12a6c0d031a51fb1HR62d2_GFo~.html,python人工智能讲师,25k-40k,北京 昌平区 西三旗,3-5年,大专,传智播客,在线教育,刘东红,招聘者,发布于11月21日
A轮,500-999人,https://www.zhipin.com/job_detail/c1927c95019316b01XN639u0EVY~.html,Python工程师,10k-20k,北京 朝阳区 高碑店,经验不限,本科,猎户星空,智能硬件,张晓东,招聘主管,发布于11月07日
天使轮,100-499人,https://www.zhipin.com/job_detail/9f78a61387b7e0ee1nVy2t-1EFo~.html,Python高级工程师,8k-16k,北京  ,经验不限,本科,北京享睡科技有限公司,移动互联网,朱艳娇,招聘者,发布于12月06日
A轮,100-499人,https://www.zhipin.com/job_detail/136434787437e0b51XB83Nm5GVI~.html,Python工程师,20k-40k,北京 朝阳区 三元桥,3-5年,本科,米可世界,互联网,周晶,招聘者,发布于08月14日
已上市,1000-9999人,https://www.zhipin.com/job_detail/3f56795411c9354e1Xd80tu9F1E~.html,Python后台开发,16k-32k,北京  ,3-5年,本科,猎豹移动,互联网,张洛娃,招聘者,发布于07月25日
未融资,100-499人,https://www.zhipin.com/job_detail/32db79b71c08eb111XJz3ty7GFA~.html,python工程师,20k-30k,北京 朝阳区 三元桥,5-10年,本科,北京行云未来科技...,互联网,李永泽,招聘者,发布于11月15日
B轮,500-999人,https://www.zhipin.com/job_detail/f1447ecec202bbcf1HV62di8E1c~.html,Python开发工程师,15k-25k,北京 朝阳区 望京,5-10年,本科,火花思维,在线教育,王先生,招聘者,发布于12月08日
不需要融资,20-99人,https://www.zhipin.com/job_detail/1a6451f01f9f6d2f1HR_39S4E1s~.html,Python,12k-24k,北京 大兴区 亦庄,经验不限,本科,平中软件,计算机软件,许中,总经理,发布于11月29日
B轮,100-499人,https://www.zhipin.com/job_detail/bca00645de63fe101HRz2N29EFQ~.html,Python,15k-25k,北京  ,经验不限,本科,志翔科技,信息安全,刘明,研发工程师,发布于12月06日
C轮,1000-9999人,https://www.zhipin.com/job_detail/f11f24730b420f5c1nN62t24FVo~.html,Python开发工程师,25k-50k,北京 海淀区 中关村,3-5年,本科,Face++,互联网,尹利,人力资源总监,发布于12月06日
C轮,100-499人,https://www.zhipin.com/job_detail/622f2c9145d696861nV-29y6FVM~.html,python工程师,20k-40k,北京 朝阳区 太阳宫,3-5年,本科,老虎集团,互联网,田超,招聘主管,发布于10月09日
B轮,100-499人,https://www.zhipin.com/job_detail/ccdf63c93bb2cbff1XJz2d-0E1M~.html,Python后端开发工程师,25k-30k,北京 朝阳区 花家地,经验不限,学历不限,柔持英语教育,在线教育,王秀,招聘者,发布于09月21日
A轮,20-99人,https://www.zhipin.com/job_detail/32c3a79a10ddb3a21HR70tm-F1A~.html,Python工程师,10k-15k,北京 朝阳区 望京,1-3年,本科,海马轻帆,移动互联网,王金昕,HR,发布于11月23日
不需要融资,100-499人,https://www.zhipin.com/job_detail/1f9403a7e4715a401HR-0965E1E~.html,Python开发工程师,15k-30k,北京 海淀区 五道口,1-3年,本科,iHandy,移动互联网,曹鹤馨,招聘顾问,发布于11月28日
已上市,10000人以上,https://www.zhipin.com/job_detail/693f605590ded7441Xx83964EFE~.html,Python开发工程师,20k-35k,北京 海淀区 中关村,1-3年,本科,搜狐,移动互联网,高雅馨,HR,发布于10月26日
未融资,100-499人,https://www.zhipin.com/job_detail/f87af9e3ea1e52581HR72N-1F1Y~.html,python高级讲师,20k-25k,北京 昌平区 马池口,5-10年,大专,积云教育,在线教育,李志林,招聘专员,发布于11月24日
B轮,100-499人,https://www.zhipin.com/job_detail/47b13fe8e4c5604f1HR539-4GVM~.html,python架构师,20k-40k,北京 朝阳区 东大桥,10年以上,本科,车势科技,互联网,孟津瑶,招聘者,发布于11月26日
D轮及以上,10000人以上,https://www.zhipin.com/job_detail/31d68c1af825968e1Xd52NW5ElE~.html,后台开发工程师（Python）,20k-40k,北京 海淀区 苏州街,3-5年,本科,今日头条,移动互联网,王密,HRBP,发布于07月18日
A轮,20-99人,https://www.zhipin.com/job_detail/a25266f0565499871ndy3Ny1FlY~.html,Python后端工程师,15k-25k,北京 朝阳区 双井,3-5年,本科,小砖科技,数据服务,Lydia,运营总监,发布于05月15日
B轮,100-499人,https://www.zhipin.com/job_detail/25993ab2dea4e96c1Xd82dy7GFU~.html,Python工程师,20k-40k,北京 朝阳区 潘家园,3-5年,学历不限,诸葛找房网,移动互联网,于海玲,招聘者,发布于07月24日
A轮,100-499人,https://www.zhipin.com/job_detail/45167f0b790a26e91Xd63dq4Els~.html,python爬虫工程师,30k-50k,北京 海淀区 西二旗,5-10年,本科,艾瓦特,互联网,赵娟,人力资源部经理,发布于10月08日
B轮,100-499人,https://www.zhipin.com/job_detail/b5bd88dfd8e7cbf21nJ80tm0ElA~.html,Python工程师,15k-30k,北京 海淀区 学院路,3-5年,本科,志翔科技,信息安全,严朝豪,大数据算法工程师,发布于06月13日
B轮,100-499人,https://www.zhipin.com/job_detail/e3f03927262cb4461nJ60960GFM~.html,python高级工程师,15k-25k,北京 朝阳区 望京,3-5年,本科,厨芯,智能硬件,刘国伟,HR,发布于04月02日
已上市,10000人以上,https://www.zhipin.com/job_detail/c74c88b459f6c97b1HR429i_EFM~.html,python研发工程师,12k-24k,北京 朝阳区 朝外,1-3年,本科,Suning,批发/零售,赵彬,招聘经理,发布于11月23日
已上市,500-999人,https://www.zhipin.com/job_detail/3142ccdf176d89bf1nx52Ny4GVQ~.html,Lead Python Engineer,35k-44k,北京 朝阳区 亮马桥,5-10年,本科,FreeWheel,互联网,邓明珠,HR,发布于03月20日
不需要融资,20-99人,https://www.zhipin.com/job_detail/d87303e2070212551HR509S-FlE~.html,Python工程师,15k-20k,北京 朝阳区 工体,3-5年,本科,北京自造星球科技...,非盈利机构,史颖,招聘者,发布于12月07日
D轮及以上,1000-9999人,https://www.zhipin.com/job_detail/4d650f30b515cd5d1XV_0tS6FlM~.html,python助教,4k-5k,北京 朝阳区 望京,应届生,本科,猿辅导,在线教育,黎惠,编程事业部HR,发布于11月30日
D轮及以上,1000-9999人,https://www.zhipin.com/job_detail/48dfc1e5598593771HR-29u5GVY~.html,Python测试开发,18k-30k,北京 朝阳区 团结湖,3-5年,本科,闪银奇异,移动互联网,董女士,招聘者,发布于11月27日
A轮,20-99人,https://www.zhipin.com/job_detail/f73e09381505ade41nNz3tS1E1M~.html,Python后端开发,15k-25k,北京 朝阳区 大山子,3-5年,本科,互影,音乐/视频/阅读,Sherman,Hr,发布于08月22日
已上市,1000-9999人,https://www.zhipin.com/job_detail/b3053cf2ab2bc33b1XR40ti6FVs~.html,Python高级研发工程师,30k-50k,北京 朝阳区 望京,3-5年,本科,高德地图,互联网,谭景峰,后端研发,发布于12月03日
B轮,100-499人,https://www.zhipin.com/job_detail/b8c5f5b27f83194b1HR80ty9GFU~.html,Python工程师,10k-15k,北京 海淀区 中关村,1-3年,本科,数据堂,互联网,田浩良,招聘专员,发布于12月03日
B轮,500-999人,https://www.zhipin.com/job_detail/60a2da565ca6dd821HR_0tm8FlA~.html,Python研发工程师,27k-50k,北京 海淀区 五道口,1-3年,硕士,魔门塔科技,计算机软件,周裕,HRBP,发布于11月30日
不需要融资,100-499人,https://www.zhipin.com/job_detail/2a42c9be101fee5c1HR_39W7EFc~.html,python开发工程师,28k-40k,北京 海淀区 北京大学,3-5年,本科,曼基朗,计算机软件,王梦云,招聘经理,发布于11月29日
D轮及以上,10000人以上,https://www.zhipin.com/job_detail/163416d70bb478e71XVy2d28ElE~.html,视频后端工程师Python,20k-40k,北京 海淀区 知春路,1-3年,本科,今日头条,移动互联网,叶绍亭,西瓜视频B端负责人,发布于06月15日
,0-20人,https://www.zhipin.com/job_detail/f2b34c034da871821X1729y_F1s~.html,Python技术经理,30k-50k,北京 海淀区 双榆树,5-10年,本科,正信,O2O,董安,招聘者,发布于11月20日
B轮,100-499人,https://www.zhipin.com/job_detail/07c73eedde9c49a21Xd83tu-FVI~.html,Python工程师,25k-40k,北京 海淀区 五道口,3-5年,本科,学堂在线,互联网,Alex,HR,发布于07月25日
天使轮,20-99人,https://www.zhipin.com/job_detail/c4f56d19f3d66dac1XJ62N-1GVE~.html,python工程师,15k-30k,北京 朝阳区 酒仙桥,3-5年,本科,芸品绿,信息安全,商女士,hr,发布于11月23日
A轮,20-99人,https://www.zhipin.com/job_detail/3dcf5164ba15920e1nJ-3tS5Elo~.html,Python工程师,10k-20k,北京 西城区 德胜门,1-3年,本科,兆瑞财智,智能硬件,周园园,HR,发布于03月15日
已上市,10000人以上,https://www.zhipin.com/job_detail/08d8e62c627c36241XN73dS9ElQ~.html,Python开发工程师,20k-30k,北京 海淀区 中关村,3-5年,本科,搜狐媒体,互联网,田婷,高级招聘经理,发布于09月27日
已上市,10000人以上,https://www.zhipin.com/job_detail/d25833db5694e7b11XF73ty5FlE~.html,Python开发/架构,25k-50k,北京 大兴区 ,3-5年,本科,京东集团,电子商务,成女士,招聘者,发布于08月22日
B轮,20-99人,https://www.zhipin.com/job_detail/22d2406a6fcc9a6b1XN939m9GFo~.html,python高级工程师,18k-30k,北京 通州区 ,5-10年,本科,中谷金科,互联网,龚雪,HR,发布于10月19日
未融资,100-499人,https://www.zhipin.com/job_detail/0e74bf3d4e9ee84f1XNz3dy9FlI~.html,python实习生,3k-4k,北京 海淀区 知春路,1年以内,学历不限,中科院计算所,计算机软件,焦帅,项目经理,发布于11月26日
B轮,20-99人,https://www.zhipin.com/job_detail/be09f90ac8422cfd1HR-39q_F1E~.html,python量化交易,10k-15k,北京 朝阳区 朝外,1-3年,本科,通证科技,互联网,滕新平,hr,发布于11月28日
A轮,100-499人,https://www.zhipin.com/job_detail/72857c190e626af21HR63du0EFc~.html,python开发工程师,20k-40k,北京 朝阳区 大山子,5-10年,本科,信链,计算机软件,Carol,HR,发布于昨天
已上市,100-499人,https://www.zhipin.com/job_detail/8617d36dd07cee411Xx70tq7FlM~.html,Python工程师,20k-30k,北京 海淀区 ,1-3年,本科,百卓网络,信息安全,薛中爽,招聘者,发布于10月19日
未融资,20-99人,https://www.zhipin.com/job_detail/67ffa8c5cf06405d1XF539i9EVY~.html,python后端工程师,25k-50k,北京 朝阳区 北苑,经验不限,学历不限,思考方舟,移动互联网,姜忠良,CTO,发布于08月26日
已上市,1000-9999人,https://www.zhipin.com/job_detail/aee16c06275b074d1XB-0t29FFA~.html,Python开发,12k-24k,北京 海淀区 五道口,5-10年,本科,Veritas,企业服务,彭世敏,招聘者,发布于11月08日
B轮,100-499人,https://www.zhipin.com/job_detail/a63fe3e770d084411HR53Nm_GFU~.html,架构师（python）,20k-40k,北京 朝阳区 东大桥,5-10年,本科,车势科技,互联网,孟津瑶,招聘者,发布于昨天
不需要融资,1000-9999人,https://www.zhipin.com/job_detail/4c133c08cdbae1b41XBy39u0Elo~.html,Python开发工程师,15k-30k,北京 朝阳区 北苑,3-5年,本科,闲来游戏,游戏,丁娜娜,HR,发布于08月16日
已上市,1000-9999人,https://www.zhipin.com/job_detail/167fc66846f275af1XNz2NW4GFY~.html,Python开发工程师,15k-28k,北京 海淀区 西北旺,3-5年,本科,一号车网,互联网,李女士,HR专员,发布于10月23日
天使轮,100-499人,https://www.zhipin.com/job_detail/0b658845bfd6e3c61XN529i0FVY~.html,Python开发工程师,15k-30k,北京 海淀区 上地,3-5年,本科,Aibee,互联网,杨锡坤,招聘者,发布于09月30日
A轮,20-99人,https://www.zhipin.com/job_detail/f202a563265b016b1X1429-1EFE~.html,python后端开发工程师,20k-40k,北京 东城区 东直门,经验不限,本科,客知音,计算机软件,Alice,招聘者,发布于11月06日
已上市,500-999人,https://www.zhipin.com/job_detail/8a09143c20700b501HRy3ti5GFc~.html,Python开发,15k-20k,北京 海淀区 苏州街,3-5年,本科,玩蟹科技,游戏,韩惠农,制片助理,发布于昨天
不需要融资,10000人以上,https://www.zhipin.com/job_detail/40f3197a35c471521XJ62d60F1o~.html,python开发工程师,10k-20k,北京 海淀区 上地,1-3年,本科,亚信科技,计算机软件,潘冬雪,招聘顾问,发布于09月07日
D轮及以上,1000-9999人,https://www.zhipin.com/job_detail/4a47cdd317d7a9d61HR92di7EVA~.html,Python开发工程师,20k-40k,北京 海淀区 五道口,3-5年,本科,快手,社交网络,和瑞丽,招聘者,发布于12月03日
未融资,500-999人,https://www.zhipin.com/job_detail/86128e91c497cb5f1XB93d65EFA~.html,Python开发,30k-60k,北京  ,1-3年,本科,粉笔公考,移动互联网,张丽亚,招聘者,发布于08月15日
天使轮,0-20人,https://www.zhipin.com/job_detail/fd66c5f8484d0a481XN72Nm4GVU~.html,Python高级工程师,15k-30k,北京 朝阳区 望京,3-5年,本科,猫起来,计算机软件,甘世仁,CTO,发布于09月27日
不需要融资,0-20人,https://www.zhipin.com/job_detail/f872937113d13dfc1XB63d-6E1E~.html,Python工程师,8k-12k,北京 海淀区 紫竹桥,3-5年,本科,星钥科技,数据服务,赵彩青,总经理,发布于09月12日
已上市,10000人以上,https://www.zhipin.com/job_detail/f10cd3a6dc0b17411XJ92NS-GFQ~.html,python爬虫开发,25k-40k,北京 海淀区 中关村,5-10年,本科,搜狐,移动互联网,王田洋,招聘经理,发布于09月27日
未融资,20-99人,https://www.zhipin.com/job_detail/da14125c2ec335121HR_392-FVo~.html,高级 Python 工程师,30k-50k,北京 朝阳区 酒仙桥,5-10年,本科,智能优学,互联网,杨焱,招聘者,发布于11月29日
已上市,500-999人,https://www.zhipin.com/job_detail/11f01552203835ec1nN_3N68FFY~.html,Python开发工程师,10k-15k,北京 海淀区 清河,1-3年,大专,玩蟹科技,游戏,邓卉,HR,发布于昨天
已上市,10000人以上,https://www.zhipin.com/job_detail/820fc39881eb441f1Xx82929GVc~.html,Python研发工程师,13k-26k,北京 朝阳区 望京,3-5年,本科,苏宁云商集团,互联网,严先生,招聘者,发布于12月03日
已上市,10000人以上,https://www.zhipin.com/job_detail/b386ccbe71771b9f1nBy29-9GFM~.html,高级Python开发工程师,20k-40k,北京 朝阳区 望京,3-5年,本科,阿里集团,移动互联网,丁女士,招聘者,发布于12月06日
A轮,100-499人,https://www.zhipin.com/job_detail/a1bb8f50255206851XN80ty9EVI~.html,Python高级工程师,15k-28k,北京 朝阳区 北苑,1-3年,本科,Cloudin云英,互联网,潘月博,招聘者,发布于12月06日
已上市,10000人以上,https://www.zhipin.com/job_detail/95aaebef185a233c1XV-39W_E1M~.html,python爬虫工程师,15k-30k,北京 海淀区 知春路,3-5年,大专,神州优车集团,生活服务,漆兴,招聘者,发布于06月07日
未融资,500-999人,https://www.zhipin.com/job_detail/411e9ee013ab0eff1HRz3ty9FVI~.html,python研发工程师,20k-25k,北京 朝阳区 望京,3-5年,本科,直真科技,计算机软件,季强军,招聘者,发布于12月07日
C轮,100-499人,https://www.zhipin.com/job_detail/587150b8331dea791Xxz2dm0EFY~.html,python研发工程师,20k-40k,北京 海淀区 知春路,3-5年,本科,智融集团,互联网,吴庭逸,招聘者,发布于11月01日
A轮,0-20人,https://www.zhipin.com/job_detail/0104aa54a488d8d11Xd429W6Flc~.html,Python后端主程,15k-25k,北京 昌平区 回龙观,3-5年,本科,萌果科技,游戏,罗实,招聘者,发布于09月20日
已上市,1000-9999人,https://www.zhipin.com/job_detail/d3d3ab760af46d6e1HR909m9FFc~.html,python工程师,20k-25k,北京 海淀区 田村,3-5年,本科,精奇创智,移动互联网,苏辰,招聘者,发布于12月04日
A轮,100-499人,https://www.zhipin.com/job_detail/5b133e39df0bff891Xx-2d24FlQ~.html,Python讲师,15k-25k,北京 海淀区 上地,1年以内,大专,百知教育,在线教育,司浩楠,人事专员,发布于10月23日
D轮及以上,10000人以上,https://www.zhipin.com/job_detail/43efe36bf81e82f21nF82tm5FFc~.html,Python开发专家,25k-50k,北京  ,1-3年,本科,今日头条,移动互联网,宋慎义,基础架构技术负责人,发布于12月06日
C轮,100-499人,https://www.zhipin.com/job_detail/f4c67fe1cd5d86eb1X142N-5Els~.html,高级Python开发工程师,30k-45k,北京 朝阳区 大山子,3-5年,本科,松果出行,移动互联网,胡珊珊,招聘者,发布于11月23日
不需要融资,100-499人,https://www.zhipin.com/job_detail/093f5301d90d7b801XF73dm7FVU~.html,高级Python研发工程师,30k-50k,北京 朝阳区 望京,3-5年,本科,柯贝互动,数据服务,刘先生,HR,发布于08月22日
天使轮,0-20人,https://www.zhipin.com/job_detail/931411c9cf48144e1Xx80t-4Els~.html,Python兼职讲师,10k-20k,北京 昌平区 霍营,3-5年,本科,数学家,在线教育,郭永蓉,总经理,发布于10月28日
未融资,20-99人,https://www.zhipin.com/job_detail/27f6d6f9205cd57d1XJy3NS7E1Y~.html,Python工程师,15k-25k,北京 海淀区 北下关,5-10年,本科,中电信用,移动互联网,崔女士,招聘者,发布于09月21日
已上市,500-999人,https://www.zhipin.com/job_detail/d826e814bd93f23d1XR-29W-EVc~.html,Python开发,8k-16k,北京 朝阳区 酒仙桥,3-5年,本科,绛门科技,计算机软件,彭小姐,HR,发布于05月15日
B轮,100-499人,https://www.zhipin.com/job_detail/0887cfca45d911171nx509m0EVQ~.html,SDK后端python工程师,12k-24k,北京 朝阳区 北苑,1-3年,本科,途游游戏,游戏,窦灿,HRBP,发布于03月21日
B轮,100-499人,https://www.zhipin.com/job_detail/a5e8142e36b0ee501X193ty1FFA~.html,高级python工程师,20k-35k,北京 朝阳区 望京,5-10年,本科,图玛深维,医疗健康,高先生,招聘者,发布于11月15日
已上市,10000人以上,https://www.zhipin.com/job_detail/6078c5f11f7f26641XR43tm1EFY~.html,资深Python 开发工程师,30k-60k,北京 海淀区 马连洼,5-10年,本科,网易,移动互联网,马克,招聘者,发布于05月10日
B轮,500-999人,https://www.zhipin.com/job_detail/ce47d02158f4fb441nNz0t28FFs~.html,Python后端研发,25k-50k,北京 海淀区 牡丹园,1-3年,本科,医渡云,互联网,蒋锦鹏,首席架构师,发布于12月06日
B轮,100-499人,https://www.zhipin.com/job_detail/49f9a8c7375dcde71X1409m9EVE~.html,python后端技术经理,18k-35k,北京 朝阳区 东大桥,5-10年,本科,车势科技,互联网,孟津瑶,招聘者,发布于昨天
A轮,20-99人,https://www.zhipin.com/job_detail/73fce4eb4d4be2a31Xx52Nu6EFI~.html,架构师（Python）,30k-40k,北京 朝阳区 红庙,5-10年,本科,胖球,生活服务,王婷婷,HRBP,发布于10月22日
天使轮,20-99人,https://www.zhipin.com/job_detail/d823bb16a54d2ccd1X180t-9ElE~.html,python爬虫工程师,4k-5k,北京 海淀区 清华大学,应届生,大专,氢元数据,互联网,孙建平,人力资源经理,发布于11月14日
未融资,20-99人,https://www.zhipin.com/job_detail/96b5a77a0d2324b21XN62du8FlE~.html,Python工程师,15k-20k,北京 大兴区 亦庄,5-10年,本科,聚齐众兴网络,电子商务,李冬梅,招聘者,发布于09月26日
C轮,100-499人,https://www.zhipin.com/job_detail/9b51a4644e797f621HR509W7FlE~.html,Python工程师（校招）,15k-25k,北京 东城区 雍和宫,应届生,硕士,省钱快报,电子商务,梁瑞双,招聘者,发布于11月27日
未融资,20-99人,https://www.zhipin.com/job_detail/fe22f6cefbebe7e01nR-3Ni_FlI~.html,高级Python后端开发,15k-30k,北京 朝阳区 北苑,1-3年,学历不限,烽台科技,信息安全,雷承霖,合伙人,发布于12月04日
A轮,20-99人,https://www.zhipin.com/job_detail/8ff9fe02799719151X173tS8EFM~.html,python开发工程师,20k-40k,北京 东城区 东直门,经验不限,本科,客知音,计算机软件,王琼,招聘者,发布于11月21日
未融资,1000-9999人,https://www.zhipin.com/job_detail/31145433436c236d1HR609-9FlI~.html,Python研发工程师,5k-10k,北京 海淀区 知春路,经验不限,本科,东信北邮,移动互联网,于文俏,招聘经理,发布于11月21日
天使轮,0-20人,https://www.zhipin.com/job_detail/b227ddb84dd218d71HR-09y-FVY~.html,Python爬虫工程师,14k-20k,北京 朝阳区 石佛营,3-5年,本科,恐龙时代,互联网,王阔玥,hrm,发布于11月28日
已上市,10000人以上,https://www.zhipin.com/job_detail/77cde48ed37b80571Xd509W9GVQ~.html,Python研发工程师,20k-40k,北京 海淀区 西北旺,5-10年,本科,用友网络科技,互联网,梁菲,招聘者,发布于07月19日
已上市,10000人以上,https://www.zhipin.com/job_detail/22e3688eda9e75de1XNz29-0GFY~.html,Python开发工程师,20k-40k,北京 海淀区 马连洼,5-10年,本科,百度,互联网,王女士,招聘者,发布于10月17日
A轮,20-99人,https://www.zhipin.com/job_detail/a7176ba77c5688850Xxy39m8EA~~.html,Python后台工程师,18k-30k,北京 朝阳区 建国路,3-5年,学历不限,路书,互联网,张媛,招聘者,发布于06月14日
天使轮,20-99人,https://www.zhipin.com/job_detail/f2cc3c2aebd8a9a91XF_2Nq-EVc~.html,后端Django(Python)工程师,10k-20k,北京 石景山区 鲁谷,3-5年,本科,安和瑞福,互联网,杨尚仁,招聘者,发布于11月15日
不需要融资,20-99人,https://www.zhipin.com/job_detail/0b26fb21d49b34911XJ83N25EVs~.html,Python工程师,12k-24k,北京 海淀区 香山,3-5年,本科,雨辰视美,信息安全,赵月迎,招聘者,发布于11月12日
B轮,100-499人,https://www.zhipin.com/job_detail/a648411fbe817f641XF72tS5EVU~.html,Python研发工程师,25k-50k,北京 海淀区 西二旗,3-5年,本科,茄子快传,互联网,韩猛,招聘者,发布于12月06日
已上市,1000-9999人,https://www.zhipin.com/job_detail/28f36533d27b1a261nJ53dS0FVU~.html,Python开发工程师,15k-25k,北京 海淀区 中关村,3-5年,本科,汽车之家,互联网,赵欣,招聘,发布于12月06日
B轮,100-499人,https://www.zhipin.com/job_detail/ae574fd694dd75911XB439-6EVY~.html,Python工程师,10k-20k,北京 朝阳区 北苑,1-3年,大专,北京雷石,互联网,郑伊,hr,发布于08月06日
不需要融资,100-499人,https://www.zhipin.com/job_detail/5bda50b5e88a3a1a1XF73dy1F1A~.html,Python 测试开发,10k-18k,北京 海淀区 中关村,3-5年,本科,云智汇,互联网,肖琳琳,hr,发布于08月22日
A轮,0-20人,https://www.zhipin.com/job_detail/65e8e6ea24caf8201HRz2Nq8FlM~.html,python,10k-15k,北京 朝阳区 高碑店,1年以内,本科,大云科技,移动互联网,晋晨,招聘者,发布于12月07日
D轮及以上,10000人以上,https://www.zhipin.com/job_detail/7f3f8b6b57ba3dfe1n1y0tq6GVM~.html,Python开发工程师,20k-40k,北京 海淀区 双榆树,1-3年,本科,北京字节跳动,移动互联网,Jane,HR,发布于05月02日
B轮,100-499人,https://www.zhipin.com/job_detail/ac7bbe415ac477391Xxy29m7E1E~.html,Python架构师,30k-59k,北京 朝阳区 潘家园,3-5年,大专,诸葛找房网,移动互联网,于海玲,招聘者,发布于10月30日
D轮及以上,100-499人,https://www.zhipin.com/job_detail/d6aaa8866ff8c5fa1Xd_2Nm7EVA~.html,高级Python研发工程师,30k-50k,北京 朝阳区 望京,5-10年,本科,更美app,互联网,杨晓楠,HRBP,发布于10月16日
天使轮,0-20人,https://www.zhipin.com/job_detail/78f0ac442d6573791n1439W-EVQ~.html,python后台工程师,10k-20k,北京 朝阳区 酒仙桥,经验不限,大专,追本溯源科技,互联网,零振勰,CEO,发布于07月18日
A轮,20-99人,https://www.zhipin.com/job_detail/64da2a13a53df8ee1Xx729q6ElQ~.html,Python工程师（后端）,15k-30k,北京 朝阳区 立水桥,3-5年,本科,金睛云华,信息安全,韩明超,招聘者,发布于10月17日
已上市,1000-9999人,https://www.zhipin.com/job_detail/c1ac2c87498af6e21HRy39W4ElE~.html,Python开发leader,30k-40k,北京 海淀区 马连洼,5-10年,本科,广联达,计算机软件,刘莉莉,招聘者,发布于12月07日
,100-499人,https://www.zhipin.com/job_detail/45842f1c27b5e2511XJ-29S7GVE~.html,Python,25k-40k,北京 西城区 马连道,1年以内,本科,华视网聚,音乐/视频/阅读,王明爽,招聘者,发布于09月13日
A轮,100-499人,https://www.zhipin.com/job_detail/531a8a40b28e4f591HR93NW-F1o~.html,Python开发工程师,15k-20k,北京 海淀区 北京大学,1-3年,本科,清北华数教育,培训机构,李宏宇,招聘者,发布于12月04日
未融资,100-499人,https://www.zhipin.com/job_detail/87d029d7208a91911XF_0t2_FFc~.html,Software Developer(Python and Java),15k-20k,北京 朝阳区 团结湖,5-10年,学历不限,CRMFactory,计算机软件,王冉,HR,发布于08月30日
未融资,20-99人,https://www.zhipin.com/job_detail/66d0f3460a6158671HV63t60FFU~.html,Python 架构师,35k-50k,北京 朝阳区 酒仙桥,5-10年,本科,智能优学,互联网,杨焱,招聘者,发布于昨天
B轮,100-499人,https://www.zhipin.com/job_detail/dba9e14cc539d7ba1XJ83tm7GFQ~.html,中高级Python工程师,15k-30k,北京 海淀区 五道口,3-5年,本科,学堂在线,互联网,王勇,招聘者,发布于09月28日
C轮,100-499人,https://www.zhipin.com/job_detail/6c64bfcb35daa8181nx-2N-9ElI~.html,Python研发工程师,20k-40k,北京 朝阳区 朝阳路,3-5年,本科,LBE TECH,移动互联网,韩秦,HRBP,发布于11月29日
未融资,1000-9999人,https://www.zhipin.com/job_detail/9fc1ff4bf123da811XV82Nu7FFE~.html,高级软件工程师 (Python),20k-40k,北京 顺义区 后沙峪,5-10年,本科,华卓餐饮,餐饮,林新,招聘专员,发布于07月30日
B轮,20-99人,https://www.zhipin.com/job_detail/eaedf79e58e725001X1z09S4Els~.html,python工程师,8k-12k,北京 丰台区 花乡,1-3年,本科,中金标准数据,数据服务,李雪娜,招聘者,发布于11月23日
不需要融资,10000人以上,https://www.zhipin.com/job_detail/f29e581847fa2b971Xd52dW4E1Y~.html,Python开发高级工程师,25k-50k,北京 大兴区 ,3-5年,学历不限,京东数字科技,互联网,何军,招聘者,发布于07月18日
已上市,1000-9999人,https://www.zhipin.com/job_detail/abfefd33e5014df41XZ-3ti5Els~.html,python开发工程师,25k-50k,北京 朝阳区 大屯,1-3年,本科,京东云,计算机软件,陈希,招聘者,发布于11月27日
C轮,500-999人,https://www.zhipin.com/job_detail/b35a8bcc50a8c0bd1X1429S4Flc~.html,python实习生,2k-4k,北京 海淀区 四季青,应届生,本科,首都在线,互联网,彭杉杉,高级招聘专员,发布于11月06日
A轮,20-99人,https://www.zhipin.com/job_detail/8c5d7e6c17f1ab341XJ93ti1EVM~.html,高级Python后端工程师,20k-30k,北京 海淀区 学院路,1-3年,本科,希子,在线教育,侯煜欣,CTO,发布于10月22日
D轮及以上,1000-9999人,https://www.zhipin.com/job_detail/ae6f88e5615d4ef31XVz3tW5E1c~.html,Python开发工程师,23k-45k,北京 海淀区 苏州街,3-5年,本科,LinkDoc,移动互联网,王晓蕊,招聘主管,发布于12月04日
不需要融资,20-99人,https://www.zhipin.com/job_detail/ad68c7e01a6412e21XV62di1E1U~.html,Python开发,15k-30k,北京 海淀区 万柳,1-3年,本科,智胜新格,游戏,高慧丽,HRBP,发布于09月17日
A轮,20-99人,https://www.zhipin.com/job_detail/5598b25b0ec023591nJ_39y9GVY~.html,Python研发工程师,15k-30k,北京 海淀区 万泉河,3-5年,本科,小叶科技,互联网,李冲,ceo,发布于08月23日
A轮,20-99人,https://www.zhipin.com/job_detail/9e533e248a64f8da1X1-2Nq1GVA~.html,AI python开发工程师,25k-50k,北京 东城区 东直门,经验不限,本科,客知音,计算机软件,Alice,招聘者,发布于11月09日
不需要融资,20-99人,https://www.zhipin.com/job_detail/c50de5bbe3c509231XR409u7ElE~.html,高级python（爬虫方向）,18k-32k,北京 朝阳区 望京,3-5年,大专,欧特欧咨询,数据服务,相福平,hrd,发布于05月11日
D轮及以上,100-499人,https://www.zhipin.com/job_detail/71c0429ad0361b961Xd40t27E1E~.html,Python,15k-25k,北京 海淀区 知春路,3-5年,本科,网梯科技发展有限公司,计算机软件,郑莉,招聘经理,发布于07月18日
未融资,20-99人,https://www.zhipin.com/job_detail/b85db61f7aef09d31XV429u5EVI~.html,python开发,15k-23k,北京 海淀区 上地,3-5年,本科,知了点点,在线教育,Yoyo,人力资源,发布于08月30日
A轮,20-99人,https://www.zhipin.com/job_detail/dc942c519b238f911HRy3dy-ElY~.html,Python高级开发,15k-30k,北京 昌平区 回龙观,1-3年,学历不限,音悦荚,移动互联网,宋先生,招聘者,发布于12月05日
D轮及以上,1000-9999人,https://www.zhipin.com/job_detail/dfea30b4d3cc07621nx_0961GFM~.html,Python 算法工程师,18k-36k,北京 朝阳区 团结湖,1-3年,本科,闪银奇异,移动互联网,陈曦,风控系统研发总监,发布于03月27日
未融资,20-99人,https://www.zhipin.com/job_detail/e388876c456f3ca81HR82tW0FFs~.html,python 实习生,3k-4k,北京 昌平区 天通苑,经验不限,本科,阿姨多多,电子商务,刘炳林,CEO,发布于12月01日
B轮,100-499人,https://www.zhipin.com/job_detail/0739f6957ca2ff911XZ409m1FVY~.html,Python开发工程师,20k-30k,北京 朝阳区 望京,3-5年,本科,APUS,互联网,张娜,HR,发布于06月27日
A轮,0-20人,https://www.zhipin.com/job_detail/3d63becfc733ea1d1XNy2Nm4EVE~.html,Python开发工程师,20k-40k,北京 海淀区 上地,3-5年,硕士,极致控,互联网金融,李群,招聘者,发布于11月06日
已上市,100-499人,https://www.zhipin.com/job_detail/74d95c6a55a23c681HR-2dq7GFQ~.html,Python架构师,30k-50k,北京 海淀区 苏州街,5-10年,本科,北京天润融通,通信/网络设备,梁艳霞,HR,发布于11月28日
已上市,10000人以上,https://www.zhipin.com/job_detail/0da9846949a20a981Xd4292_FFU~.html,Python后端开发工程师,30k-50k,北京 海淀区 马连洼,3-5年,本科,百度,互联网,陈宇哲,招聘者,发布于07月16日
不需要融资,20-99人,https://www.zhipin.com/job_detail/77dc3e51507f35ac1Xx_3t67FVY~.html,Python开发工程师,10k-15k,北京 丰台区 花乡,3-5年,学历不限,万维星辰,信息安全,韩雪,人力资源,发布于10月25日
D轮及以上,500-999人,https://www.zhipin.com/job_detail/384469e763fc54a11Xd93928GVY~.html,视频抓取-Python工程师,20k-38k,北京 朝阳区 望京,1-3年,硕士,一点资讯,移动互联网,刘国芳,招聘者,发布于09月04日
,20-99人,https://www.zhipin.com/job_detail/cdc431abce843ada1HR-2N60E1E~.html,Python全栈开发,25k-35k,北京 海淀区 中关村,经验不限,本科,鸥思邦,人力资源服务,谭常娥,Recruiter,发布于12月05日
不需要融资,10000人以上,https://www.zhipin.com/job_detail/3cf166593d4362841XNz29u7EFA~.html,Python开发工程师,20k-40k,北京 海淀区 马连洼,5-10年,本科,网易乐得,互联网,祝女士,招聘者,发布于10月17日
已上市,1000-9999人,https://www.zhipin.com/job_detail/f9e43082d1b1f7a71Xx83t-8F1Y~.html,golang/python高级工程师,25k-45k,北京 海淀区 苏州街,3-5年,本科,趣头条,移动互联网,骆欣,招聘者,发布于10月26日
A轮,20-99人,https://www.zhipin.com/job_detail/4e5cabba90f1a5cf1XB63tW0FVA~.html,python高级工程师,15k-30k,北京 海淀区 上地,经验不限,学历不限,厦门渊亭,计算机软件,黄健媚,人事主管,发布于08月02日
D轮及以上,1000-9999人,https://www.zhipin.com/job_detail/264b1bd5469e28051HR42d-8ElM~.html,Python实习生,4k-9k,北京 东城区 北新桥,经验不限,硕士,弘成教育,互联网,杜佳,招聘经理,发布于11月23日
不需要融资,100-499人,https://www.zhipin.com/job_detail/4aeeca643811ab4f1XB42Nm-E1A~.html,python 开发工程师,12k-22k,北京 朝阳区 酒仙桥,3-5年,本科,邻萌宝,移动互联网,罗琰琰,招聘者,发布于10月12日
已上市,1000-9999人,https://www.zhipin.com/job_detail/ed2f4c62388cdb561XB60tS_GFE~.html,Python高级开发工程师,20k-40k,北京 海淀区 北京大学,3-5年,本科,爱奇艺,互联网,郭乔红,HR,发布于08月02日
不需要融资,500-999人,https://www.zhipin.com/job_detail/feacae4ce0c11c771Xx-2tm_FVY~.html,Python开发工程师,15k-20k,北京 海淀区 苏州桥,3-5年,本科,全品,计算机服务,史鹏举,招聘者,发布于10月23日
B轮,20-99人,https://www.zhipin.com/job_detail/44be3f4d4403bf311HRz3tq6EFo~.html,高级python开发,18k-25k,北京 通州区 ,3-5年,本科,中谷金科,互联网,龚雪,HR,发布于12月07日
C轮,1000-9999人,https://www.zhipin.com/job_detail/d651da90d7cdc5201nJz2ty4GFA~.html,高级python开发工程师（研究院）,25k-50k,北京 海淀区 中关村,3-5年,本科,旷视科技,移动互联网,王月,HR,发布于12月06日
不需要融资,20-99人,https://www.zhipin.com/job_detail/b0bc9b3c401d67021HR_2tW-F1c~.html,Python开发工程师,8k-11k,北京 海淀区 知春路,1-3年,本科,神州网信,计算机软件,马瑞阳,招聘者,发布于11月29日
B轮,100-499人,https://www.zhipin.com/job_detail/e92230c2818925a31XFz09y-F1A~.html,Python高级工程师,18k-30k,北京 海淀区 知春路,5-10年,本科,达观数据,数据服务,王佩佩,HRBP,发布于12月05日
不需要融资,1000-9999人,https://www.zhipin.com/job_detail/8ee2ef31e4c040001Xxy0t2-EFc~.html,python研发工程师,25k-40k,北京 大兴区 亦庄,5-10年,大专,新网,互联网,高德鹏,hrbp经理,发布于11月08日
B轮,100-499人,https://www.zhipin.com/job_detail/7b8af09beb50f6c21HR_2t6-GFs~.html,python区块链工程师,12k-23k,北京 朝阳区 三里屯,3-5年,本科,趣链,计算机软件,张贝龙,招聘者,发布于11月29日
D轮及以上,1000-9999人,https://www.zhipin.com/job_detail/c4befde77f2ba3321X1y2d65ElI~.html,Python后端开发（leader岗位）,25k-50k,北京  ,5-10年,本科,知乎,移动互联网,马珊婷,招聘者,发布于11月16日
B轮,100-499人,https://www.zhipin.com/job_detail/bc9315216d257dbf1Xd729m5FFs~.html,Python开发工程师,15k-16k,北京 朝阳区 呼家楼,1-3年,硕士,朗镜科技,数据服务,祁美灵,招聘者,发布于07月13日
不需要融资,1000-9999人,https://www.zhipin.com/job_detail/d9f6967784084d891XR63N64E1o~.html,Python工程师（爬虫方向）,13k-26k,北京  ,3-5年,本科,北京计算机研究所,其他行业,刘慧琳,算法工程师,发布于05月07日
C轮,100-499人,https://www.zhipin.com/job_detail/59331bbd161e9bea1Xx_39S9Flc~.html,Python高级开发工程师,15k-20k,北京 海淀区 清河,3-5年,本科,格灵深瞳,计算机软件,王先生,前端工程师,发布于12月07日
A轮,20-99人,https://www.zhipin.com/job_detail/247b996c4c53ebe81XNz29m8GFA~.html,Python开发工程师,20k-40k,北京 朝阳区 望京,3-5年,本科,看了吗视频,移动互联网,司楠楠,招聘者,发布于10月15日
天使轮,20-99人,https://www.zhipin.com/job_detail/59c20af8e57bef781X160t-7FFs~.html,Python开发工程师,12k-20k,北京 朝阳区 花家地,1年以内,本科,贪心科技,在线教育,李范,运营总监,发布于11月04日
C轮,100-499人,https://www.zhipin.com/job_detail/a53756b0e65b7a5f1HR_39m0GFI~.html,高级python开发,25k-35k,北京 朝阳区 太阳宫,3-5年,本科,老虎集团,互联网,张迪,HRBP,发布于11月29日
不需要融资,100-499人,https://www.zhipin.com/job_detail/2afb12bbb499e1c91HR92du-FlY~.html,高级Python开发工程师,20k-40k,北京 海淀区 五道口,3-5年,本科,iHandy,移动互联网,张微,招聘者,发布于12月03日
A轮,100-499人,https://www.zhipin.com/job_detail/ca629245b9c0fa981XN729W1Flc~.html,Python研发工程师,20k-40k,北京 朝阳区 北苑,5-10年,硕士,Cloudin云英,互联网,李俊华,招聘者,发布于11月28日
A轮,100-499人,https://www.zhipin.com/job_detail/d29fe6999a2eb3be1HRz2Nq_ElI~.html,Python开发工程师,20k-30k,北京 海淀区 上地,3-5年,本科,上新,电子商务,周渊,招聘者,发布于12月07日
未融资,20-99人,https://www.zhipin.com/job_detail/0e49ca2f83eca2fc1XN73di0F1M~.html,python后端开发,10k-20k,北京 海淀区 上地,经验不限,本科,硬球科技,互联网,董湾湾,招聘者,发布于09月27日
D轮及以上,1000-9999人,https://www.zhipin.com/job_detail/1bae51e035e0b5631X160ty-EVc~.html,python开发工程师 (MJ000414),20k-30k,北京 朝阳区 大山子,1-3年,学历不限,马蜂窝,互联网,Grace,hr,发布于12月03日
D轮及以上,10000人以上,https://www.zhipin.com/job_detail/14f8f250f8b876551XZ52tu0GVQ~.html,高级Python开发工程师,20k-36k,北京  ,3-5年,大专,VIPKID,移动互联网,胡靖瑶,hr,发布于07月16日
A轮,20-99人,https://www.zhipin.com/job_detail/a664f6d3d6560d8b1HR40tu9E1s~.html,Python 爬虫工程师,10k-15k,北京 海淀区 五道口,3-5年,本科,极睿科技,新零售,王女士,行政,发布于11月26日
未融资,20-99人,https://www.zhipin.com/job_detail/1b069493a387e8931Xx_3NS-GVs~.html,Python高级工程师,15k-20k,北京 石景山区 古城,3-5年,本科,北行奇云,互联网,段昊然,副经理,发布于10月25日
B轮,20-99人,https://www.zhipin.com/job_detail/96119313a47ff2871HR-3di9FVE~.html,python量化交易,15k-20k,北京 朝阳区 朝外,经验不限,学历不限,通证科技,互联网,蓝女士,HR,发布于11月28日
不需要融资,1000-9999人,https://www.zhipin.com/job_detail/f9c9174b4f74a2ce1nJ62d2-GVQ~.html,Python开发工程师,20k-30k,北京  ,3-5年,大专,马上消费金融,互联网金融,李俊楠,hrbp,发布于12月06日
已上市,1000-9999人,https://www.zhipin.com/job_detail/a005c707486d679b1HRz2tm4FFA~.html,Python开发工程师,11k-18k,北京 海淀区 紫竹桥,3-5年,本科,先进数通,计算机软件,周靖怡,招聘者,发布于昨天
D轮及以上,100-499人,https://www.zhipin.com/job_detail/01ad0713b568d8d71XV_3ti_EFE~.html,Python高级研发工程师,20k-40k,北京 朝阳区 望京,3-5年,本科,更美app,互联网,秦晶佳,HR,发布于09月27日
B轮,100-499人,https://www.zhipin.com/job_detail/106b71072976935b1XR70t2_EFs~.html,Python开发工程师,12k-15k,北京 海淀区 五道口,1-3年,本科,阿凡题,移动互联网,雷蕾,HRBP,发布于11月30日
天使轮,0-20人,https://www.zhipin.com/job_detail/f1827dd19b8c36581XJ80tq0E1A~.html,Python开发工程师,15k-25k,北京 朝阳区 国贸,3-5年,本科,爱选科技,保险,张萌,HR经理,发布于09月18日
已上市,1000-9999人,https://www.zhipin.com/job_detail/05a21dbc2660074c1HV63d-5Elo~.html,Python老师,8k-12k,北京  ,经验不限,本科,北京乐博乐博,在线教育,葛胜杰,招聘者,发布于昨天
未融资,20-99人,https://www.zhipin.com/job_detail/02fc046e49ffcd4d1X173d--FFo~.html,python研发工程师,20k-35k,北京 朝阳区 三里屯,3-5年,本科,乐途原动力,互联网,张女士,HRD,发布于11月05日
A轮,20-99人,https://www.zhipin.com/job_detail/7309043802dc83301XB73N61ElI~.html,python后端工程师,10k-20k,北京 丰台区 花乡,1-3年,本科,商高科技,计算机软件,魏江坤,HR,发布于08月09日
天使轮,0-20人,https://www.zhipin.com/job_detail/215332ee2575530e1X1809q6F1E~.html,资深Python工程师,20k-40k,北京 海淀区 五道口,经验不限,本科,瑞莱智慧科技,计算机服务,田天,招聘者,发布于11月14日
不需要融资,100-499人,https://www.zhipin.com/job_detail/c31a89255564430d1n1839--F1o~.html,Python开发工程师,20k-40k,北京 海淀区 中关村,3-5年,本科,波场,互联网,王征,招聘经理,发布于08月02日
A轮,100-499人,https://www.zhipin.com/job_detail/88bb82b5c57bbece1XR60928EFM~.html,PYTHON开发工程师,15k-30k,北京 海淀区 清河,1-3年,本科,阿博茨科技,互联网,Cathy,hrbp,发布于06月27日
D轮及以上,1000-9999人,https://www.zhipin.com/job_detail/03fe67958e6b38ee1XV70ti4GFc~.html,Python开发工程师,15k-30k,北京 海淀区 学院路,3-5年,本科,知乎,移动互联网,湛童,Hr,发布于06月01日
D轮及以上,100-499人,https://www.zhipin.com/job_detail/aae1c2ce17f0325b1X140tm0F1A~.html,Python开发,18k-28k,北京 朝阳区 三元桥,3-5年,本科,赤子城,互联网,柳逸,招聘者,发布于11月07日
已上市,500-999人,https://www.zhipin.com/job_detail/9e455789f3db6a811XV809m7FlA~.html,python实训讲师,10k-15k,北京  ,1-3年,本科,光环国际,在线教育,冯朦朦,HR,发布于06月13日
C轮,100-499人,https://www.zhipin.com/job_detail/13b15d0ce482ed341X1y2NW5E1A~.html,Python开发工程师,20k-35k,北京 海淀区 清华大学,3-5年,本科,春雨医生,O2O,春小雨,招聘经理（HRBP）,发布于11月16日
不需要融资,20-99人,https://www.zhipin.com/job_detail/1300bfda82011fc71XB_2N26ElE~.html,Python爬虫工程师,15k-20k,北京 朝阳区 北苑,3-5年,本科,51COO,互联网,周女士,招聘者,发布于08月30日
B轮,100-499人,https://www.zhipin.com/job_detail/19e1c52b1432b58a1X1739W6E1M~.html,技术经理（侧重python后端）,20k-30k,北京 朝阳区 东大桥,5-10年,本科,车势科技,互联网,孟津瑶,招聘者,发布于11月16日
不需要融资,100-499人,https://www.zhipin.com/job_detail/3e0fc04d9e470ca91HRy0t-0E1Q~.html,python工程师,20k-40k,北京 朝阳区 太阳宫,3-5年,本科,国富如荷,在线教育,Melissa,HRD,发布于12月06日
A轮,20-99人,https://www.zhipin.com/job_detail/6c2b355d748e157d1HR42t-1GVE~.html,Python后端开发工程师,25k-40k,北京 东城区 东直门,3-5年,本科,客知音,计算机软件,王琼,招聘者,发布于11月23日
C轮,100-499人,https://www.zhipin.com/job_detail/3aaa6b98cf566cb91nx72Nq4E1o~.html,python开发工程师,20k-40k,北京 朝阳区 燕莎,1-3年,本科,老虎集团,互联网,韦夏云,HR,发布于11月23日
A轮,20-99人,https://www.zhipin.com/job_detail/6dad5c04d95a5ec71HR729m7FFU~.html,Python研发工程师,11k-13k,北京 海淀区 上地,1-3年,本科,九星数宇,数据服务,董先生,招聘者,发布于11月21日
C轮,20-99人,https://www.zhipin.com/job_detail/9a34984e9e1835fc1X1-3921FVs~.html,python后台开发工程师,25k-50k,北京 海淀区 中关村,3-5年,本科,newsdog,互联网,钱雨露,招聘者,发布于11月27日
未融资,500-999人,https://www.zhipin.com/job_detail/033c1a816a316e7c1nx_0ty8EVs~.html,PHP/python开发工程师,20k-40k,北京 海淀区 知春路,5-10年,本科,网心科技,互联网,Fiona,招聘经理,发布于11月14日
A轮,20-99人,https://www.zhipin.com/job_detail/bcd8d6c9ddf7d77b1nV-3d61GFc~.html,高级Python工程师,25k-40k,北京 东城区 北京站,5-10年,本科,路书,互联网,张媛,招聘者,发布于06月15日
,20-99人,https://www.zhipin.com/job_detail/213ddcf0e09e20271X172961FlA~.html,python高级工程师,20k-40k,北京 海淀区 万柳,3-5年,本科,链人信息,互联网,师伟,招聘者,发布于12月06日
已上市,1000-9999人,https://www.zhipin.com/job_detail/aca5462ef5b5994f1HR60ti4ElY~.html,Python人工智能讲师,25k-35k,北京 昌平区 西三旗,1-3年,本科,传智播客,在线教育,郭春艳,人事专员,发布于12月06日
D轮及以上,500-999人,https://www.zhipin.com/job_detail/09fec644618cae2d1XFy2d68FlQ~.html,Go/python--视频处理,23k-36k,北京 朝阳区 望京,1-3年,硕士,一点资讯,移动互联网,刘国芳,招聘者,发布于09月04日
B轮,100-499人,https://www.zhipin.com/job_detail/937af89590552b681XJz29m_F1M~.html,Python开发工程师,15k-30k,北京 昌平区 回龙观,1-3年,本科,美洽,互联网,杜潇然,招聘者,发布于09月21日
