house_url,houskeyword,rent,housetype,area,payment,district,tage,orientation,decoration,towertype,heating,rentway,looktime,tradingarea,metor	,housing_facilities
https://bj.5i5j.com/zufang/42122637.html,业主直租精装一居|芍药居地铁站|对外经贸大学|金色摇篮幼儿园,6000,1室1厅,45.3,押1付3,芍药居北里一区,中楼层/7层,南,芍药居北里一区,板楼,集中供暖,整租,电话预约,芍药居,距离地铁芍药居1068米,"['洗衣机', '冰箱', '电视', '空调', '热水器', '天然气', '暖气', '床', '网络', '电梯']"
https://bj.5i5j.com/zufang/42119755.html,立水桥南向一居室 拎包住随时看,5400,1室1厅,60.82,押1付3,北方明珠,中楼层/23层,南,北方明珠,板楼,自供暖,整租,随时看房,立水桥,距离地铁立水桥452米,"['洗衣机', '冰箱', '电视', '空调', '热水器', '天然气', '暖气', '床', '网络', '电梯']"
https://bj.5i5j.com/zufang/42126149.html,航天社区可短租 电梯房一居室,5500,1室1厅,50,押2付3,东南小区,高楼层/16层,南,东南小区,塔楼,集中供暖,整租,随时看房,中关村,距离地铁海淀黄庄591米,"['洗衣机', '冰箱', '电视', '空调', '热水器', '天然气', '暖气', '床', '网络', '电梯']"
https://bj.5i5j.com/zufang/42119308.html,中日友好医院，惠新西街南口，对外经贸大学，温馨舒适，拎包入住,6300,2室1厅,65,押2付3,樱花园,中楼层/6层,南北,樱花园,板楼,集中供暖,整租,随时看房,惠新西街,距离地铁惠新西街南口398米,"['洗衣机', '冰箱', '电视', '空调', '热水器', '天然气', '暖气', '床', '网络', '电梯']"
https://bj.5i5j.com/zufang/42118108.html,樱花园，惠新西街南口，中日友好医院，对外经贸大学，随时可看,5300,1室1厅,50,押2付3,樱花园,中楼层/16层,南,樱花园,塔楼,集中供暖,整租,随时看房,惠新西街,距离地铁惠新西街南口398米,"['洗衣机', '冰箱', '电视', '空调', '热水器', '天然气', '暖气', '床', '网络', '电梯']"
https://bj.5i5j.com/zufang/42120898.html,安德里北街柳荫公园 黄寺大街2号院 精装2居室 看房有钥匙,7200,2室1厅,54.93,押1付3,安德里北街24号院,低楼层/6层,南北,安德里北街24号院,板楼,集中供暖,整租,随时看房,安定门,距离地铁安德里北街256米,"['洗衣机', '冰箱', '电视', '空调', '热水器', '天然气', '暖气', '床', '网络', '电梯']"
https://bj.5i5j.com/zufang/42119335.html,13号线龙泽回龙观霍营 龙泽苑通达园天慧园,13000,5室2厅,192,押1付3,通达园,顶层/6层,南北,通达园,板楼,自供暖,整租,随时看房,回龙观,距离地铁龙泽893米,"['洗衣机', '冰箱', '电视', '空调', '热水器', '天然气', '暖气', '床', '网络', '电梯']"
https://bj.5i5j.com/zufang/42119034.html,朝阳东坝首开常青藤看房随时,10000,3室2厅,156,押2付3,首开常青藤四期,底层/6层,南,首开常青藤四期,板楼,自供暖,整租,随时看房,东坝,,"['洗衣机', '冰箱', '电视', '空调', '热水器', '天然气', '暖气', '床', '网络', '电梯']"
https://bj.5i5j.com/zufang/42140322.html,三居两卫 紧邻地铁包物业取暖 精装修 看房需联系所属人有钥匙,7200,3室2厅,135,押1付3,龙泽苑东区,中楼层/11层,南北,龙泽苑东区,塔楼,集中供暖,整租,随时看房,龙泽,距离地铁龙泽720米,"['洗衣机', '冰箱', '电视', '空调', '热水器', '天然气', '暖气', '床', '网络', '电梯']"
https://bj.5i5j.com/zufang/42129766.html,惠新 太阳宫 芍药居 精装两居家具家电齐全 看房联系,7000,2室1厅,60,押1付3,芍药居,中楼层/18层,南北,芍药居,塔楼,集中供暖,整租,随时看房,芍药居,距离地铁芍药居116米,"['洗衣机', '冰箱', '电视', '空调', '热水器', '天然气', '暖气', '床', '网络', '电梯']"
https://bj.5i5j.com/zufang/42126129.html,惠新里精装两居 南北向 5/10号线 业主直租 对外经贸大学,6300,2室1厅,60,押1付3,惠新里,中楼层/6层,南北,惠新里,板楼,集中供暖,整租,随时看房,惠新西街,距离地铁惠新西街南口502米,"['洗衣机', '冰箱', '电视', '空调', '热水器', '天然气', '暖气', '床', '网络', '电梯']"
https://bj.5i5j.com/zufang/42123568.html,蒲安北里 低楼层南北通透一居室 装修干净,4800,1室1厅,41.58,押1付3,蒲安北里,低楼层/4层,南北,蒲安北里,板楼,集中供暖,整租,电话预约,蒲黄榆,距离地铁蒲黄榆152米,"['洗衣机', '冰箱', '电视', '空调', '热水器', '天然气', '暖气', '床', '网络', '电梯']"
https://bj.5i5j.com/zufang/42121112.html,复兴门北大街精装一居室西便门真武庙月坛,6500,1室1厅,50,押2付3,复兴门北大街,中楼层/16层,东,复兴门北大街,板楼,集中供暖,整租,随时看房,月坛,距离地铁复兴门303米,"['洗衣机', '冰箱', '电视', '空调', '热水器', '天然气', '暖气', '床', '网络', '电梯']"
https://bj.5i5j.com/zufang/42121055.html,蒲黄榆刘家窑地铁 老业主直租 家具家电齐全 随时签约,4200,1室1厅,36.78,押1付3,刘家窑东里,底层/18层,西,刘家窑东里,板楼,集中供暖,整租,随时看房,蒲黄榆,距离地铁蒲黄榆447米,"['洗衣机', '冰箱', '电视', '空调', '热水器', '天然气', '暖气', '床', '网络', '电梯']"
https://bj.5i5j.com/zufang/42124001.html,红星楼 精装两居室 配套齐全 随时看,4000,2室1厅,54,押2付3,红星小区,中楼层/4层,南北,红星小区,板楼,集中供暖,整租,随时看房,旧宫,,"['洗衣机', '冰箱', '电视', '空调', '热水器', '天然气', '暖气', '床', '网络', '电梯']"
https://bj.5i5j.com/zufang/42123365.html,稻香园北社区 朝南大主卧,3800,1室1厅,45,押2付3,稻香园北区,高楼层/6层,南,稻香园北区,板楼,集中供暖,整租,随时看房,苏州桥,距离地铁苏州街869米,"['洗衣机', '冰箱', '电视', '空调', '热水器', '天然气', '暖气', '床', '网络', '电梯']"
https://bj.5i5j.com/zufang/42121020.html,整租 · 近地铁、带电梯、精致一居、随时可看！,5300,1室1厅,45,押1付3,新奥洋房,顶层/11层,西,新奥洋房,板楼,自供暖,整租,随时看房,永定门,距离地铁景泰188米,"['洗衣机', '冰箱', '电视', '空调', '热水器', '天然气', '暖气', '床', '网络', '电梯']"
https://bj.5i5j.com/zufang/42118171.html,惠新西街南口 小关北里 精装一居室 随时看房,4600,1室1厅,46,押1付3,小关北里,底层/5层,东南,小关北里,板楼,集中供暖,整租,随时看房,惠新西街,距离地铁惠新西街南口487米,"['洗衣机', '冰箱', '电视', '空调', '热水器', '天然气', '暖气', '床', '网络', '电梯']"
https://bj.5i5j.com/zufang/42144864.html,建设部，首体南路，三里河路，拎包入住。,7800,1室1厅,60,押1付3,建设部大院,高楼层/24层,南,建设部大院,塔楼,集中供暖,整租,随时看房,甘家口,距离地铁白石桥南446米,"['洗衣机', '冰箱', '电视', '空调', '热水器', '天然气', '暖气', '床', '网络', '电梯']"
https://bj.5i5j.com/zufang/42132108.html,龙泽苑东区 开间 包物业取暖 拎包入住,5000,1室1厅,58,押2付3,龙泽苑东区,低楼层/11层,北,龙泽苑东区,塔楼,集中供暖,整租,随时看房,龙泽,距离地铁龙泽720米,"['洗衣机', '冰箱', '电视', '空调', '热水器', '天然气', '暖气', '床', '网络', '电梯']"
https://bj.5i5j.com/zufang/42131697.html,有研宿舍 业主直租 一居室 城建大厦有钥匙,6300,1室1厅,58,押1付3,有研宿舍,低楼层/14层,南,有研宿舍,板楼,出租方式：整租,看房时间：随时看房,商圈：马甸,地铁：距离地铁牡丹园769米,,"['洗衣机', '冰箱', '电视', '空调', '热水器', '天然气', '暖气', '床', '网络', '电梯']"
https://bj.5i5j.com/zufang/42131203.html,赵工口宋家庄石榴庄慧时欣园几室几厅几卫下楼就是地铁,6500,2室1厅,93,押2付3,慧时欣园一期,高楼层/24层,南,慧时欣园一期,塔楼,自供暖,整租,随时看房,赵公口,距离地铁石榴庄181米,"['洗衣机', '冰箱', '电视', '空调', '热水器', '天然气', '暖气', '床', '网络', '电梯']"
https://bj.5i5j.com/zufang/42129496.html,6号线常营 柏林爱乐南北正规两居 随时看房,7500,2室1厅,103.12,押1付3,柏林爱乐二期,中楼层/11层,南北,柏林爱乐二期,板楼,集中供暖,整租,随时看房,管庄,距离地铁常营892米,"['洗衣机', '冰箱', '电视', '空调', '热水器', '天然气', '暖气', '床', '网络', '电梯']"
https://bj.5i5j.com/zufang/42128377.html,西便门新增温馨两居 采光好  随时可看,7000,2室1厅,58.46,押1付3,西便门西里,顶层/20层,南,西便门西里,塔楼,集中供暖,整租,随时看房,木樨地,距离地铁南礼士路902米,"['洗衣机', '冰箱', '电视', '空调', '热水器', '天然气', '暖气', '床', '网络', '电梯']"
https://bj.5i5j.com/zufang/42127307.html,新鲜出炉 看房又方便,6500,2室1厅,65,押2付3,安华里二区,中楼层/6层,东西,安华里二区,板楼,集中供暖,整租,电话预约,安贞,距离地铁安华桥745米,"['洗衣机', '冰箱', '电视', '空调', '热水器', '天然气', '暖气', '床', '网络', '电梯']"
https://bj.5i5j.com/zufang/42126311.html,业主着急出租精装修三居室,6000,3室1厅,70,押1付3,西罗园四区,顶层/6层,南北,西罗园四区,板楼,集中供暖,整租,随时看房,西罗园,距离地铁北京南站952米,"['洗衣机', '冰箱', '电视', '空调', '热水器', '天然气', '暖气', '床', '网络', '电梯']"
https://bj.5i5j.com/zufang/42125127.html,宣武门地铁口短租8个月！西单、长椿街、金融街不远,8000,3室1厅,65.71,押1付3,宣武门西大街,低楼层/11层,南北,宣武门西大街,板楼,集中供暖,整租,随时看房,金融街,距离地铁长椿街372米,"['洗衣机', '冰箱', '电视', '空调', '热水器', '天然气', '暖气', '床', '网络', '电梯']"
https://bj.5i5j.com/zufang/42124316.html,珠江罗马嘉园精装四居,17500,4室2厅,187.11,押1付3,珠江罗马嘉园东区,中楼层/17层,南北,珠江罗马嘉园东区,板楼,集中供暖,整租,电话预约,大悦城,距离地铁青年路392米,"['洗衣机', '冰箱', '电视', '空调', '热水器', '天然气', '暖气', '床', '网络', '电梯']"
https://bj.5i5j.com/zufang/42123933.html,10号线地铁附近 带电梯两居室 拎包入住,5500,2室1厅,81,押1付3,临泓路六号院,低楼层/18层,西南,临泓路六号院,板塔结合,自供暖,整租,随时看房,大红门,距离地铁大红门180米,"['洗衣机', '冰箱', '电视', '空调', '热水器', '天然气', '暖气', '床', '网络', '电梯']"
https://bj.5i5j.com/zufang/42123756.html,梨园地铁站，时尚街区两居空房，一百平空间大，卧室临街,5800,2室1厅,100,押2付3,时尚街区东区,低楼层/18层,西北,时尚街区东区,板楼,集中供暖,整租,随时看房,梨园,距离地铁梨园164米,"['洗衣机', '冰箱', '电视', '空调', '热水器', '天然气', '暖气', '床', '网络', '电梯']"
https://bj.5i5j.com/zufang/42123621.html,宝隆公寓精装修一居室 有钥匙 随时看房,4600,1室1厅,62.14,押2付3,宝隆公寓,高楼层/30层,南,宝隆公寓,板楼,集中供暖,整租,随时看房,科技园区,距离地铁科怡路268米,"['洗衣机', '冰箱', '电视', '空调', '热水器', '天然气', '暖气', '床', '网络', '电梯']"
https://bj.5i5j.com/zufang/42123445.html,正规大两居 电梯房 随时看房 随时住,11000,2室1厅,108,押2付3,亚奥阳光,低楼层/12层,南,亚奥阳光,板楼,集中供暖,整租,随时看房,健翔桥,距离地铁奥体中心1178米,"['洗衣机', '冰箱', '电视', '空调', '热水器', '天然气', '暖气', '床', '网络', '电梯']"
https://bj.5i5j.com/zufang/42120059.html,普天大院，积水潭，低楼层1居室，看房有钥匙，随时看房,6500,1室1厅,45,押2付3,普天大院,低楼层/6层,南,普天大院,板楼,集中供暖,整租,随时看房,德胜门,距离地铁积水潭538米,"['洗衣机', '冰箱', '电视', '空调', '热水器', '天然气', '暖气', '床', '网络', '电梯']"
https://bj.5i5j.com/zufang/42118353.html,果园  靓景明居,4500,2室1厅,100,押2付3,靓景明居,顶层/6层,南北,靓景明居,板楼,集中供暖,整租,电话预约,九棵树(家乐福),距离地铁果园1351米,"['洗衣机', '冰箱', '电视', '空调', '热水器', '天然气', '暖气', '床', '网络', '电梯']"
https://bj.5i5j.com/zufang/42118017.html,6号线常营万象四区 小区集中供暖 紧邻天街华联 看房随时,5800,1室1厅,70.29,押2付3,万象新天四区,低楼层/10层,北,万象新天四区,塔楼,集中供暖,整租,随时看房,常营,距离地铁常营462米,"['洗衣机', '冰箱', '电视', '空调', '热水器', '天然气', '暖气', '床', '网络', '电梯']"
https://bj.5i5j.com/zufang/42117850.html,龙腾苑四区 正规三居室,7400,3室1厅,104.83,押2付3,龙腾苑四区,中楼层/6层,南北,龙腾苑四区,板楼,自供暖,整租,随时看房,回龙观,距离地铁回龙观666米,"['洗衣机', '冰箱', '电视', '空调', '热水器', '天然气', '暖气', '床', '网络', '电梯']"
https://bj.5i5j.com/zufang/42126918.html,常营站 万象新天两居室 精装全齐 无取暖费 临长楹天街华联,7300,2室1厅,93.37,押1付3,万象新天四区,高楼层/11层,南,万象新天四区,板楼,集中供暖,整租,随时看房,常营,距离地铁常营462米,"['洗衣机', '冰箱', '电视', '空调', '热水器', '天然气', '暖气', '床', '网络', '电梯']"
https://bj.5i5j.com/zufang/42121741.html,润枫水尚  一居  出租,8000,1室1厅,67.61,押2付3,润枫水尚西区,中楼层/15层,东西,润枫水尚西区,板楼,集中供暖,整租,电话预约,朝青,距离地铁青年路711米,"['洗衣机', '冰箱', '电视', '空调', '热水器', '天然气', '暖气', '床', '网络', '电梯']"
https://bj.5i5j.com/zufang/42121323.html,北京新天地 正规三居 带俩大飘窗 业主直租,10000,3室2厅,140.93,押2付3,北京新天地一期,低楼层/28层,南北,北京新天地一期,塔楼,集中供暖,整租,电话预约,管庄,距离地铁管庄631米,"['洗衣机', '冰箱', '电视', '空调', '热水器', '天然气', '暖气', '床', '网络', '电梯']"
https://bj.5i5j.com/zufang/42118676.html,地铁8号线平西府站  龙锦苑一区精装三居 家电齐全,7500,3室1厅,126,押1付3,龙锦苑一区,中楼层/6层,南北,龙锦苑一区,板楼,自供暖,整租,电话预约,回龙观,距离地铁平西府616米,"['洗衣机', '冰箱', '电视', '空调', '热水器', '天然气', '暖气', '床', '网络', '电梯']"
https://bj.5i5j.com/zufang/42102563.html,大泥湾小区 正规一居出租 现已空置 提前联系,6800,1室1厅,51.2,押2付3,大泥湾,中楼层/6层,南,大泥湾,板楼,集中供暖,整租,随时看房,中关村,距离地铁知春里471米,"['洗衣机', '冰箱', '电视', '空调', '热水器', '天然气', '暖气', '床', '网络', '电梯']"
https://bj.5i5j.com/zufang/42101090.html,双井 国贸 九龙花园 精装一居室钥匙 随时看房,7500,1室1厅,71,押2付3,九龙花园,高楼层/22层,北,九龙花园,塔楼,集中供暖,整租,随时看房,双井,距离地铁九龙山583米,"['洗衣机', '冰箱', '电视', '空调', '热水器', '天然气', '暖气', '床', '网络', '电梯']"
https://bj.5i5j.com/zufang/42143364.html,花家地北里 业主直租两居 干净舒适,6800,2室1厅,63,押2付3,花家地北里,高楼层/18层,南,花家地北里,塔楼,集中供暖,整租,随时看房,望京,距离地铁阜通793米,"['洗衣机', '冰箱', '电视', '空调', '热水器', '天然气', '暖气', '床', '网络', '电梯']"
https://bj.5i5j.com/zufang/42142177.html,急 急急 惠新西街北口地铁5/10号线附近精装修 南北户型,6800,2室1厅,66,押1付3,小关北里24号院,中楼层/7层,南,小关北里24号院,板楼,集中供暖,整租,随时看房,惠新西街,距离地铁惠新西街南口510米,"['洗衣机', '冰箱', '电视', '空调', '热水器', '天然气', '暖气', '床', '网络', '电梯']"
https://bj.5i5j.com/zufang/42141810.html,姚家园上东上品富东家园105平两居全齐南向业主直租,5500,2室1厅,85,押2付3,上东上品,低楼层/9层,南北,上东上品,板楼,自供暖,整租,随时看房,东坝,,"['洗衣机', '冰箱', '电视', '空调', '热水器', '天然气', '暖气', '床', '网络', '电梯']"
https://bj.5i5j.com/zufang/42137578.html,望京西园三区南向两居室 近SOHO 绿地 地铁,9000,2室1厅,102,押2付3,望京西园三区,顶层/28层,南,望京西园三区,板楼,自供暖,整租,随时看房,望京,距离地铁望京521米,"['洗衣机', '冰箱', '电视', '空调', '热水器', '天然气', '暖气', '床', '网络', '电梯']"
https://bj.5i5j.com/zufang/42136321.html,金隅景和园新上三居室 家具全齐随时看房,5700,3室1厅,90,押1付3,金隅景和园七区,顶层/21层,南北,金隅景和园七区,板楼,自供暖,整租,随时看房,东坝,,"['洗衣机', '冰箱', '电视', '空调', '热水器', '天然气', '暖气', '床', '网络', '电梯']"
https://bj.5i5j.com/zufang/42128534.html,双榆树头条范围丶电梯楼此房采光极好丶,6500,1室1厅,43.9,押2付3,双榆树东里,中楼层/16层,南,双榆树东里,塔楼,集中供暖,整租,电话预约,双榆树,距离地铁人民大学637米,"['洗衣机', '冰箱', '电视', '空调', '热水器', '天然气', '暖气', '床', '网络', '电梯']"
https://bj.5i5j.com/zufang/42127412.html,八角南路 南向一层带自建二居 精装全齐,4700,2室1厅,60,押2付3,八角南路,底层/6层,南,八角南路,板楼,集中供暖,整租,电话预约,八角,距离地铁古城372米,"['洗衣机', '冰箱', '电视', '空调', '热水器', '天然气', '暖气', '床', '网络', '电梯']"
https://bj.5i5j.com/zufang/42125466.html,八角南路近地铁 有电梯二室一厅 简装长租,4700,2室1厅,60,押1付3,八角南路,高楼层/16层,南北,八角南路,塔楼,集中供暖,整租,电话预约,八角,距离地铁古城372米,"['洗衣机', '冰箱', '电视', '空调', '热水器', '天然气', '暖气', '床', '网络', '电梯']"
https://bj.5i5j.com/zufang/42124505.html,八角南路 中间层南北向二居 集中供暖 小区好停车,4600,2室1厅,65,押1付3,八角南路,中楼层/5层,南,八角南路,板楼,集中供暖,整租,电话预约,八角,距离地铁古城372米,"['洗衣机', '冰箱', '电视', '空调', '热水器', '天然气', '暖气', '床', '网络', '电梯']"
https://bj.5i5j.com/zufang/42124488.html,新上房源 清河小营 三居便宜租 家电齐月底可入住,6500,3室1厅,77.3,押1付3,电力宿舍,底层/6层,南北,电力宿舍,板楼,集中供暖,整租,电话预约,清河,距离地铁上地949米,"['洗衣机', '冰箱', '电视', '空调', '热水器', '天然气', '暖气', '床', '网络', '电梯']"
https://bj.5i5j.com/zufang/42123314.html,建材城西一里 精装两居室 全新家具家电 随时入住 拎包入,5500,2室1厅,70,押2付3,建材城西一里,高楼层/6层,南北,建材城西一里,其他,集中供暖,整租,随时看房,西三旗,距离地铁育新495米,"['洗衣机', '冰箱', '电视', '空调', '热水器', '天然气', '暖气', '床', '网络', '电梯']"
https://bj.5i5j.com/zufang/42121884.html,广安门地铁，白广路六号院，精装两居室，看房联系,8000,2室1厅,78,押2付3,白广路6号院,中楼层/7层,南北,白广路6号院,板楼,集中供暖,整租,电话预约,牛街,距离地铁广安门内415米,"['洗衣机', '冰箱', '电视', '空调', '热水器', '天然气', '暖气', '床', '网络', '电梯']"
https://bj.5i5j.com/zufang/42120235.html,建材城东一里两居室 家具家电齐全,5000,2室1厅,50,押2付3,建材东一里,顶层/6层,南北,建材东一里,板楼,集中供暖,整租,电话预约,西三旗,距离地铁霍营1343米,"['洗衣机', '冰箱', '电视', '空调', '热水器', '天然气', '暖气', '床', '网络', '电梯']"
https://bj.5i5j.com/zufang/42119291.html,东三环/朝阳北路/CBD邻近地铁摩码大厦写字楼可注册出租,8500,1室0厅,55,押1付3,摩码大厦,高楼层/21层,东,摩码大厦,塔楼,集中供暖,整租,随时看房,团结湖,距离地铁金台路465米,"['洗衣机', '冰箱', '电视', '空调', '热水器', '天然气', '暖气', '床', '网络', '电梯']"
https://bj.5i5j.com/zufang/42118687.html,抢定！厂洼西街6号院精装二居好房，带两车位，稳定出租,11000,2室1厅,85,押1付3,厂洼西街6号院,高楼层/16层,东南,厂洼西街6号院,塔楼,集中供暖,整租,电话预约,厂洼,距离地铁长春桥779米,"['洗衣机', '冰箱', '电视', '空调', '热水器', '天然气', '暖气', '床', '网络', '电梯']"
https://bj.5i5j.com/zufang/42118010.html,大山子798恒通商务园对面望京南地贴,4500,1室1厅,60,押2付3,大山子北里,中楼层/6层,南北,大山子北里,板楼,集中供暖,整租,随时看房,大山子,距离地铁望京南558米,"['洗衣机', '冰箱', '电视', '空调', '热水器', '天然气', '暖气', '床', '网络', '电梯']"
https://bj.5i5j.com/zufang/42116908.html,金地仰山西区，精装家具家电全齐，看房方便,5500,2室2厅,88,押1付3,金地仰山西区,低楼层/18层,南,金地仰山西区,板楼,集中供暖,整租,随时看房,枣园,,"['洗衣机', '冰箱', '电视', '空调', '热水器', '天然气', '暖气', '床', '网络', '电梯']"
https://bj.5i5j.com/zufang/42116567.html,志新村一居出租，可长签，采光好，房间宽敞明亮,6500,1室1厅,43.7,押1付3,志新村小区,高楼层/6层,南,志新村小区,板楼,集中供暖,整租,随时看房,二里庄,距离地铁北沙滩1339米,"['洗衣机', '冰箱', '电视', '空调', '热水器', '天然气', '暖气', '床', '网络', '电梯']"
https://bj.5i5j.com/zufang/42096062.html,北大地一里 正规两居室 邻物美超市,4300,2室1厅,55,押2付3,北大地一里,中楼层/6层,西南,北大地一里,板楼,集中供暖,整租,随时看房,北大地,距离地铁丰台东大街1020米,"['洗衣机', '冰箱', '电视', '空调', '热水器', '天然气', '暖气', '床', '网络', '电梯']"
https://bj.5i5j.com/zufang/42148307.html,恩济里黄金楼层精装两居,4600,2室1厅,60,押1付3,恩济里,高楼层/6层,南北,恩济里,板楼,集中供暖,整租,随时看房,定慧寺,距离地铁慈寿寺655米,"['洗衣机', '冰箱', '电视', '空调', '热水器', '天然气', '暖气', '床', '网络', '电梯']"
https://bj.5i5j.com/zufang/42141679.html,装修清新，碧森里3室，关键是房东人也很好，你还在犹豫什么？亲,10000,3室2厅,132,押1付3,碧森里,低楼层/9层,南北,碧森里,板楼,集中供暖,整租,电话预约,田村,,"['洗衣机', '冰箱', '电视', '空调', '热水器', '天然气', '暖气', '床', '网络', '电梯']"
https://bj.5i5j.com/zufang/42139097.html,车公庄西路20号院便宜两居能长租,6500,2室1厅,60,押2付3,车公庄西路20号院,顶层/5层,东西,车公庄西路20号院,板楼,集中供暖,整租,随时看房,甘家口,距离地铁白石桥南268米,"['洗衣机', '冰箱', '电视', '空调', '热水器', '天然气', '暖气', '床', '网络', '电梯']"
https://bj.5i5j.com/zufang/42134735.html,望京西园三区出租精装两居两卫，居家好房。,9500,2室1厅,102,押1付6,望京西园三区,中楼层/18层,南,望京西园三区,塔楼,自供暖,整租,随时看房,望京,距离地铁望京521米,"['洗衣机', '冰箱', '电视', '空调', '热水器', '天然气', '暖气', '床', '网络', '电梯']"
https://bj.5i5j.com/zufang/42132233.html,紧邻地铁9号线 东大街 正阳小区,5500,2室1厅,77,押1付3,正阳小区,底层/14层,南北,正阳小区,板楼,集中供暖,整租,随时看房,北大地,距离地铁丰台东大街760米,"['洗衣机', '冰箱', '电视', '空调', '热水器', '天然气', '暖气', '床', '网络', '电梯']"
https://bj.5i5j.com/zufang/42132021.html,康家园干净两居室，户型方正，带包入住,4500,1室1厅,49.81,押2付3,康家园,中楼层/6层,东,康家园,板楼,集中供暖,整租,电话预约,甘露园,距离地铁四惠东358米,"['洗衣机', '冰箱', '电视', '空调', '热水器', '天然气', '暖气', '床', '网络', '电梯']"
https://bj.5i5j.com/zufang/42130568.html,霍营地铁站 精装两居室 楼下就是地铁站 看房约,7000,2室1厅,125,押1付3,龙跃苑东五区,低楼层/6层,南北,龙跃苑东五区,板楼,自供暖,整租,随时看房,回龙观,距离地铁霍营314米,"['洗衣机', '冰箱', '电视', '空调', '热水器', '天然气', '暖气', '床', '网络', '电梯']"
https://bj.5i5j.com/zufang/42128973.html,惠新里 惠新西街南口地铁 精装两居室南北通透 拎包住,6400,2室1厅,58,押2付3,惠新里,低楼层/6层,南北,惠新里,板楼,集中供暖,整租,电话预约,惠新西街,距离地铁惠新西街南口502米,"['洗衣机', '冰箱', '电视', '空调', '热水器', '天然气', '暖气', '床', '网络', '电梯']"
https://bj.5i5j.com/zufang/42128611.html,鲁谷 永乐西区一居楼层适中近地铁 临万达,4200,1室1厅,45,押2付3,永乐西区,底层/6层,南,永乐西区,板楼,集中供暖,整租,随时看房,鲁谷,距离地铁八宝山1001米,"['洗衣机', '冰箱', '电视', '空调', '热水器', '天然气', '暖气', '床', '网络', '电梯']"
https://bj.5i5j.com/zufang/42128494.html,亦庄 海梓府 精装三居室空房出租,7500,3室1厅,120,押1付3,海梓府,高楼层/11层,南北,海梓府,板楼,集中供暖,整租,电话预约,亦庄开发区,,"['洗衣机', '冰箱', '电视', '空调', '热水器', '天然气', '暖气', '床', '网络', '电梯']"
https://bj.5i5j.com/zufang/42128486.html,六铺炕三区 安德路 德胜门 中装两居室 看房联系,7200,2室1厅,58.3,押1付3,六铺炕三区,顶层/6层,南北,六铺炕三区,板楼,集中供暖,整租,电话预约,六铺炕,距离地铁安德里北街694米,"['洗衣机', '冰箱', '电视', '空调', '热水器', '天然气', '暖气', '床', '网络', '电梯']"
https://bj.5i5j.com/zufang/42128437.html,霍营双线 国风美唐 精装正规三居室 包物业取暖 随时入住,8000,3室1厅,95,押2付3,首开国风美唐二期,低楼层/16层,南北,首开国风美唐二期,板塔结合,集中供暖,整租,随时看房,回龙观,距离地铁回龙观东大街276米,"['洗衣机', '冰箱', '电视', '空调', '热水器', '天然气', '暖气', '床', '网络', '电梯']"
https://bj.5i5j.com/zufang/42128426.html,五道口 华清嘉园正规一居室 看房提前联系,8700,1室1厅,66,押1付3,华清嘉园,中楼层/12层,东北,华清嘉园,塔楼,自供暖,整租,电话预约,五道口,距离地铁五道口259米,"['洗衣机', '冰箱', '电视', '空调', '热水器', '天然气', '暖气', '床', '网络', '电梯']"
https://bj.5i5j.com/zufang/42127694.html,磁器口商品房大一居 新景家园东区距离地铁最近5/7号线,9500,2室1厅,80,押2付3,新景家园东区,低楼层/13层,南北,新景家园东区,板楼,自供暖,整租,随时看房,崇文门,距离地铁磁器口517米,"['洗衣机', '冰箱', '电视', '空调', '热水器', '天然气', '暖气', '床', '网络', '电梯']"
https://bj.5i5j.com/zufang/42126509.html,陶然北岸，精装两居室，畅柳园，四平园，陶然亭地铁站,11500,2室1厅,104,押2付3,陶然北岸,中楼层/19层,东西,陶然北岸,板楼,集中供暖,整租,电话预约,陶然亭,距离地铁虎坊桥611米,"['洗衣机', '冰箱', '电视', '空调', '热水器', '天然气', '暖气', '床', '网络', '电梯']"
https://bj.5i5j.com/zufang/42123227.html,西马金瑞/两居室/西南向82平/户型方正/采光好有电梯,6000,2室1厅,82,押2付3,西马金润家园二区,低楼层/15层,西南,西马金润家园二区,板塔结合,集中供暖,整租,电话预约,马家堡,距离地铁角门东834米,"['洗衣机', '冰箱', '电视', '空调', '热水器', '天然气', '暖气', '床', '网络', '电梯']"
https://bj.5i5j.com/zufang/42123166.html,五棵松地铁口西北口 新上精装两居室 看房随时,6500,2室1厅,60,押1付3,永定路70号院,高楼层/17层,南,永定路70号院,板塔结合,集中供暖,整租,随时看房,五棵松,距离地铁五棵松492米,"['洗衣机', '冰箱', '电视', '空调', '热水器', '天然气', '暖气', '床', '网络', '电梯']"
https://bj.5i5j.com/zufang/42122083.html,三里屯 太古里旁 工体 精装两居室出租看房联系,8000,2室1厅,65,押2付3,东三里屯社区,中楼层/5层,南北,东三里屯社区,板楼,集中供暖,整租,电话预约,三里屯,距离地铁团结湖458米,"['洗衣机', '冰箱', '电视', '空调', '热水器', '天然气', '暖气', '床', '网络', '电梯']"
https://bj.5i5j.com/zufang/42122038.html,物理所南北中装两居室,8500,2室1厅,68,押2付3,中关村南三街物理所,中楼层/12层,南北,中关村南三街物理所,塔楼,出租方式：整租,看房时间：电话预约,商圈：中关村,地铁：距离地铁五道口966米,,"['洗衣机', '冰箱', '电视', '空调', '热水器', '天然气', '暖气', '床', '网络', '电梯']"
https://bj.5i5j.com/zufang/42121911.html,天宁寺西里  新上两居 随时看房,6300,2室1厅,60,押1付3,天宁寺西里,中楼层/6层,南北,天宁寺西里,板楼,集中供暖,整租,随时看房,天宁寺,距离地铁达官营803米,"['洗衣机', '冰箱', '电视', '空调', '热水器', '天然气', '暖气', '床', '网络', '电梯']"
https://bj.5i5j.com/zufang/42121545.html,南北通透大两居 全明格局： 一层 下面有车库不会潮 精装修,8800,2室1厅,109,押2付3,上林溪,底层/9层,南北,上林溪,板楼,集中供暖,整租,电话预约,安宁庄,,"['洗衣机', '冰箱', '电视', '空调', '热水器', '天然气', '暖气', '床', '网络', '电梯']"
https://bj.5i5j.com/zufang/42121314.html,新出百子湾 沿海赛洛城 精装两居 拎包入住,8000,2室1厅,80,押1付3,沿海赛洛城六期,低楼层/24层,东北西,沿海赛洛城六期,板楼,集中供暖,整租,随时看房,百子湾,距离地铁百子湾943米,"['洗衣机', '冰箱', '电视', '空调', '热水器', '天然气', '暖气', '床', '网络', '电梯']"
https://bj.5i5j.com/zufang/42121256.html,望京南 朝庭公寓 豪装两居看房方便 临商业街方恒购物中心,10000,2室2厅,112,押1付3,朝庭公寓,高楼层/27层,东南,朝庭公寓,板楼,自供暖,整租,随时看房,望京,距离地铁望京南476米,"['洗衣机', '冰箱', '电视', '空调', '热水器', '天然气', '暖气', '床', '网络', '电梯']"
https://bj.5i5j.com/zufang/42120893.html,新出嘉铭桐城D区南北两居室 带电梯有车位看房方便,12000,2室2厅,115,押2付3,嘉铭桐城D区,中楼层/9层,南北,嘉铭桐城D区,板楼,自供暖,整租,随时看房,亚运村小营,距离地铁关庄452米,"['洗衣机', '冰箱', '电视', '空调', '热水器', '天然气', '暖气', '床', '网络', '电梯']"
https://bj.5i5j.com/zufang/42120774.html,玉泉路阜石路玉阜嘉园豪华三居临近航天医院地铁6号线,8000,3室1厅,110,押2付3,玉阜嘉园,高楼层/12层,东北,玉阜嘉园,板塔结合,自供暖,整租,电话预约,玉泉路,,"['洗衣机', '冰箱', '电视', '空调', '热水器', '天然气', '暖气', '床', '网络', '电梯']"
https://bj.5i5j.com/zufang/42120573.html,杨庄路63号院出租精装一居室怜包入住交通购物方便,3300,1室1厅,53,押2付3,杨庄路63号院,高楼层/6层,南北,杨庄路63号院,板楼,集中供暖,整租,电话预约,通州北苑,距离地铁通州北苑537米,"['洗衣机', '冰箱', '电视', '空调', '热水器', '天然气', '暖气', '床', '网络', '电梯']"
https://bj.5i5j.com/zufang/42120562.html,安贞，安华里三区，精装南北，两居室,7000,2室1厅,55,押2付3,安华里三区,高楼层/6层,南北,安华里三区,板楼,集中供暖,整租,随时看房,安贞,距离地铁和平西桥1030米,"['洗衣机', '冰箱', '电视', '空调', '热水器', '天然气', '暖气', '床', '网络', '电梯']"
https://bj.5i5j.com/zufang/42119471.html,回龙观地铁龙博苑二区南向一居室,5000,1室1厅,59,押1付3,龙博苑二区,中楼层/6层,南,龙博苑二区,板楼,自供暖,整租,电话预约,回龙观,距离地铁回龙观581米,"['洗衣机', '冰箱', '电视', '空调', '热水器', '天然气', '暖气', '床', '网络', '电梯']"
https://bj.5i5j.com/zufang/42119328.html,玉泉西路 地铁口 精装干净两居室 双卧朝南,5500,2室1厅,65,押2付3,玉泉西路甲3号院,底层/6层,南,玉泉西路甲3号院,板楼,集中供暖,整租,随时看房,玉泉路,距离地铁玉泉路830米,"['洗衣机', '冰箱', '电视', '空调', '热水器', '天然气', '暖气', '床', '网络', '电梯']"
https://bj.5i5j.com/zufang/42119188.html,地质大学家属院 精装朝北单间 和业主合租,3200,2室1厅,10,押2付3,地质大学,底层/6层,北,地质大学,板楼,集中供暖,整租,电话预约,五道口,距离地铁五道口848米,"['洗衣机', '冰箱', '电视', '空调', '热水器', '天然气', '暖气', '床', '网络', '电梯']"
https://bj.5i5j.com/zufang/42118815.html,紧邻蒲黄榆地铁 方庄 芳群园四区一居室,5000,1室1厅,48,押2付3,芳群园四区,中楼层/18层,南北,芳群园四区,塔楼,集中供暖,整租,电话预约,方庄,距离地铁刘家窑712米,"['洗衣机', '冰箱', '电视', '空调', '热水器', '天然气', '暖气', '床', '网络', '电梯']"
https://bj.5i5j.com/zufang/42118499.html,新宫地铁四号线 南庭新苑一居室 家具家电全齐 临近地铁,4000,1室1厅,51.83,押2付3,南庭新苑北区,低楼层/15层,东,南庭新苑北区,板楼,集中供暖,整租,随时看房,新宫,距离地铁新宫741米,"['洗衣机', '冰箱', '电视', '空调', '热水器', '天然气', '暖气', '床', '网络', '电梯']"
https://bj.5i5j.com/zufang/42118351.html,花园洋房 官园公寓精装四居出租,22000,4室2厅,151,押1付6,官园公寓,低楼层/4层,南北,官园公寓,板楼,集中供暖,整租,电话预约,官园,距离地铁平安里696米,"['洗衣机', '冰箱', '电视', '空调', '热水器', '天然气', '暖气', '床', '网络', '电梯']"
https://bj.5i5j.com/zufang/42117859.html,望京soho旁宝星园拎包入住临望京东地铁,15000,2室2厅,126,押1付3,宝星园,高楼层/25层,南,宝星园,塔楼,自供暖,整租,随时看房,望京,距离地铁望京东612米,"['洗衣机', '冰箱', '电视', '空调', '热水器', '天然气', '暖气', '床', '网络', '电梯']"
https://bj.5i5j.com/zufang/42117486.html,业主直租！右安门外亚林小区 精装修双朝南两居室 长期出租,5300,2室1厅,58,押1付3,亚林西居住区,中楼层/28层,南,亚林西居住区,塔楼,出租方式：整租,看房时间：电话预约,商圈：右安门外,地铁：距离地铁草桥1164米,,"['洗衣机', '冰箱', '电视', '空调', '热水器', '天然气', '暖气', '床', '网络', '电梯']"
https://bj.5i5j.com/zufang/42117297.html,三居室 中间楼层 拎包入住 随时看房,6100,3室1厅,110,押1付3,龙禧苑三区,中楼层/6层,南北,龙禧苑三区,板楼,自供暖,整租,随时看房,回龙观,距离地铁育知路827米,"['洗衣机', '冰箱', '电视', '空调', '热水器', '天然气', '暖气', '床', '网络', '电梯']"
https://bj.5i5j.com/zufang/42116619.html,十号线首经贸 丰台站育芳园小区精装南向两居室,5400,2室1厅,65,押2付3,育芳园,中楼层/6层,南,育芳园,板楼,集中供暖,整租,电话预约,玉泉营,距离地铁首经贸666米,"['洗衣机', '冰箱', '电视', '空调', '热水器', '天然气', '暖气', '床', '网络', '电梯']"
https://bj.5i5j.com/zufang/42088911.html,美术馆后街 精装两居 拎包入住,7300,2室1厅,58.29,押1付3,美术馆后街,顶层/5层,南北,美术馆后街,板楼,集中供暖,整租,电话预约,东四,距离地铁南锣鼓巷757米,"['洗衣机', '冰箱', '电视', '空调', '热水器', '天然气', '暖气', '床', '网络', '电梯']"
https://bj.5i5j.com/zufang/42091998.html,芍药居北里 精装朝南两居 业主直租 经贸大学 有钥匙,7500,2室1厅,75,押1付3,芍药居北里一区,低楼层/7层,南,芍药居北里一区,板楼,集中供暖,整租,随时看房,芍药居,距离地铁芍药居1068米,"['洗衣机', '冰箱', '电视', '空调', '热水器', '天然气', '暖气', '床', '网络', '电梯']"
https://bj.5i5j.com/zufang/42090737.html,惠新西街南口 小关北里 精装两居室 近地铁 业主直租,6500,2室1厅,70,押1付3,小关北里,高楼层/14层,南北,小关北里,塔楼,集中供暖,整租,电话预约,惠新西街,距离地铁惠新西街南口487米,"['洗衣机', '冰箱', '电视', '空调', '热水器', '天然气', '暖气', '床', '网络', '电梯']"
https://bj.5i5j.com/zufang/42107853.html,东三环/朝阳公园14线秀水园精装修临佳隆财富凤凰,6800,2室1厅,60,押2付3,秀水园小区,中楼层/6层,南北,秀水园小区,板楼,集中供暖,整租,随时看房,团结湖,距离地铁金台路461米,"['洗衣机', '冰箱', '电视', '空调', '热水器', '天然气', '暖气', '床', '网络', '电梯']"
https://bj.5i5j.com/zufang/42100678.html,惊爆价  雅丽世居 精装一居室，看房有钥匙，果园地铁站,3600,1室1厅,40,押1付3,雅丽世居,中楼层/18层,北,雅丽世居,板楼,集中供暖,整租,随时看房,果园,距离地铁果园384米,"['洗衣机', '冰箱', '电视', '空调', '热水器', '天然气', '暖气', '床', '网络', '电梯']"
https://bj.5i5j.com/zufang/42108981.html,业主直租 紧邻地铁 干净舒适家电齐全 拎包入住,7500,2室1厅,100,押1付3,芍药居36号,底层/14层,南,芍药居36号,塔楼,集中供暖,整租,电话预约,芍药居,距离地铁芍药居582米,"['洗衣机', '冰箱', '电视', '空调', '热水器', '天然气', '暖气', '床', '网络', '电梯']"
https://bj.5i5j.com/zufang/42098861.html,丰益桥 丰益花园东区 紧邻10号线泥洼 恒泰广场 拎包入住,6200,2室1厅,98,押2付3,丰益花园东区,中楼层/12层,南北,丰益花园东区,板楼,自供暖,整租,电话预约,丰益桥,距离地铁泥洼592米,"['洗衣机', '冰箱', '电视', '空调', '热水器', '天然气', '暖气', '床', '网络', '电梯']"
https://bj.5i5j.com/zufang/42091701.html,房东诚心出租，芍药居北里，人大附，对外经贸附近,5400,1室1厅,60,押1付3,芍药居北里一区,底层/7层,南北,芍药居北里一区,板楼,集中供暖,整租,电话预约,芍药居,距离地铁芍药居1068米,"['洗衣机', '冰箱', '电视', '空调', '热水器', '天然气', '暖气', '床', '网络', '电梯']"
https://bj.5i5j.com/zufang/42092541.html,北苑万达对面低楼层两居室，随时看房，诚心出租。,4200,2室1厅,68,押2付3,北苑55号院,底层/6层,南,北苑55号院,板楼,集中供暖,整租,随时看房,通州北苑,距离地铁通州北苑585米,"['洗衣机', '冰箱', '电视', '空调', '热水器', '天然气', '暖气', '床', '网络', '电梯']"
https://bj.5i5j.com/zufang/42127577.html,西便门南向一居、采光好，暖气足！可长租,5500,1室1厅,43,押1付3,西便门西里,顶层/6层,南,西便门西里,板楼,集中供暖,整租,随时看房,木樨地,距离地铁南礼士路902米,"['洗衣机', '冰箱', '电视', '空调', '热水器', '天然气', '暖气', '床', '网络', '电梯']"
https://bj.5i5j.com/zufang/42047139.html,西二旗上地软件园 13号线金域华府融泽嘉园 百度滴滴,5300,1室1厅,63,押1付3,融泽嘉园2号院,低楼层/31层,南,融泽嘉园2号院,塔楼,集中供暖,整租,随时看房,龙泽,距离地铁龙泽814米,"['洗衣机', '冰箱', '电视', '空调', '热水器', '天然气', '暖气', '床', '网络', '电梯']"
https://bj.5i5j.com/zufang/42030646.html,慧谷阳光精装开间 干净整洁 拎包入住 紧邻地铁,7300,1室1厅,56,押2付3,慧谷阳光,高楼层/16层,北,慧谷阳光,板塔结合,集中供暖,整租,随时看房,望京,距离地铁望京东553米,"['洗衣机', '冰箱', '电视', '空调', '热水器', '天然气', '暖气', '床', '网络', '电梯']"
https://bj.5i5j.com/zufang/42103371.html,方庄 芳星园三区 精装俩居室 看房随时,6200,2室1厅,65,押1付3,芳星园三区,高楼层/25层,东南,芳星园三区,板塔结合,集中供暖,整租,随时看房,方庄,距离地铁方庄676米,"['洗衣机', '冰箱', '电视', '空调', '热水器', '天然气', '暖气', '床', '网络', '电梯']"
https://bj.5i5j.com/zufang/42094592.html,9号线七里庄 庄维花园 两居,6300,2室1厅,80,押2付3,庄维花园一期,高楼层/14层,南北,庄维花园一期,板楼,集中供暖,整租,电话预约,七里庄,距离地铁七里庄406米,"['洗衣机', '冰箱', '电视', '空调', '热水器', '天然气', '暖气', '床', '网络', '电梯']"
https://bj.5i5j.com/zufang/42110091.html,清逸西园 大兴旧宫好房 精装修 门口就有公交站 旧宫地铁,4000,2室1厅,78,押2付3,清逸西园,高楼层/6层,南北,清逸西园,板楼,集中供暖,整租,随时看房,旧宫,,"['洗衣机', '冰箱', '电视', '空调', '热水器', '天然气', '暖气', '床', '网络', '电梯']"
https://bj.5i5j.com/zufang/42099046.html,望京站14/15线夏都家园精装两居室,12000,2室1厅,113.79,押2付3,夏都盈座,低楼层/22层,南,夏都盈座,板楼,集中供暖,整租,电话预约,望京,距离地铁望京308米,"['洗衣机', '冰箱', '电视', '空调', '热水器', '天然气', '暖气', '床', '网络', '电梯']"
https://bj.5i5j.com/zufang/42097260.html,空房大一居，精装修，可当2居室用，长期出租,7000,2室1厅,88,押1付3,望京西园三区,中楼层/22层,南,望京西园三区,板楼,自供暖,整租,随时看房,望京,距离地铁望京521米,"['洗衣机', '冰箱', '电视', '空调', '热水器', '天然气', '暖气', '床', '网络', '电梯']"
https://bj.5i5j.com/zufang/42096208.html,车道沟南里 一居室 家具家电齐全 北洼路,5300,1室1厅,47,押2付3,车道沟南里,中楼层/6层,东,车道沟南里,板楼,集中供暖,整租,电话预约,紫竹桥,距离地铁车道沟844米,"['洗衣机', '冰箱', '电视', '空调', '热水器', '天然气', '暖气', '床', '网络', '电梯']"
https://bj.5i5j.com/zufang/42147769.html,华贸城精装开间出租 看房随时有钥匙,5800,1室0厅,55.45,押2付3,华贸城7号院,中楼层/30层,南,华贸城7号院,板楼,自供暖,整租,随时看房,北苑,距离地铁北苑684米,"['洗衣机', '冰箱', '电视', '空调', '热水器', '天然气', '暖气', '床', '网络', '电梯']"
https://bj.5i5j.com/zufang/42146728.html,北苑媒体村，大开间出租，拎包入住，看房有钥匙，交通便利，,6000,1室1厅,51,押1付3,天畅园,高楼层/32层,南,天畅园,板楼,自供暖,整租,随时看房,北苑,距离地铁北苑路北529米,"['洗衣机', '冰箱', '电视', '空调', '热水器', '天然气', '暖气', '床', '网络', '电梯']"
https://bj.5i5j.com/zufang/42144006.html,积水潭桥，北草厂，如意里精装修两居出租,9300,2室1厅,58.1,押2付3,如意里小区,底层/7层,南北,如意里小区,板楼,集中供暖,整租,随时看房,新街口,距离地铁新街口295米,"['洗衣机', '冰箱', '电视', '空调', '热水器', '天然气', '暖气', '床', '网络', '电梯']"
https://bj.5i5j.com/zufang/42138582.html,育慧里二区，一室一厅一卫，5500元,5500,1室1厅,45,押2付3,育慧里二区,顶层/6层,南,育慧里二区,板楼,集中供暖,整租,电话预约,亚运村小营,距离地铁惠新西街北口914米,"['洗衣机', '冰箱', '电视', '空调', '热水器', '天然气', '暖气', '床', '网络', '电梯']"
https://bj.5i5j.com/zufang/42136100.html,奥林匹克花园一期精装修三居,9800,3室1厅,140,押2付3,奥林匹克花园一期,低楼层/4层,南北,奥林匹克花园一期,板楼,自供暖,整租,随时看房,东坝,,"['洗衣机', '冰箱', '电视', '空调', '热水器', '天然气', '暖气', '床', '网络', '电梯']"
https://bj.5i5j.com/zufang/42133213.html,石佛营 华业玫瑰郡精装南向开间 看房随时,6500,1室0厅,50,押2付3,华业玫瑰郡,中楼层/14层,南,华业玫瑰郡,板楼,集中供暖,整租,随时看房,石佛营,距离地铁十里堡882米,"['洗衣机', '冰箱', '电视', '空调', '热水器', '天然气', '暖气', '床', '网络', '电梯']"
https://bj.5i5j.com/zufang/42131482.html,六号线 青年路 大悦城 天鹅湾复式,8500,1室1厅,37.11,押1付3,天鹅湾北区,高楼层/15层,西,天鹅湾北区,板楼,集中供暖,整租,电话预约,朝青,距离地铁青年路526米,"['洗衣机', '冰箱', '电视', '空调', '热水器', '天然气', '暖气', '床', '网络', '电梯']"
https://bj.5i5j.com/zufang/42129276.html,土桥。临河里，华业东方玫瑰精装一居,4800,1室1厅,58,押2付3,华业东方玫瑰A区,中楼层/28层,南北,华业东方玫瑰A区,板楼,出租方式：整租,看房时间：随时看房,商圈：临河里,地铁：距离地铁临河里827米,,"['洗衣机', '冰箱', '电视', '空调', '热水器', '天然气', '暖气', '床', '网络', '电梯']"
https://bj.5i5j.com/zufang/42129213.html,东直门雍和宫 北官厅一室出租 带电梯 朝南采光好,6500,1室1厅,48,押1付3,北官厅胡同,中楼层/20层,南,北官厅胡同,板楼,集中供暖,整租,随时看房,东直门,距离地铁雍和宫851米,"['洗衣机', '冰箱', '电视', '空调', '热水器', '天然气', '暖气', '床', '网络', '电梯']"
https://bj.5i5j.com/zufang/42126350.html,世纪星城新上，精装大两居，业主直租，装修标准，有钥匙！,6000,2室1厅,110,押2付3,世纪星城,高楼层/9层,南北,世纪星城,板楼,集中供暖,整租,随时看房,通州北苑,距离地铁果园990米,"['洗衣机', '冰箱', '电视', '空调', '热水器', '天然气', '暖气', '床', '网络', '电梯']"
https://bj.5i5j.com/zufang/42123804.html,东直门内大街民安小区两居出租随时看房拎包入住,9500,2室1厅,75,押1付3,民安小区东扬威街,低楼层/11层,南,民安小区东扬威街,板楼,集中供暖,整租,随时看房,东直门,距离地铁东直门338米,"['洗衣机', '冰箱', '电视', '空调', '热水器', '天然气', '暖气', '床', '网络', '电梯']"
https://bj.5i5j.com/zufang/42121418.html,酒仙桥梵谷水郡精装开间一居室随时看房紧邻898电子城,5000,1室1厅,40.71,押1付12,梵谷水郡,高楼层/24层,西南,梵谷水郡,塔楼,集中供暖,整租,随时看房,酒仙桥,,"['洗衣机', '冰箱', '电视', '空调', '热水器', '天然气', '暖气', '床', '网络', '电梯']"
https://bj.5i5j.com/zufang/42068241.html,长城国际 精装修一居室  温馨干净 随时看房,3400,1室1厅,52,押2付3,长城国际,低楼层/20层,东,长城国际,塔楼,集中供暖,整租,随时看房,通州北苑,距离地铁果园986米,"['洗衣机', '冰箱', '电视', '空调', '热水器', '天然气', '暖气', '床', '网络', '电梯']"
https://bj.5i5j.com/zufang/42063012.html,宝星园 日不落全南两居 看房有钥匙 临阿里巴巴 SOHO,10000,2室1厅,106,押2付3,宝星园,中楼层/25层,南,宝星园,塔楼,自供暖,整租,随时看房,望京,距离地铁望京东612米,"['洗衣机', '冰箱', '电视', '空调', '热水器', '天然气', '暖气', '床', '网络', '电梯']"
https://bj.5i5j.com/zufang/42052216.html,朝阳公园 十里堡 八里庄 姚家园 石佛营西里低楼大一居,5000,1室1厅,50,押2付3,八里庄北里,高楼层/18层,南,八里庄北里,塔楼,集中供暖,整租,随时看房,石佛营,距离地铁十里堡604米,"['洗衣机', '冰箱', '电视', '空调', '热水器', '天然气', '暖气', '床', '网络', '电梯']"
https://bj.5i5j.com/zufang/42051007.html,小区成熟，配套齐全、,4000,1室1厅,45,押2付3,管庄西里,高楼层/6层,南,管庄西里,板楼,集中供暖,整租,电话预约,管庄,距离地铁管庄1053米,"['洗衣机', '冰箱', '电视', '空调', '热水器', '天然气', '暖气', '床', '网络', '电梯']"
https://bj.5i5j.com/zufang/42041283.html,双旗杆 黄寺大街 精装电梯大一居 业主直 租,6500,1室1厅,50,押2付3,双旗杆东里,中楼层/18层,南,双旗杆东里,塔楼,集中供暖,整租,随时看房,德胜门,距离地铁安华桥688米,"['洗衣机', '冰箱', '电视', '空调', '热水器', '天然气', '暖气', '床', '网络', '电梯']"
https://bj.5i5j.com/zufang/42105041.html,新上+广安门内地铁+金融街+长椿街+精装正规两居室,7500,2室1厅,73.37,押2付3,牛街东里一区,中楼层/19层,西南,牛街东里一区,板楼,集中供暖,整租,随时看房,牛街,距离地铁广安门内694米,"['洗衣机', '冰箱', '电视', '空调', '热水器', '天然气', '暖气', '床', '网络', '电梯']"
https://bj.5i5j.com/zufang/42104806.html,八家嘉苑精装一居 紧邻清华大学 居家合租不限,5000,1室1厅,55,押1付6,八家嘉苑,低楼层/31层,南,八家嘉苑,板楼,出租方式：整租,看房时间：电话预约,商圈：学院路,,,"['洗衣机', '冰箱', '电视', '空调', '热水器', '天然气', '暖气', '床', '网络', '电梯']"
https://bj.5i5j.com/zufang/42093524.html,惠新西街 小关东里精装两居室 近外经贸中日 南口地铁,6600,2室1厅,58.9,押1付3,小关东里10号院,中楼层/6层,南北,小关东里10号院,板楼,集中供暖,整租,电话预约,惠新西街,距离地铁惠新西街南口274米,"['洗衣机', '冰箱', '电视', '空调', '热水器', '天然气', '暖气', '床', '网络', '电梯']"
https://bj.5i5j.com/zufang/42091709.html,惠新西街北口 5号线 业主婚房两居室 家电齐全,6400,2室1厅,65,押1付3,安苑东里三区,中楼层/7层,南北,安苑东里三区,板楼,集中供暖,整租,电话预约,惠新西街,距离地铁惠新西街北口362米,"['洗衣机', '冰箱', '电视', '空调', '热水器', '天然气', '暖气', '床', '网络', '电梯']"
https://bj.5i5j.com/zufang/42091569.html,惠新苑 精装大两居 物美旁 惠新西街北口 五号线地铁,9800,2室2厅,120,押1付3,惠新苑,高楼层/15层,东南,惠新苑,塔楼,集中供暖,整租,电话预约,惠新西街,距离地铁惠新西街北口265米,"['洗衣机', '冰箱', '电视', '空调', '热水器', '天然气', '暖气', '床', '网络', '电梯']"
https://bj.5i5j.com/zufang/42090985.html,炫彩嘉轩精装一居室 望京soho阿里巴巴,6000,1室0厅,40.19,押1付6,炫彩嘉轩,高楼层/21层,东,炫彩嘉轩,塔楼,集中供暖,整租,随时看房,望京,距离地铁望京东760米,"['洗衣机', '冰箱', '电视', '空调', '热水器', '天然气', '暖气', '床', '网络', '电梯']"
https://bj.5i5j.com/zufang/42115004.html,玉泉营 三环新城 大一居室 户型好 下楼就是地铁,5300,1室1厅,65,押2付3,三环新城7号院,中楼层/31层,南,三环新城7号院,板楼,自供暖,整租,随时看房,玉泉营,距离地铁丰台站451米,"['洗衣机', '冰箱', '电视', '空调', '热水器', '天然气', '暖气', '床', '网络', '电梯']"
https://bj.5i5j.com/zufang/42112658.html,角门西旭日嘉园精装一居室.业主人很好.想找爱惜房子的租户,4700,1室1厅,44.41,押1付3,旭日嘉园,高楼层/24层,北,旭日嘉园,塔楼,集中供暖,整租,随时看房,马家堡,距离地铁角门西211米,"['洗衣机', '冰箱', '电视', '空调', '热水器', '天然气', '暖气', '床', '网络', '电梯']"
https://bj.5i5j.com/zufang/42108369.html,双榆树北里一层精装修两居。近中航广场、随时看,7200,2室1厅,65,押2付3,双榆树北里,底层/6层,南,双榆树北里,塔楼,集中供暖,整租,随时看房,双榆树,距离地铁人民大学545米,"['洗衣机', '冰箱', '电视', '空调', '热水器', '天然气', '暖气', '床', '网络', '电梯']"
https://bj.5i5j.com/zufang/42107935.html,崇文门磁器口新裕家园精装南向两居室,13000,2室1厅,86.76,押2付3,新裕家园,高楼层/15层,南,新裕家园,板楼,集中供暖,整租,电话预约,崇文门,距离地铁磁器口323米,"['洗衣机', '冰箱', '电视', '空调', '热水器', '天然气', '暖气', '床', '网络', '电梯']"
https://bj.5i5j.com/zufang/42106005.html,玉泉路一号线 航天医院玉海园三居电梯楼,7800,3室1厅,100,押2付3,玉海园二里,高楼层/11层,西北,玉海园二里,板塔结合,集中供暖,整租,随时看房,玉泉路,,"['洗衣机', '冰箱', '电视', '空调', '热水器', '天然气', '暖气', '床', '网络', '电梯']"
https://bj.5i5j.com/zufang/42105747.html,上地东里正规一居 已空置 随时入住 紧挨着上地地铁,5300,1室1厅,50,押2付3,上地东里六区,顶层/6层,南北,上地东里六区,板楼,集中供暖,整租,随时看房,上地,距离地铁上地499米,"['洗衣机', '冰箱', '电视', '空调', '热水器', '天然气', '暖气', '床', '网络', '电梯']"
https://bj.5i5j.com/zufang/42105694.html,右安门外北京南站玉林东里小区精装两居包物业供暖维修随时看房,5000,2室1厅,60,押2付3,玉林东里三区,底层/6层,南北,玉林东里三区,板楼,集中供暖,整租,随时看房,右安门外,距离地铁北京南站1378米,"['洗衣机', '冰箱', '电视', '空调', '热水器', '天然气', '暖气', '床', '网络', '电梯']"
https://bj.5i5j.com/zufang/42104779.html,花园巷两居出租，有钥匙随时看房,2800,2室1厅,75.44,押1付3,花园巷小区,高楼层/6层,南北,花园巷小区,板楼,出租方式：整租,看房时间：随时看房,商圈：良乡,,,"['洗衣机', '冰箱', '电视', '空调', '热水器', '天然气', '暖气', '床', '网络', '电梯']"
https://bj.5i5j.com/zufang/42102334.html,车站西街17号院精装修两居室 房间干净温馨 高层朝南向,5700,2室1厅,65,押1付3,车站西街17号院,高楼层/24层,东南,车站西街17号院,塔楼,集中供暖,整租,随时看房,广安门,,"['洗衣机', '冰箱', '电视', '空调', '热水器', '天然气', '暖气', '床', '网络', '电梯']"
https://bj.5i5j.com/zufang/42098776.html,紧邻地铁 交通方便 美廉美超市撇套设施齐全,8500,3室1厅,52.1,押2付3,安德路,中楼层/5层,南北,安德路,板楼,集中供暖,整租,随时看房,六铺炕,距离地铁鼓楼大街290米,"['洗衣机', '冰箱', '电视', '空调', '热水器', '天然气', '暖气', '床', '网络', '电梯']"
https://bj.5i5j.com/zufang/42096551.html,酒仙桥一街坊 晶都国际 颐提港 将台站,6500,2室1厅,60,押2付3,酒仙桥一街坊,底层/6层,南北,酒仙桥一街坊,板楼,出租方式：整租,看房时间：电话预约,商圈：酒仙桥,地铁：距离地铁将台705米,,"['洗衣机', '冰箱', '电视', '空调', '热水器', '天然气', '暖气', '床', '网络', '电梯']"
https://bj.5i5j.com/zufang/42096491.html,玉泉营三环新城7号院 一居室拎包住 看房方便,3500,1室1厅,60,押1付3,三环新城7号院,底层/31层,南,三环新城7号院,板楼,自供暖,整租,随时看房,玉泉营,距离地铁丰台站451米,"['洗衣机', '冰箱', '电视', '空调', '热水器', '天然气', '暖气', '床', '网络', '电梯']"
https://bj.5i5j.com/zufang/42091030.html,上地地铁 上地东里 上地西里精装两居,6500,2室1厅,60,押2付3,上地东里三区,中楼层/6层,南北,上地东里三区,板楼,集中供暖,整租,随时看房,上地,距离地铁上地407米,"['洗衣机', '冰箱', '电视', '空调', '热水器', '天然气', '暖气', '床', '网络', '电梯']"
https://bj.5i5j.com/zufang/42129029.html,亦庄线地铁旁贵园东里一区精装两居室出租,5000,2室1厅,74,押1付3,贵园东里一区,高楼层/7层,南北,贵园东里一区,板楼,集中供暖,整租,随时看房,亦庄开发区,距离地铁亦庄桥614米,"['洗衣机', '冰箱', '电视', '空调', '热水器', '天然气', '暖气', '床', '网络', '电梯']"
https://bj.5i5j.com/zufang/42123941.html,润枫水尚  两居  出租,12500,2室2厅,122.11,押2付3,润枫水尚西区,低楼层/18层,南北,润枫水尚西区,板楼,集中供暖,整租,电话预约,朝青,距离地铁青年路711米,"['洗衣机', '冰箱', '电视', '空调', '热水器', '天然气', '暖气', '床', '网络', '电梯']"
https://bj.5i5j.com/zufang/42120594.html,定福庄大黄庄桥东北齿电梯2居 集中供暖业主直租,6500,2室1厅,98,押2付3,北齿宿舍,高楼层/21层,南,北齿宿舍,塔楼,自供暖,整租,电话预约,定福庄,距离地铁褡裢坡835米,"['洗衣机', '冰箱', '电视', '空调', '热水器', '天然气', '暖气', '床', '网络', '电梯']"
https://bj.5i5j.com/zufang/42120536.html,爱上幸福的家 福润四季南向两居空房,4500,2室1厅,75,押2付3,福润四季A区,中楼层/21层,南,福润四季A区,板楼,自供暖,整租,随时看房,东坝,,"['洗衣机', '冰箱', '电视', '空调', '热水器', '天然气', '暖气', '床', '网络', '电梯']"
https://bj.5i5j.com/zufang/42120467.html,蓝岛大厦东大桥站 6号世贸天阶三里屯SOHO,8200,2室1厅,70,押2付3,工体东路,中楼层/5层,东西,工体东路,板楼,集中供暖,整租,电话预约,东大桥,距离地铁东大桥151米,"['洗衣机', '冰箱', '电视', '空调', '热水器', '天然气', '暖气', '床', '网络', '电梯']"
https://bj.5i5j.com/zufang/42063157.html,芍药居地铁站，精装一居室，随时看房，三元桥太阳宫,7500,1室1厅,62,押2付3,芍药居甲2号院,低楼层/15层,东,芍药居甲2号院,塔楼,集中供暖,整租,随时看房,芍药居,距离地铁芍药居426米,"['洗衣机', '冰箱', '电视', '空调', '热水器', '天然气', '暖气', '床', '网络', '电梯']"
https://bj.5i5j.com/zufang/41153788.html,望京14号线东湖渠 华彩叶青旁 利泽西园 精装全南两居室,8500,2室1厅,99,押1付3,利泽西园,高楼层/24层,南,利泽西园,塔楼,集中供暖,整租,随时看房,望京,距离地铁东湖渠348米,"['洗衣机', '冰箱', '电视', '空调', '热水器', '天然气', '暖气', '床', '网络', '电梯']"
https://bj.5i5j.com/zufang/42114196.html,广渠路 长城国际 新上精装修一居室 业主直租良心价位,3600,1室1厅,53,押2付3,长城国际,中楼层/20层,西,长城国际,塔楼,集中供暖,整租,随时看房,通州北苑,距离地铁果园986米,"['洗衣机', '冰箱', '电视', '空调', '热水器', '天然气', '暖气', '床', '网络', '电梯']"
https://bj.5i5j.com/zufang/42112879.html,首科花园  六里桥东 有钥匙 随时看,7500,2室1厅,98,押2付3,首科花园,低楼层/24层,南,首科花园,塔楼,集中供暖,整租,随时看房,太平桥,距离地铁六里桥东1010米,"['洗衣机', '冰箱', '电视', '空调', '热水器', '天然气', '暖气', '床', '网络', '电梯']"
https://bj.5i5j.com/zufang/42111758.html,达官营马连道北街、豪装两居、出门地铁口莲花河公园旁边风景独好,5800,2室1厅,55,押2付3,马连道北街1、2、4、6号楼,底层/6层,南北,马连道北街1、2、4、6号楼,板楼,集中供暖,整租,随时看房,马连道,距离地铁湾子900米,"['洗衣机', '冰箱', '电视', '空调', '热水器', '天然气', '暖气', '床', '网络', '电梯']"
https://bj.5i5j.com/zufang/42111736.html,建设部，甘家口，增光路。,8600,2室1厅,67,押2付3,建设部大院,低楼层/16层,南,建设部大院,塔楼,集中供暖,整租,随时看房,甘家口,距离地铁白石桥南446米,"['洗衣机', '冰箱', '电视', '空调', '热水器', '天然气', '暖气', '床', '网络', '电梯']"
https://bj.5i5j.com/zufang/42111465.html,远见名苑，一室一厅一卫，有钥匙,4700,1室1厅,37.14,押1付3,远见名苑,低楼层/21层,西,远见名苑,板楼,自供暖,整租,随时看房,广安门,距离地铁达官营487米,"['洗衣机', '冰箱', '电视', '空调', '热水器', '天然气', '暖气', '床', '网络', '电梯']"
https://bj.5i5j.com/zufang/42108956.html,东花市北里正规一居室，拎包入住,5500,1室1厅,47.72,押1付3,东花市北里中区,中楼层/6层,东,东花市北里中区,板楼,集中供暖,整租,随时看房,东花市,距离地铁广渠门内642米,"['洗衣机', '冰箱', '电视', '空调', '热水器', '天然气', '暖气', '床', '网络', '电梯']"
https://bj.5i5j.com/zufang/42108367.html,精装修 家居家电齐全 随时看房随时入住随时签约 可长租,9500,2室1厅,105,押2付3,曙光花园望山园,低楼层/17层,西南,曙光花园望山园,塔楼,出租方式：整租,看房时间：随时看房,商圈：四季青,地铁：距离地铁车道沟676米,,"['洗衣机', '冰箱', '电视', '空调', '热水器', '天然气', '暖气', '床', '网络', '电梯']"
https://bj.5i5j.com/zufang/42108281.html,魏公村地铁口天作国际 精装一居 长租短租都行,7100,1室1厅,51.23,押1付3,天作国际,中楼层/17层,东,天作国际,板楼,自供暖,整租,电话预约,皂君庙,距离地铁魏公村325米,"['洗衣机', '冰箱', '电视', '空调', '热水器', '天然气', '暖气', '床', '网络', '电梯']"
https://bj.5i5j.com/zufang/42108151.html,文联宿舍精装大三居，看房方便，业主长租,12500,3室1厅,92.9,押1付3,文联宿舍,低楼层/20层,南北,文联宿舍,塔楼,集中供暖,整租,随时看房,德胜门,距离地铁安华桥592米,"['洗衣机', '冰箱', '电视', '空调', '热水器', '天然气', '暖气', '床', '网络', '电梯']"
https://bj.5i5j.com/zufang/42108045.html,和平里七区 精装一居 家具齐全 随时看房,5500,1室1厅,42.51,押1付3,和平里七区,高楼层/6层,南,和平里七区,板楼,集中供暖,整租,随时看房,和平里,距离地铁和平里北街362米,"['洗衣机', '冰箱', '电视', '空调', '热水器', '天然气', '暖气', '床', '网络', '电梯']"
https://bj.5i5j.com/zufang/42108034.html,车公庄西直门地铁社科院精装两居人民医院官园桥凯德茂,9600,2室1厅,60.6,押1付3,西直门南大街18号,中楼层/14层,东,西直门南大街18号,板楼,出租方式：整租,看房时间：电话预约,商圈：官园,地铁：距离地铁车公庄290米,,"['洗衣机', '冰箱', '电视', '空调', '热水器', '天然气', '暖气', '床', '网络', '电梯']"
https://bj.5i5j.com/zufang/42107754.html,双桥东柳西里小区正规两居包物业取暖随时看房入住,5000,2室1厅,65,押2付3,东柳西里,低楼层/5层,南北,东柳西里,板楼,集中供暖,整租,随时看房,双桥,距离地铁双桥910米,"['洗衣机', '冰箱', '电视', '空调', '热水器', '天然气', '暖气', '床', '网络', '电梯']"
https://bj.5i5j.com/zufang/42107567.html,长租短租都行，精装俩居电梯房，楼下是地铁,7200,2室1厅,49.14,押2付3,安华西里一区,中楼层/21层,东,安华西里一区,塔楼,集中供暖,整租,随时看房,安贞,距离地铁安华桥373米,"['洗衣机', '冰箱', '电视', '空调', '热水器', '天然气', '暖气', '床', '网络', '电梯']"
https://bj.5i5j.com/zufang/42107273.html,车道沟南里 北洼路 精装两居室 交通便利,6500,2室1厅,67.1,押2付3,车道沟南里,中楼层/21层,东南,车道沟南里,塔楼,集中供暖,整租,电话预约,紫竹桥,距离地铁车道沟844米,"['洗衣机', '冰箱', '电视', '空调', '热水器', '天然气', '暖气', '床', '网络', '电梯']"
https://bj.5i5j.com/zufang/42107269.html,陶然亭地铁口可长租可短租 随时看房 家具家电全齐,6500,2室1厅,49.95,押1付3,姚家井小区,高楼层/7层,南北,姚家井小区,板楼,集中供暖,整租,随时看房,陶然亭,距离地铁陶然亭385米,"['洗衣机', '冰箱', '电视', '空调', '热水器', '天然气', '暖气', '床', '网络', '电梯']"
https://bj.5i5j.com/zufang/42106008.html,安乐林 鼎盛园两居室 看房随时,7200,2室1厅,84,押1付3,鼎盛园,低楼层/11层,西,鼎盛园,板楼,集中供暖,整租,随时看房,永定门,距离地铁景泰155米,"['洗衣机', '冰箱', '电视', '空调', '热水器', '天然气', '暖气', '床', '网络', '电梯']"
https://bj.5i5j.com/zufang/42106007.html,临近立水桥南 茉藜园 两居,6000,1室1厅,64.43,押1付3,茉藜园,低楼层/14层,东,茉藜园,板楼,集中供暖,整租,电话预约,北苑,距离地铁立水桥南861米,"['洗衣机', '冰箱', '电视', '空调', '热水器', '天然气', '暖气', '床', '网络', '电梯']"
https://bj.5i5j.com/zufang/42105683.html,德隆家园两居室出租 看房方便,9500,2室1厅,75,押2付3,德隆家园9号院,顶层/21层,西南,德隆家园9号院,板楼,集中供暖,整租,随时看房,德胜门,距离地铁积水潭927米,"['洗衣机', '冰箱', '电视', '空调', '热水器', '天然气', '暖气', '床', '网络', '电梯']"
https://bj.5i5j.com/zufang/42105569.html,六铺炕 安德里北街地铁 短租两居室 随时看,6000,2室1厅,55,押1付3,六铺炕,顶层/6层,南北,六铺炕,板楼,集中供暖,整租,随时看房,安定门,距离地铁鼓楼大街549米,"['洗衣机', '冰箱', '电视', '空调', '热水器', '天然气', '暖气', '床', '网络', '电梯']"
https://bj.5i5j.com/zufang/42104604.html,看丹桥 丰台南路116号院 精装三居拎包入住,9000,3室2厅,140,押1付3,丰台南路116号院,中楼层/16层,南北,丰台南路116号院,板楼,集中供暖,整租,电话预约,看丹桥,距离地铁丰台南路442米,"['洗衣机', '冰箱', '电视', '空调', '热水器', '天然气', '暖气', '床', '网络', '电梯']"
https://bj.5i5j.com/zufang/42104408.html,安化北里精装修两居室，中楼层，可长租,7000,2室1厅,50.89,押1付3,安化北里,高楼层/6层,南,安化北里,板楼,集中供暖,整租,电话预约,广渠门,距离地铁广渠门内144米,"['洗衣机', '冰箱', '电视', '空调', '热水器', '天然气', '暖气', '床', '网络', '电梯']"
https://bj.5i5j.com/zufang/42104604.html,看丹桥 丰台南路116号院 精装三居拎包入住,9000,3室2厅,140,押1付3,丰台南路116号院,中楼层/16层,南北,丰台南路116号院,板楼,集中供暖,整租,电话预约,看丹桥,距离地铁丰台南路442米,"['洗衣机', '冰箱', '电视', '空调', '热水器', '天然气', '暖气', '床', '网络', '电梯']"
https://bj.5i5j.com/zufang/42104408.html,安化北里精装修两居室，中楼层，可长租,7000,2室1厅,50.89,押1付3,安化北里,高楼层/6层,南,安化北里,板楼,集中供暖,整租,电话预约,广渠门,距离地铁广渠门内144米,"['洗衣机', '冰箱', '电视', '空调', '热水器', '天然气', '暖气', '床', '网络', '电梯']"
https://bj.5i5j.com/zufang/42103097.html,星河苑 一居出租,5400,1室1厅,50,押2付3,星河苑2号院,高楼层/18层,北,星河苑2号院,塔楼,集中供暖,整租,随时看房,马家堡,距离地铁公益西桥203米,"['洗衣机', '冰箱', '电视', '空调', '热水器', '天然气', '暖气', '床', '网络', '电梯']"
https://bj.5i5j.com/zufang/42101652.html,新宫地铁四号线 南庭新苑北区一居室 家具家电全齐 临近地铁,3800,1室1厅,51,押1付3,南庭新苑北区,高楼层/15层,西,南庭新苑北区,板楼,集中供暖,整租,随时看房,新宫,距离地铁新宫741米,"['洗衣机', '冰箱', '电视', '空调', '热水器', '天然气', '暖气', '床', '网络', '电梯']"
https://bj.5i5j.com/zufang/42100167.html,万寿路 翠微2号院空房两居室业主只租随时看房,6500,2室1厅,64,押2付3,翠微2号院,低楼层/7层,南北,翠微2号院,板楼,集中供暖,整租,随时看房,公主坟,距离地铁万寿路429米,"['洗衣机', '冰箱', '电视', '空调', '热水器', '天然气', '暖气', '床', '网络', '电梯']"
https://bj.5i5j.com/zufang/42097367.html,慈寿寺地铁玲珑公园西八里庄北里,6300,2室1厅,65,押1付3,西八里庄北里,中楼层/6层,南北,西八里庄北里,板楼,集中供暖,整租,电话预约,定慧寺,距离地铁慈寿寺409米,"['洗衣机', '冰箱', '电视', '空调', '热水器', '天然气', '暖气', '床', '网络', '电梯']"
https://bj.5i5j.com/zufang/42095986.html,太平桥小区 一室一厅,5200,1室1厅,45,押2付3,太平桥小区,中楼层/6层,南,太平桥小区,板楼,集中供暖,整租,随时看房,太平桥,距离地铁六里桥东385米,"['洗衣机', '冰箱', '电视', '空调', '热水器', '天然气', '暖气', '床', '网络', '电梯']"
https://bj.5i5j.com/zufang/42094052.html,西直门地铁 金辉家园 远洋风景 天兆家园旁大两居出租,13500,2室2厅,107.68,押1付3,时代之光,低楼层/16层,西,时代之光,塔楼,集中供暖,整租,随时看房,西直门,距离地铁西直门900米,"['洗衣机', '冰箱', '电视', '空调', '热水器', '天然气', '暖气', '床', '网络', '电梯']"
https://bj.5i5j.com/zufang/42093828.html,地铁6号线北关站 紧邻校园 通透大两居 采光好,3500,2室1厅,90,押1付3,自然佳境,高楼层/6层,南北,自然佳境,板楼,集中供暖,整租,随时看房,潞苑,,"['洗衣机', '冰箱', '电视', '空调', '热水器', '天然气', '暖气', '床', '网络', '电梯']"
https://bj.5i5j.com/zufang/42093107.html,精装大四居（法源寺西里）全齐，楼层好，采光棒，交通方便,16000,4室2厅,174,押2付3,法源寺西里,低楼层/9层,南北,法源寺西里,板楼,出租方式：整租,看房时间：电话预约,商圈：牛街,地铁：距离地铁菜市口688米,,"['洗衣机', '冰箱', '电视', '空调', '热水器', '天然气', '暖气', '床', '网络', '电梯']"
https://bj.5i5j.com/zufang/42092997.html,清和园 两居室 配套齐全 交通方便,3900,2室1厅,72,押1付6,清和园,中楼层/6层,南北,清和园,板楼,集中供暖,整租,电话预约,旧宫,,"['洗衣机', '冰箱', '电视', '空调', '热水器', '天然气', '暖气', '床', '网络', '电梯']"
https://bj.5i5j.com/zufang/42092701.html,南北通透，从来没租过，业主直租，随时看,5500,2室1厅,87.12,押2付3,天通苑东三区,中楼层/7层,南北,天通苑东三区,板楼,集中供暖,整租,电话预约,天通苑,,"['洗衣机', '冰箱', '电视', '空调', '热水器', '天然气', '暖气', '床', '网络', '电梯']"
https://bj.5i5j.com/zufang/42092168.html,远见名苑，二室一厅一卫,7600,2室1厅,71,押1付3,远见名苑,底层/25层,东,远见名苑,塔楼,自供暖,整租,随时看房,广安门,距离地铁达官营487米,"['洗衣机', '冰箱', '电视', '空调', '热水器', '天然气', '暖气', '床', '网络', '电梯']"
