,city,salary,skill_type,company_name,company_size,company_type,company_description,company_location,job_required,edu_required,experience_required,company_welfare,other
0,北京,0.8-1万/月,Python实习-机器学习方向,寰宇优才教育科技（北京）有限公司,150-500人,民营公司,						寰宇优才教育科技（北京）有限公司					,新文化大街,						（能力不足，但有Python开发意向者，可放宽要求提供实习岗位）1.本科以上学历，有良好的数学基础和逻辑建模能力；2.深入理解诸如回归、分类、聚类等机器学习领域的基本概念；3.熟悉推荐引擎、自然语言处理、语音识别、图像识别、人脸识别、神经网络等人工智能领域的相关算法；4.熟练掌握Python语言；5.熟练使用Numpy、Scipy、Matplotlib、Pandas等数值计算库；6.熟练使用sklearn、nlp、opencv等机器学习工具包；7.具有一定的深度学习研发背景，熟悉至少一种深度学习框架，如：TensorFlow、Caffe、Theano、Keras、ConvNet、Torch等；8.在至少一个领域有深入的研究，如：深度神经网络、语义分析、模式识别、机器视觉、量化金融等；9.在强化学习领域有丰富的项目经验及算法实现能力者优先考虑；10.善于分析问题、解决问题，具备丰富的想象力、卓越的学习能力和创造性思维能力，具有良好的团队协作精神，怀有推动人工智能不断发展的理想和使命感。																		,######,无工作经验,五险一金补充医疗保险补充公积金员工旅游交通补贴出国机会年终奖金绩效奖金定期体检弹性工作,招6人
1,北京,2-4万/月,Python开发工程师,进化时代科技（北京）有限责任公司,少于50人,民营公司,						New Bloc加密资产投行，由一群来自于牛津、清华、北大、中科院的AI、区块链、金融、互联网小伙伴创立。New Bloc专注于加密资产行业投行业务，包括一级市场投资、孵化及二级市场量化交易。New Bloc押注加密资产金融生态基础设施赛道，目标成为加密资产投行第一名。目前，New Bloc已与主流交易所达成深度合作，在韩国、俄罗斯、东南亚布局，并将在2018，加速全球化。New Bloc期待与你一起改变世界，帮助更多人，实现财务自由。					,信息路18号上地创新大厦3层3049,						【岗位职责】： <span>1.在做市商及<span>AI量化交易模拟、回测、实盘系统搭建中，负责相关功能模块设计，开发及单元测试； <span>2.协助并快速定位及解决开发及运行过程中的技术问题； <span>3.能按计划有效且高质量的完成分配的任务； <span>4.能与其他部门进行有效的沟通； <span>5.积极了解公司业务，并参与相应的会议提供建议。  【任职要求】： <span>1.全球<span>TOP500高校毕业，硕士以上学历，计算机科学与技术专业，英语读写能力强； <span>2.精通<span>Python，有扎实的编码能力、规范的代码质量和严谨的代码风格； <span>3.三年以上工作经验； <span>4.为人严谨、谦逊，有迅速的学习能力、极强的独立思考能力、领悟能力和逆商，有良好的团队合作能力。  有以下专长<span>/经验者优先<span>: <span>1.有量化交易系统开发经验优先； 2.<span>精通C++<span>优先； <span>3.具有金融数据分析开发经验优先； <span>4.有机器学习经验者优先。																		,硕士,3-4年经验,绩效奖金年终奖金弹性工作出国机会七险一金股票期权高速成长,招1人
2,北京,1.5-2万/月,Python开发工程师,麦田春雪科贸（北京）有限公司,50-150人,民营公司,						麦田春雪科贸(北京)有限公司成立于2011年，致力于电商事业发展，建立起“街触”电商实体商场平台，为商场提供全方位的电商解决方案，建立起人和商场之间的联系，使商场真正成为人们休闲、购物、娱乐、生活、社交的中心。同时为用户提供个性化的、被尊重的服务。开创下一代的购物+服务的电商体验。同时创业中的，还有农业电子上商务项目，让农业主及时快速实惠的卖出农产品，让城里用户优惠便捷的买到新鲜的农产品。公司团队由各大电商公司高管组成，专业是我们的核心优势，敬业是我们的基本职业素养，对电商行业有清晰透彻的认识，现公司整合各方资源，启动前程远大项目，诚邀各路精英加盟，携手共赢，开创未来。					,小营路五号四方大厦,						岗位职责：1. 负责基于Python的数据爬取、数据分析、数据处理、数据开发等工作；      2. 负责基于Python/Java机器学习模型封装、部署、上线，并负责测试和维护；      3. 参与数据挖掘和建模      岗位要求：      1. 本科及以上学历，计算机，电子信息工程及相关专业毕业；      2. 精通Python，熟练掌握Java和SQL（必备），有常用开源框架使用经验，熟悉常见的缓存技术；      3. 掌握多线程、多进程编程，具备优秀的编程能力，在常用功能实现方面有自己独到的设计；      4. 学习领悟能力强，具备高度的责任心及团结协作精神，善于交流；      5. 具有相关开发经验者优先；  																		,本科,3-4年经验,弹性工作五险一金专业培训绩效奖金,招2人
3,北京,1-1.5万/月,Python算法工程师,中经网数据有限公司,150-500人,国企,						中经网数据有限公司是国家信息中心控股的有限公司，成立于1996年6月，承担中国经济信息网（www.cei.gov.cn）的运行维护与经营工作。公司具有经济研究、计算机与网络通信的专业技术队伍员工260人，平均年龄30岁，90%为大学以上学历，近50人拥有高级职称。中国经济信息网是以提供经济信息为主要业务的专业性信息服务网络，继承了国家信息中心多年来的丰富的信息资源和信息分析经验，利用自主开发的专网平台和互联网平台，为金融机构、高等院校、企业集团、研究机构及海内外投资者提供宏观经济、行业经济、区域经济、法律法规等方面的动态信息、统计数据和研究报告，帮助其准确了解经济发展动向、市场变化趋势、政策导向和投资环境，为其经济管理和投资决策提供强有力的信息支持，是互联网上最大的中文经济信息库，是描述和研究中国经济的权威网站。					,外经贸大厦7层,"						工作职责<span>: <span>1. 研究和开发文本处理算法从网页、文章、报表等文本中提取结构化数据。 <span>2. 维护并改进公司已有的文本处理算法。 <span>3. 参与公司数据处理流水线的建设。 <span>4. 和业务人员有效沟通，紧密协作，为业务人员处理和统计业务分析所需数据。   任职要求： <span>1. 计算机及相关专业本科或以上学历。<span>  <span>2. 熟悉算法、数据结构、数据库和设计模式等开发基础知识。<span>   <span>3. 精通<span>Python语言编程，有较强的算法分析和设计能力。 <span>4.  了解并能使用常见的文本处理方法和工具，包括不限于分词，词性标注，命名实体识别，句法分析。 <span>5. 熟悉正则表达式，有文本类数据分析和处理的实际经验。 <span>6.  具有良好的分析问题和解决问题的能力，思路清晰，逻辑能力强，善于解决具有挑战性的问题。<span>    加分项： <span>1. 熟悉常见的机器学习算法和模型。 <span>2. 有良好的数学和统计学能力，以及数据分析和挖掘经验。 3. <span>熟悉Spark<span>及Hadoop<span>生态，有Spark Streaming, Spark MLlib/ML<span>等技术的实际开发经验。 <span>4. 创建或参与贡献开源项目<span>,  或有技术博客及积极参与技术论坛和问答社区。<span> 																		",本科,无工作经验,餐饮补贴五险一金年终奖金定期体检员工旅游,招10人
4,北京,1.3-2万/月,Python开发工程师,苏州闻道网络科技股份有限公司,150-500人,民营公司,						苏州闻道网络科技股份有限公司（www.winndoo.com）成立于2009年，专业从事搜索引擎优化系统的设计和开发，为客户定制搜索引擎营销整体解决方案，实现大数据时代的精准网络营销。闻道核心服务包括：搜索引擎服务、电商优化、品牌广告设计、公关与媒介，可满足客户全方位的需求。作为行业领先的搜索优化服务供应商，闻道成立至今已为300多家国内外大型企业提供专业的搜索引擎优化服务，涵盖金融、汽车、美妆、快消、互联网、服饰等热门行业，其中前程无忧、新浪、荣威、方太、渣打银行等行业知名品牌均选择闻道作为长期优化服务商。闻道拥有智能SEO优化系统等多项具有自主知识产权的核心技术，独有的谷歌百度关键字库目前已成功优化上万个关键词的搜索排名。闻道总部设于苏州，在北京、上海、广州均设有业务中心。公司现拥有150人精英团队，CEO袁学文曾任职于国际贸易全球门户eBay易趣网，其他核心成员来自微软、HP等跨国互联网公司，具有10年以上SEO、SEM、网络营销以及大中型网站运维推广实战经验，可为客户制定和实施***优化策略，获得最大的投资回报。目前，闻道已与百度，谷歌等搜索引擎媒体，以及昌荣传播、华扬联众等60个广告知名公司战略合作，成为广告公司的指定解决方案供应商，并且携手200多个合作代理，共同助力客户进行全方位的优质网络营销。未来，闻道将以更加专业的技术和优质的服务引领行业前行！总部地址：苏州工业园区旺墩道135号恒宇广场三期11层上海办事处：上海市普陀区岚皋路597号品尊十八英尺3楼10单元					,马家堡西路15号时代风帆大厦,						岗位职责：1、负责产品的系统设计和架构分析，参与核心模块的代码编写；2、负责效率工具的后台开发工作，具体包括各种需求分析、文档撰写、设计编码、测试运维、效果追踪等工作；3、负责高质量的设计和编码，承担重点、难点的技术攻坚；    任职要求：1、1年以上Python开发经验，本科及以上学历；2、精通Mysql/MongoDB/Redis等的性能调优；3、有良好的学习能力，擅于钻研某方面技术；4、细致认真，善于沟通，能和团队融洽相处；5.有AI相关经验者优先；6.精通LNMP者优先。																		,大专,1年经验,五险一金餐饮补贴绩效奖金年终奖金,招1人
5,北京,1.5-2万/月,高级python开发工程师,北京中体骏彩信息技术有限公司,150-500人,国企,						北京中体骏彩信息技术有限公司成立于2009年6月25日，是由中体彩科技发展有限公司（国家体育总局体育彩票管理中心控股子公司）及香港马会业务创展（中国）有限公司（香港赛马会在香港的全资子公司）共同设立的中外合作企业。公司作为中国体育竞猜彩票的独家技术服务商，以促进竞彩业务的发展为宗旨，负责规划、设计、开发满足中国体育竞猜彩票需求的技术平台，并提供高效安全、具有高可用性的系统及能够促进业务持续稳定发展的专业服务。主要承担的服务内容包括：搭建体育竞猜彩票综合业务平台，提供专业技术服务；搭建符合国家政策和业务需要的非现金投注平台并提供专业技术服务；提供体育竞猜彩票的软件开发、安装调试、维护和升级服务；建设账户投注系统以及灾难危机处理系统和技术支持方案等。公司分设系统运维部、系统支援及维护部、信息安全组、产品服务部、架构组、研发一部、研发二部、测试部、技术管理部、内审部、人力资源部、财务部、综合部等13个部门，员工总数300余人，其中96%以上员工具有本科及以上学历。公司尊重员工，视每一位员工都是创造者和人才，并针对不同群体制定贴合需求、切实可行的培训计划。针对新员工，我们采取一对一的辅导模式，并制定详细的试用期培养计划，促使新员工尽快融入团队，独立开展工作；针对老员工，我们采取内训、外训、内部分享相结合的方式，帮助员工不断提升业务知识水平和专业技能。					,华威里10号鹏龙大厦4层,						  Cloud、容器化、微服务、DevOps、自动化、Engineering Productivity、敏捷、CI/CD...  <span>   <span>这些名词是不是强烈吸引着你的注意力？  <span>   我们正在敏捷开发类似阿里云效的产品级自动化平台。该平台基于微服务架构并采用互联网流行新技术，支持公司各类大型互联网产品开发周期中大部分工作流，涉及CI/CD、各类自动化测试、环境管理、自动化部署、监控等。  <span>   <span>我们需要紧跟互联网技术发展步伐、致力于提升自己的不甘平凡的你，一起开发出让我们引以为荣的产品。  <span>   <span>   <span>岗位职责：  <span>   平台各类微服务架构、开发以及平台自身的CI/CD、DevOps  <span>   <span>任职要求：  1、3年以上后台开发经验，以Java或Python为主  2、熟悉Linux和数据库知识  3、进取心强，较强的分析、学习能力  4、较好的沟通能力  5、有互联网/微服务开发、测试自动化框架开发、DevOps、vCenter、Kubernetes等平台所需经验更佳  6、本科及以上学历，计算机相关专业<span>																		,本科,3-4年经验,五险一金补充医疗保险餐饮补贴通讯补贴交通补贴绩效奖金年终奖金弹性工作定期体检专业培训,招5人
6,北京,2-2.5万/月,Python教学研发经理,北京八维研修学院,1000-5000人,民营公司,						北京八维集团创立于1996年，是集产业、教育、研究及人力资源服务于一体的综合性企业集团。位于中关村上地信息产业园，拥有二十万平方米独立园区。八维教育是国内新型教育的先行者和开拓者，推出 “∏型人才工程计划”，以强大的就业优势，打造中国第一就业品牌。拥有八维研修学院、八维培训中心、八维大学生实训中心等多家教育机构。教育培训领域涉及软件开发、计算机网络、动画艺术、广告艺术、建筑学院、英语及俄语翻译；教育层次包括专本科、研究生学历教育和职业教育。作为北京地区最大的专业教育基地。八维教育拥有员工超过2000名，每年培养学生超过10000名，就业学生遍布全国。八维教育已经发展成为多层次多领域的综合性“集团军”，资产超十亿元。八维教育是一个充满生机，快速发展的教育集团，为每一名有志投身教育事业的优秀人才提供广阔的个人职业发展平台和良好的工作氛围，并以完善的薪酬体制和优厚的福利待遇为保障，真诚欢迎有志之士加盟！					,北京市海淀区上地软件园57号（路南）八维研修学院,						任职要求：1，具有3年以上python相关开发经验，熟悉设计模式；2，数据结构和算法基础扎实，熟悉C++等编程语言；3，深入了解Http协议和web登录认证机制，熟悉web前端，可读懂js代码；4，熟悉MySql、Oracle、Redis、MongoDB等数据库的开发与应用；熟悉Linux常用命令；5，熟悉搜索引擎原理，了解大数据相关技术，有爬虫或大型分布式系统相关工作经验；6，掌握网页抓取原理及技术，了解基于Session的登录原理，熟悉基于正则表达式、XPath、CSS等网页信息抽取技术；7，了解多线程、多进程、网络通信编程相关知识，有过海量数据爬取经验、清洗项目经验；岗位职责：1、研究行业技术，为教学提供技术支持。2、做项目案例。3、研发相关配套的技术教学资料。4、做教学标准化相关工作。																		,大专,3-4年经验,五险一金餐饮补贴绩效奖金,招3人
7,北京,0.7-1.4万/月,Python工程师,新华书店总店,500-1000人,国企,"						新华书店总店1937年4月24日成立于延安，1951年1月1日由新华书店总管理处改制而成中央一级国有图书总发行单位,现为中国出版集团重要成员。新华书店总店曾经作为全国新华书店的最高管理机构，对各地分、支店的人、财、物实行集中统一管理，自成立以来累计发行图书45亿册、码洋250亿余元，为中国出版物发行事业壮大和文化市场的繁荣与发展做出了重要贡献。新华书店总店在新时期的发展目标是：努力成为传播社会主义先进文化的重要阵地;努力成为引领和促进中国发行产业转型发展的重要力量;努力成为中国出版集团公司改革发展的重要生力军;努力成为具有创新能力和可持续发展能力的现代企业。战略发展思路是：以资产运营、产业创新、品牌经营、人才强企为主体战略，围绕“产业转型升级”的工作中心，开拓资产运营和科技创新两条发展路径，利用资产、科技、人才三个抓手，推进发展模式创新、产业链条创新、体制机制创新和组织结构创新，实现产业转型现代化、资产运营集约化、资本运营专业化、品牌经营创新化、人才队伍高端化突破。新华书店总店下设办公室、计划财务部、人力资源部、事业发展部、资产经营部、党群工作部、老龄工作部等部门及新华互联电子商务有限责任公司、新华国采教育网络科技有限责任公司、新华万维国际文化传媒（北京）有限公司、新华维邦文化资产管理有限责任公司、北京新华文博物业管理有限公司、北京新华数创传媒科技发展有限公司、新华书店成都有限公司。《国际出版周报》、《科技新书目》、《图书馆报》、《全国大中专教学用书汇编》等产品在业界有广泛的影响力。依靠传统媒体和渠道资源，总店规划设计“中国新华发行网”、“全国大中专教材网络采选系统”，将成为总店转型发展的重要平台。总店努力盘活存量资产，目前正按照北京规划拟将北礼士路135号院43亩土地及近四万平米建筑打造成为一流的“文化+科技+金融”的产业园区，为推进总店转型发展创造条件。所属公司：1.新华互联电子商务有限责任公司新华互联电子商务有限责任公司是由新华书店总店出资，以中国新华发行网项目建设为核心的电子商务企业。公司围绕“立足出版、服务文化、服务产业”的宗旨，以“建立起适应互联网与移动互联网时代环境的全品种、优质化的出版物发行电商平台，形成‘文化+科技’，线上营销、线下体验的O2O的出版物发行新模式，成为具有强大媒体影响力和核心竞争力的现代化企业”作为发展目标。2.新华国采教育网络科技有限责任公司互联网教育信息与教育资源服务商。 公司通过全国大中专教材网络采选系统，为出版发行行业、中高等教育师生、全体网民提供教育信息传播范围及教育资源获取服务。公司以互联网、移动互联网、大数据、云计算技术为基础，颠覆教材选购的传统体系，改变知识传播方式，努力实现教育公平，全面构建“互联网+”的未来教育新时代。3.新华万维国际文化传媒（北京）有限公司新华万维国际文化传媒（北京）有限公司简称新华万维公司是由新华书店总店注资，致力于打造全球出版传媒产业交流与合作平台，提供国际出版产业经营与发展信息的综合性服务的外向型传播公司。当前的主营业务包括《国际出版周报》、《图书馆报》、《新华书目报》、《国际出版月刊》（英文）、《发行界》纸媒，“国际出版网（http://ipubl.com）”、“图书馆报网（http://www.cpin.com.cn/）”微信公众号（国际出版：yeeipw    图书馆报：tushuguanbao   书情参考：xhsmb1964）等新媒体，“国际出版企业高层论坛”、“全国馆社高层论坛”、“全国少儿阅读峰会”等品牌会议。4.新华数创传媒科技发展有限公司北京新华数创传媒科技有限公司是从新华书店总店信息中心分立出来的高科技传媒企业。公司秉承了原总店信息中心的技术优势和行业经验，为出版发行行业提供了强有力的技术支持和广阔的市场平台,公司宗旨是以用数字技术构建高科技支撑的出版系统，以数字技术改造和提升我国传统出版业的整体水平，尽快实现我国出版业现代化为己任，顺应数字化、信息化、网络化趋势，推进新闻出版业转型和升级。5.新华文博物业管理有限公司北京新华文博物业管理有限公司于1992年10月由新华书店总店出资成立，2014年12月转为公司制企业，注册资金，600万元，系新华书店总店旗下的国有独资公司，中央一级企业。 公司内部机构：综合办公室、市场拓展部、业务工程部、项目管理部、客户服务部等。公司现有员工71人，其中管理人员6人、各类专业技术人员46人。 公司主要客户：中国出版集团公司、阜外心血管病医院、人民医院、新华书店总店、新华出版物流通有限公司、邮区中心局、中新华文化传媒公司，北京中资合资有限公司、中新华国际旅行社、中新华教育科技有限公司等单位;小区物业有车公庄、北礼士路、东堂子、大柳树、马连道等。 公司坚持“以信誉求生存、以品牌赢市场、以质量促发展”的经营原则;坚持 “业主第一、信誉至上”的经营宗旨;坚持“更快、更好、更周到”的服务标准;坚持“忠诚、团结、进取”的企业精神，努力塑造“新华文博”物业管理品牌，创立北京乃至全国物业管理服务行业的知名企业。 服务宗旨：业主第一、信誉至上 企业精神：忠诚、团结、进取 质量方针：更快、更好、更周到 服务理念：以顾客为关注焦点，不断完善，持续改进。6. 新华维邦文化资产管理有限责任公司新华出版物流通有限公司是由中国出版集团所属新华书店总店同人民文学出版社、商务印书馆、中国大百科全书出版社、生活?读书?新知三联书店等国内著名出版社共同投资组建的现代公司制企业，是中央一级图书、音像、电子出版物发行的文化企业。公司具有丰富的行业营销经验，全面接手新华书店总店几十年来构筑的遍布全国的销售网络、仓储物流运输网络、资金结算网络和信息支持系统。具有体制全新、机制灵活的优势和集约化、规模化经营的基础。公司以图书为经营主业，涉及文化、科技和教育等相关产业，立足出版发行、策划及开展泛文化的经营活动。 公司注册资金三亿元人民币，为全资国有文化企业。公司经营范围为国内版图书、报刊、电子出版物的发行业务;文化产业项目的策划宣传、物流运输业务;与文化相关的各种业务等。 随着科学技术的迅猛发展，中国的图书市场进行深刻的变革，新华出版物流通有限公司也经历着前所未有的考验与挑战。在中央有关文化体制改革、促进文化繁荣发展的精神指引下，在中国出版集团、新华书店总店的关心指导下，公司将不断进取，以实事求是、勇于创新的精神把公司打造成为有创新能力和可持续发展能力的现代企业。					",北京西城北礼士路135号院7号楼2层,						岗位职责：1.负责电商平台日常数据统计工作。2.负责电商数据的抓取，抽取、消重、分类、聚类、过滤等业务的编码实现。3.完成上级交办的各项工作。任职资格：1.本科及以上学历，一年以上 Python 开发经验，熟悉网络编程、HTTP 协议。2.熟悉 HTML、DOM、XPath、CSS、JavaScript。3.熟悉网页抓取原理及技术，熟悉正则表达式，从结构化的和非结构化的数据中获取信息。4.熟练使用 Git，熟悉 Pull Request 工作流。5.拥有良好的代码习惯，结构清晰，命名规范，逻辑性强。6.善于思考，能独立分析和解决问题。7.责任心强，具备良好的团队合作精神和承受压力的能力。8.大学本科及以上学历。																		,本科,2年经验,五险二金带薪年休假免费早中餐其他福利年终奖金定期体检,招若干人
8,北京,1-2万/月,Python Developer,瞬联软件科技（北京）有限公司 CIeNET Technologies,1000-5000人,外资（欧美）,						瞬联软件科技（英：CIeNET Technologies）是全球领先的软件咨询服务供应商，提供专业创新的技术咨询、软件研发和解决方案服务，主要客户为财富杂志500强跨国企业。瞬联美国总部主要负责项目管理、需求分析及系统设计；技术研发和测试中心等支持服务系统则以中国为主要基地。瞬联拥有丰富的全球化合作经验及完备的研发设施，严格遵循CMMI和ISO质量体系保证流程，对软件研发生命周期进行全程控制，为客户提供从理念到实践的一整套创新解决方案。瞬联专注于培育专业研发团队人才，为客户提供高质量的解决方案，整体满意程度超越客户期望。多年来，瞬联深入了解客户需求，致力发展长期稳定的合作关系，以高质量、准时交付、灵活合作模式及客户至上的服务理念赢得合作伙伴信任。瞬联中国总部设于北京，业务遍及上海、南京、杭州、成都、武汉、深圳、广州、台北、美国芝加哥和硅谷等。瞬联为来自北美、欧洲和亚洲等地的跨国企业提供技术服务，其中亚洲地区的客户当中有90%的企业总部是在亚洲区之外。瞬联的三大核心价值观(质量、真诚、领导能力) 成功地将瞬联塑造成为值得客户信赖的合作伙伴。更多信息请登录www.cienet.com.cn					,北京,"						<span>  <span>  <span>Your tasks<span>：  <span>?<span>Act as a developer in our SCRUM team  <span>?<span>Develop software solutions for automated tests  <span>?<span>Develop internal tool  <span>  <span>Your qualifications<span>：  <span>Programming skills (Python, SQL, JavaScript)  <span>?<span>Familiar with C++ or Java  <span>?<span>Web development experience preferred  <span>?<span>Experience in problem solving (IT) and a creative mindset  <span>?<span>High levels of motivation and reliability  <span>?<span>Fluent in English																		",本科,无工作经验,周末双休带薪年假五险一金弹性工作,招若干人
9,北京,1.5-2万/月,Python高级开发工程师,北京棣南新宇科技有限公司,50-150人,外资（非欧美）,						——公司简介——棣南公司，是一家认真做产品的软件公司，拥有非常丰富的自主研发经验。公司自1989年成立起，始终用心协助客户提高生产力，致力为人类社会创造实实在在的价值。我们是PDF技术的领导厂商，向以「文电通」PDF系列产品闻名于世。这是我们耕耘了二十多年（并且会继续耕耘下去）的金字招牌，在PDF领域市场份额居于世界第二。另外，还有「Teampel」产品，是一套专为企业用户设计的项目导向型即时通讯软件。Teampel大幅降低沟通成本、集中管理内部资源，使团队工作效率巨量提升。项目导向的创新设计，完美凝聚团队的力量。我们的办公室位于海淀黄庄，地铁4、10号线在此交汇，交通便利。我们提供单纯舒适的工作环境，和具竞争力的薪酬福利。在棣南，可以安心做技术。日起有功，成就一生的事业。我们乐意培植年轻人增进实力，也盼望年轻人能长长久久地与公司一同成长，成为独当一面的人才。我们有一个很棒的团队，也有很好的工作氛围。精诚团结，靠谱实在，勇于创新突破！诚挚欢迎有志“把事情做得更好”、具有强烈责任心的您，加入我们的行列！公司有深厚的传承，因历史沿革篇幅较长，敬请访问Gaaiho官网以及Teampel官网详细了解，谢谢！——产品官网——文电通PDF家族Gaaiho官网：http://www.gaaiho.com注：旧版DocumCom PDF系列产品（已停售），请访问旧版官网http://www.pdfwizard.comTP——企业级项目导向型即时通讯软件Teampel官网：http://www.teampel.com——诚聘英才——简历请发送至招聘专用邮箱：jobs@pdfwizard.com诚挚欢迎您加入我们的团队！投递简历说明：1. 请在电子邮件主题栏注明“姓名+申请职位”。2. 对于未通过简历初筛的应聘者，我们可能无法回复，在此先致歉意。棣南公司主页：http://www.gaaiho.com; http://www.teampel.com					,知春路108号豪景大厦A座1401室,						职责： 开发微服务平台系统。 要求：  1.  正规大学本科以上学历。 2.  3年及以上Python开发经验，精通Python开发。 3.  精通Django框架，有实际应用项目经验。 4.  熟悉HTML5，Javascript，Json，熟悉Mysql数据库，熟练使用SQL。 5.  有websocket server开发经验者优先。 6.  有Redis开发、部署经验者优先。 7.  了解HTTP协议，微服务，以及Restful API。 8.  熟悉云服务平台（google，ali），了解服务器的部署和监控，了解负载平衡。 9.  了解敏捷开发，熟悉软件设计模式。																		,本科,3-4年经验,五险一金补充医疗保险专业培训绩效奖金年终奖金定期体检,招若干人
10,北京,2.5-4万/月,Python开发工程师 - 变现业务(职位编号：21620),字节跳动,10000人以上,民营公司,						字节跳动，是全球第一家将人工智能应用到主产品的科技公司。短短6年，我们从最初的一个“今日头条”，已经发展为拥有“抖音”、“西瓜视频”、“火山小视频”、“FaceU”等十几款产品的公司。每天，都有4亿用户通过我们的产品看见更大的世界，记录美好生活。如今，我们正在加速全球化。TikTok、TopBuzz、News Republic等产品已经遍布150多个国家，覆盖75个语种，在40多个国家和地区位居应用商店榜单前列。我们志向远大，旨在打造全球创作与交流平台；我们灵活高效，永远像创业第一天那样思考；我们技术为先，期望通过人工智能应用彻底改变人与信息的连接方式。这里有-最具竞争力的薪酬待遇，五星级三餐下午茶，超燃健身房，最多100个月的年终奖；-扁平化管理，不讲title，不按资排辈，一切要让能力、才华来说话；-极速发展的大平台，让你成为同龄人中的佼佼者；Aim for the highest. Be grounded & courageous. Be open & humble. Be candid & clear. Always day 1加入我们：https://job.bytedance.com/					,北三环西路43号中航广场1号楼,						职位描述:1、负责今日头条商业变现产品后台服务的设计、开发、优化等研发工作，保证产品的质量和开发进度；2、负责客户增长相关技术的设计与实现；3、研究新兴技术，对产品进行持续优化。职位要求:1、本科及以上学历，计算机相关专业，基础知识扎实；2、聪明，学习能力强，有独立解决问题的能力；3、熟悉面向对象编程，掌握java/c++/python/php中的至少一门语言；4、良好的编程习惯，追求极致的代码品质，熟悉常用设计模式和一般项目的开发流程；5、开朗上进，积极沟通，善于团队协作。																		,本科,2年经验,六险一金弹性工作免费三餐租房补贴带薪休假休闲下午茶扁平管理健身瑜伽过亿用户职业大牛,招5人
11,北京,1.2-1.5万/月,python开发工程师（机器学习）,博彦科技股份有限公司,10000人以上,上市公司,						博彦科技（深交所上市公司，股票代码002649）是一家面向全球的IT咨询、解决方案与服务提供商。公司成立于1995年，总部位于中国北京，并在中国、美国、日本、印度、加拿大、新加坡等六个国家设有30余家分支机构、研发基地或交付中心。博彦科技依托自身强大的研发与创新能力，广泛采用基于大数据、云计算和移动互联等新兴技术，为高科技、互联网、金融、汽车、零售、物流、能源、制造、医疗、电信、媒体、旅游等行业客户提供丰富的解决方案及产品。					,西北旺东路10号院（中关村软件园二期）东区7号楼博彦科技大厦,"						岗位职责：人工智能类产品的相关开发工作岗位要求：1.计算机相关专业本科及以上学历，2年以上开发经验；2.至少掌握一种动态语言的开发（如python, perl, ruby等），python优先；3.良好的学习能力、沟通能力，较强的抗压，独立工作和解决问题的能力；4.掌握基本的数据结构和算法知识；5.了解机器学习相关算法理论6.掌握C#或其他编程语言者优先。																		",本科,无工作经验,五险一金专业培训年终奖金弹性工作定期体检,招2人
12,北京,1-1.5万/月,数据处理（懂python）(职位编号：815716165514800),文思海辉技术有限公司Pactera Technology International Limited,10000人以上,外资（欧美）,"						文思海辉是一家来自中国的全球性IT服务公司，拥有超强的数字化咨询与行业解决方案实施能力，致力成为全球企业“最具价值的业务合作伙伴”。文思海辉坚持为全球客户提供领先的数字化咨询、体验交互、技术实施与运营服务，并凭借在高科技、金融、制造等行业的深厚积累和丰富经验，与128家《财富》500强企业建立了长期合作关系。而这些，皆源于文思海辉26,300余名专业人才的协作与努力！你是否愿意加入我们，成为26300余名专业人才中、令人骄傲与艳羡的一员？在文思海辉，工作从来都不是生活的阻力，更能为生活提供更多的助力；在文思海辉，薪酬福利从来都不是赤裸裸的金钱关系，而更多的是对员工的激励；在文思海辉，你收获的不仅仅是一份工作，更将收获一个不一样的自己，创造不一样的未来；在文思海辉，发展和职业机会从来都没有终点，有的是无限可能；在文思海辉，更有令人鼓舞的工作环境，追梦路上，彼此称赞。这是我们的员工价值主张，更是我们对每一位应聘者的期待与承诺。加入我们，共同开启全新未来。了解更多文思海辉职位信息，请关注“文思海辉招聘”微信公号，欢迎在线投递简历。您的个人信息将严格按照我司个人信息保护政策进行保护并仅供招聘用途使用。					",######,"						A. Responsibility<Br />1、音频质量筛查，语音特征提取；<Br />2、文本规范化以及分词；<Br />3、词典检查和发音生成；<Br />4、声学模型训练和ASR识别结果分析； <Br />5、真实用户数据处理脚本编写；<Br />6、文本数据处理,包括符号,网络标签处理,语料去重,TN模型优化,分词模块优化,oov(未登录词)处理等；<Br />7、语言模型训练及测试。<Br />B. Qualification <Br />1、熟悉linux系统（必须），会shell脚本语言；<Br />2、掌握python或perl （必须）；<Br />3、有C++或jave编程基础；<Br />4、工作踏实认真，积极主动。<Br /><Br />C. Others<Br />工作地点：北京朝阳区太阳宫大厦<br/>联系邮箱:PTA_WX@pactera.com																		",本科,2年经验,######,招5人
13,北京,0.7-1万/月,Python(RPA)实施开发工程师（软件）,上海艺赛旗软件股份有限公司,50-150人,上市公司,"						上海艺赛旗软件股份有限公司(i-search)成立于2011年，2014年获得通鼎互联注资，2015年，成立了员工持股平台；2016年8月成功登陆新三板（证券代码 839025），2017年新股东罗浩、锐合、贝琛、东证增资7500万，是一家专业从事用户行为分析软件产品研发及技术服务的高新技术企业、上海市双软企业。已形成华东为中心、上海为总部、南京设立研发中心的服务体系，分别在北京、深圳设立分支机构，业务辐射全国，并在海外已有成功案例。目前行业涉足电信、移动、联通、电力、金融、政府及服务业，全国有32个省市，我公司业务已遍布29个省市，公司的发展日异月新……公司主要战略及技术方向为UEBA(User and Entity Behavior Analytics)用户实体行为分析，业务范围包括为客户提供企业内部数据跨平台整合、云安全管理、大数据安全分析、用户行为收集分析、应用操作录屏审计、客服行为可视化质检。以UEBA为核心的产品及技术，形成了客服可视化质检、云桌面安全审计、金融柜面交易监控、安全大数据、运维及开发管理五套解决方案。保持在UEBA领域的技术领先地位的同时，进军RPA和智能辅助领域，探索和引领RPA的发展方向。艺赛旗刚刚发布了在RPA领域国内拥有先发优势的全新产品线—机器人流程自动化软件（RPA）。艺赛旗机器人流程自动化RPA (Robotic Process Automation)可以解决企业的难题,极大地减少人为从事某些标准、重复繁琐、大批量活动的需求。是最纯粹的自动化形式。能够执行许多预先制定的行动方案，并可以以更快的速度完成人类的工作，在工作中RPA机器人以其轻量、高效、快速、便宜的特质跨出了“机器做事”的阶段，步入“相当于人做事”的新领域。公司福利制度1.薪金及社会统筹年终奖金，代缴社会统筹保险（“五险一金”的福利保障，即养老、医疗、失业、工伤、生育和住房公积金）。2.免费午餐为每一位在勤员工提供免费工作餐。3.每年休假除国家法定假期外，每位员工还享有6-15天年休假。4.免费体检每两年安排一次免费全面体检。5.每年旅游除每年组织春秋季国内旅游活动外，还会不定期组织各种竞技活动。					",北京北四环,						职位信息  1. 负责机器人流程自动化RPA产品的Python脚本开发工作；  2. 负责机器人流程自动化RPA产品的流程实施及配置工作；  3. 负责支持现场配置实施人员完成流程的设计及配置；  4. 完成上级领导交给的其他工作任务    岗位任职资格：  1. 熟练掌握Python语言  2. 一年以上开发经验，具有设计，性能优化经验，良好的编码规范  3. 能够适应短期出差的工作安排。  																		,######,无工作经验,五险一金员工旅游交通补贴餐饮补贴通讯补贴年终奖金定期体检专业培训绩效奖金股票期权,招若干人
14,北京,######,高级Python开发工程师(职位编号：16449),奇虎360科技有限公司,5000-10000人,上市公司,"						360公司作为中国领先的互联网络安全企业，汇聚了国内规模领先的高水平安全技术团队，积累了接近万件原创技术和核心技术的专利，并在此基础上开发出拥有数亿用户的360安全卫士、360手机卫士等安全产品，同时为上百万家国家机关和企事业单位提供包括安全咨询、安全运维、安全培训等全方位安全服务。360公司自主研发的全球网络攻击实时监测预警系统曾受到习***主席和刘云山常委的视察。除此之外，360公司利用大数据、云计算及人工智能技术，通过技术创新、产品创新，打造了包括360手机、360儿童智能手表、360智能摄像机、360行车记录仪及360安全路由器等一系列智能硬件产品，致力于通过智能手机、智能穿戴、智能家居及车联网等智能产品为用户解决信息安全、出行安全、家居安全等网络安全问题。同时，依托于大数据、云计算平台，360还为广大用户提供包括搜索、直播、游戏、影视、金融、新闻等在内的其他互联网服务。中国领先的互联网安全品牌360致力于通过提供高品质的免费安全服务，为中国互联网用户解决上网时遇到的各种安全问题。面对互联网时代木马、病毒、流氓软件、钓鱼欺诈网页等多元化的安全威胁，360以互联网的思路解决网络安全问题。360是免费安全的首倡者，认为互联网安全像搜索、电子邮箱、即时通讯一样，是互联网的基础服务，应该免费。为此，360安全卫士、360杀毒等系列安全产品免费提供给中国数亿互联网用户。同时，360开发了全球规模和技术均领先的云安全体系，能够快速识别并清除新型木马病毒以及钓鱼、挂马恶意网页，全方位保护用户的上网安全。作为中国最大的互联网安全公司之一，360拥有国内规模领先的高水平安全技术团队，旗下360安全卫士、360杀毒、360安全浏览器、360安全桌面、360手机卫士等系列产品深受用户好评，使360成为无可争议的网络安全领先品牌。艾瑞咨询数据表明，截至2015年12月，360在多个细分领域中均排名第一。其中：基于PC的安全产品的月度活跃用户总人数为5.23亿人，市场渗透率为98%；在移动端，360安全产品拥有超过8.68亿智能手机用户；基于PC的安全浏览器月度活跃用户达到4.11亿人，市场渗透率为77.1%；360手机助手则连续成为国内安卓应用市场最大的分发平台。360搜索PC端市场渗透率达到59.2%，活跃用户达3.8亿，每日搜索请求超过7亿次。中国互联网上的颠覆式创新者随着互联网的发展，安全问题成为互联网不得不面临的严峻挑战。根据全球反病毒产品测试中心（AV-Test.com）的数据，在1998年，安全厂商共收集到1,738种新特征的威胁样本。而在十年后的2008年，全球新增木马、病毒等恶意程序的数量超过千万，超过此前十年所有恶意程序总和。2009年7月4日，微软Mpeg-2漏洞引发的木马疫情开始集中爆发，国内每天超过2万个网站被黑客挂马，数量接近网站总数的百分之一。在中国，流氓软件在2005年-2006年期间一度非常泛滥，严重影响到网民的利益。同时，随着互联网的发展，以谋取不法利益的木马地下产业链也获得快速发展，钓鱼欺诈网站等新型的不法行为也急剧增长。在互联网时代，网络安全不再仅仅是病毒。基于PC时代的安全理念已经越来越不适应互联网时代的发展。同样，随着互联网安全威胁的多元化，传统的网络安全模式难以为网民提供满意的安全保障，基于云计算的“云安全”模式势在必行。360自2006年7月问世以来，用了五年时间，以颠覆式创新的模式，重新定义了互联网安全，改写了安全市场格局。第一是商业模式的颠覆。360是免费安全的首倡者，主张安全作为互联网的基础服务，应该彻底免费；第二是安全技术的颠覆。360具有深厚的搜索引擎技术积累，将这些技术应用于安全领域，建成了目前为止规模、用户数、使用量均处于领先地位的云安全系统；第三，也是最重要的颠覆，是360用全新的用户体验重新定义了互联网安全。安全不等于杀病毒，在互联网时代它还意味着数据安全、隐私安全、账号安全、下载安全，以及电脑健康。360：引领中国互联网开放潮流2011年，开放成为未来互联网发展的主旋律。2012年，作为中国最大的互联网安全服务提供商之一， 360在过去六年的发展历程中，一直是创新和开放的倡导者和实践者。可以说，创新和开放是360的DNA。通过用户体验创新、技术创新和商业模式创新，360重新定义了互联网安全，并由此汇聚了超过4亿的海量用户基础，为他们提供免费的、高品质的互联网安全服务。同时，360奉行开放与合作的精神，通过360导航、360游戏中心以及360软件管家等产品，与诸多合作伙伴一起分享360的用户、流量、品牌，实现合作共赢，共建健康的互联网生态环境。2012年，360希望通过360开放平台继续与合作伙伴建立多方共赢的体系，通过提供细致、完善的平台服务以及网络安全服务，360也能够与合作伙伴一起分享增长的机会。360将继续专注于互联网安全，继续致力于用创新的技术和产品解决用户上网所遇到的各种安全问题。同时，360将以开放的胸怀，通过资源共享，既让用户得到好的消费体验，也让合作伙伴得到丰厚的回报。					",######,						岗位描述：1. 负责搭建部门在线推理服务及相应运维框架2. 与模型/算法工程师合作推进深度学习在搜索中的实际落地应用任职要求1.至少2年以上Python在线系统开发经验， 对在线项目的设计、开发、运维有足够的认识2.熟悉LINUX系统开发，扎实的数据结构与算法知识3.有过K8S/Docker/ElasticSearch 深度使用经验或定制开发经验者优先4.有C++开发经验者优先5.有过tensorflow serving/mxnet/caffe 在线服务开发经验者优先																		,本科,3-4年经验,######,招2人
15,北京,1.5-2万/月,Python开发工程师,北京蓝汛通信技术有限责任公司,1000-5000人,外资（欧美）,"						北京蓝汛通信有限责任公司系外商独资企业，成立于1998年，是中国领先的互联网内容传输服务整体解决方案提供商，2010年10月成功登陆美股纳斯达克，投资方包括Intel(英特尔)、Jafco Asia、 SIG等著名机构。经过10余年的努力拼搏与发展，公司目前总部位于北京，在上海、深圳、广州、韩国及美国设有分公司,员工总数近1200人。作为2000年首家获信产部许可的CDN服务提供商，目前ChinaCache在全世界拥有22000多台服务器，遍布全球超过110个大中城市。为国内外上万家知名企业提供网络应用基础服务，业务遍及欧洲、亚洲、美洲和大洋洲。ChinaCache成功服务500余家客户，包括：人民网、新华网、央视网、中国网、公安部网、新浪、搜狐、网易、腾讯、凤凰网、MSN等。我们的工作环境：- 中国最大的CDN公司，实现改变互联网的梦想。在这里只有没想到的，没有看不到的，你将有机会了解国内所有的顶尖一流互联网企业的互联网数据。- 开放、平等、独立的小团队工作伙伴关系和宽松、灵活的工作环境（弹性上下班时间），让你更好的发挥工作潜能。- 管理及技术专家的双向成长模式，帮助你更好的实现职业生涯规划。- “不让雷锋吃亏“的考核思想，保证你所付出的能得到你应所得的。- 丰富的业余活动安排（公司游泳队、羽毛球队、足球队等），让你在繁杂的工作中得以休息解脱。- 对研发团队持续培养费用的投入（中科院计算机研究所、蓝汛商学院、参加各类互联网论坛会议等），让你更快的突破成长瓶颈，得到更好的发展机会。行业职责：随着宽带网的发展，CDN在互联网中的角色越来越不可或缺。我们将投入更大的精力在全国范围内发展CDN业务。我们的目标就是搭建中国互联网上的CDN平台，承担起中国互联网发展的重任，覆盖99%的中国互联网网络，承载60%以上的网络内容，最终成为汉语语言文化圈中最具影响力的综合内容应用平台。企业文化：我们愿意为员工提供：- 宽松、积极向上、人性化的工作氛围- 优厚的待遇- 全方位的培训- 更大的职业发展空间- 国家规定的保险、公积金及带薪年假- 有利于员工成长的职业规划欲了解更多信息，欢迎访问公司网站：www.chinacache.com。					",北京市朝阳区酒仙桥北路7号电通时代广场三号楼A区,"						1、从事公司统一监控平台的功能设计和模块开发工作；2、维护已有软件平台，解决问题及缺陷；3、深入挖掘用户需求，提出有效意见，并推动项目按时完成；4、完成项目经理安排的其他事宜；任职要求：1、熟练掌握 Python；2、熟悉 Golang (或愿意学习 Golang )；3、熟悉 MySQL 数据库,  Redis；4、熟悉多线程编程, 与 TCP / IP 协议；5、至少 2 年 Linux 下大型系统开发经验；6、具备快速的学习能力，对技术有敏锐的嗅觉；7、熟悉 Hbase, Kafka, Spark 大数据组件者优先；                                                    8、有监控平台开发经验者优先；9、英语四级优先。																		",本科,2年经验,周末双休弹性工作节日福利带薪年假绩效奖金免费班车通讯补贴,招1人
16,北京,2.5-3万/月,Python讲师,北京童程童美科技有限公司,1000-5000人,民营公司,						【童程童美】是美国纳斯达克上市公司达内教育集团（交易代码：TEDU）旗下，专注于6-18岁青少年STEAM创客教育的领导品牌。依托集团15年积累的互联网教育经验和百余名IT精英教研团队优势，经过多年，研发出针对中国儿童的STEAM创客教育体系。形成了以少儿电脑编程、智能机器人编程和少儿3D打印等课程体系为核心，集国内外大型权威赛事、少儿国际考试认证、国际国内游学、冬夏令营等为一体的中国青少年STEAM创客教育平台。教学体系落实创新教育理念，强调学生综合能力的培养，在兴趣培养和思维锻炼的同时，传递前沿技术，帮助中国青少年打造迎接未来世界的能力和思维视野。作为全国化运营品牌，目前学习中心已经遍及北京、上海、广东等20多个城市，课程流动课堂走进了全国120多所中小学公立校，受到教育界和学生家长的高度认可。					,北京市海淀区大钟寺中坤广场,						岗位职责：1.研发python课程内容及课件；2.按照教学大纲、教学进度，高质量地完成日常授课任务；3.配合市场部门的招生宣传工作；4.参加公司组织的内训，不断学习新技术。任职资格:1.计算机相关专业本科及以上学历；2.4年以上Python开发经验；3.精通Python全栈开发，精通Django等Web框架；4.有Python网络爬虫相关开发经验优先；5.有授课经验优先。																		,本科,5-7年经验,######,招1人
17,北京,0.8-2万/月,Python开发工程师,融信在线（北京）教育科技有限公司,少于50人,民营公司,						融信在线（北京）教育科技公司，致力于IT人才的培养、推荐、职业规划。中国国内真正专业培养数据处理、挖掘与分析的IT人才单位。培养的方向有：大数据研发、大数据分析、数据挖掘、商业智能(BI)。公司的人才培养理念是以计算机技术为基础，电信、金融行业业务为保障，将普通的大学生培养成IT行业专业人才。公司2012年被辽宁省教育厅评为“辽宁省优秀实践实训基地”公司氛围轻松，支持员工个性发展。公司为员工提供良好的发展平台。					,丰台区万年花城附近,"						岗位职责：1. 熟悉C语言2. 至少2年以上Python编程经验3. 熟练运用Python语言及常用模块；4. 熟悉django等常用开发框架5. 熟悉Mysql, oracle数据库中任何一种6. 熟悉HTTP, Javascript, HTML.7.熟悉JAVA.任职要求：1.具备较强的学习能力和优秀的沟通能力；2.2年以上工作经验；3.性格开朗，活泼，积极乐观，有爱心，热爱教育行业。																		",本科,2年经验,五险一金年终奖金绩效奖金股票期权,招3人
18,北京,6-8千/月,技术支持工程师（Python软件运维）,北京普瑞亿科科技有限公司,50-150人,民营公司,"						北京普瑞亿科科技有限公司创立于2007年，公司主要在温室气体研究、同位素分析、食品掺假和溯源分析、痕量气体检测、元素分析、气象环境、应急响应、军事防御、城市安全等领域开展科技仪器的研发、生产和国外知名仪器设备的推广与技术服务工作。同时，做为最新一代的一站式多元化科技共享服务平台，我们的“快测网-北京埃克斯科技有限公司”，以""互联网+""为纽带，通过整合全国范围内的检测服务、科技仪器设备、专业实验室及相关的智力支持，可以从根本上解决科技仪器共享、分析检测及相关领域的多重问题。我们的“钡科瑞（北京）检测技术有限公司”通过CMA认证，可进行同位素分析检测、元素分析检测、14C定年等；同时进行同位素及元素分析检测方法研究，提供同位素与元素分析技术、仪器设备维护技术培训；并参与国家标准制定等。公司发展前景广阔、福利保障齐全、晋升机制完善；公司坐落于商住两用别墅区内，办公环境幽雅、同事关系简单融洽；会给您更大的空间、期待与您共创辉煌！加入我们，您将收获：1、有竞争力的薪酬制度；2、完善的福利保障制度；3、双休与稳定的标准工作时间；4、完善的入职培训机制，包括实际操作、新老员工传帮带等；5、出国出境接受培训的机会；6、出国出境旅游观光的机会；7、年度员工国内外集体旅游；8、优于国家带薪休假天数的规定；9、重大节日，发放不同名目的补助，不定期组织员工聚餐及娱乐活动等。10、成为正式员工满1年，享受公司股份优先权等。联系方式：地址：北京市海淀区瀚河园路159号楼 100093电邮：info@pri-eco.com电话：(+86)10-51651246-8009传真：(+86)10-88121891公司网站：http://pri-eco.com					",北京市海淀区瀚河园路自在香山159号楼2单元202室,						1、  负责公司产品的售前、售中、售后技术支持和客户服务工作；2、  配合销售做好售前技术咨询，了解客户应用需求，提供解决方案；3、  根据客户需求，能够对相关计算软件（Python编程）进行2次开发，调整软件相关参数；4、  整理产品技术资料，提供销售部门需求的技术文件；5、  负责公司产品的对内对外的应用培训。任职要求：1、硕士学历或具有2年相关工作经验的学士；2、生态学、环境科学、气象学、农学、化学分析或质检相关专业；3、具备优秀的语言表达能力和良好的社会关系及敏捷的思维和应急处理能力；4、具有较强的英语能力，能够和国外人员进行技术问题沟通；5、良好的沟通及团队协作能力；能承受高强度的工作压力；独立处理、解决问题的能力，适应出差要求；6、有温室气体研究经历或稳定性同位素研究经历的优先考虑；7、有环保或质检经验或相关设备销售经验的优先考虑；8、有航空、国防或应急响应领域相关设备推广和销售经验的优先考虑。9、熟悉Python语言，熟练掌握利用Python开发科学计算的应用程序；10、有实际的利用Python开发经历的经验者优先 。薪资：10W+ ， 15W+ ， 20W+ 依能力无上限我们一直在为您和我们创造机会，也一直为我们寻找最出色的人才。无论你想成为工程师， 销售主管，还是其他角色的工作人员，只要您拥有非凡智慧与创造力、勇于面对任何挑战，对所从事的工作倍感兴奋，那么，请您加入到北京普瑞亿科科技有限公司；只要您天赋异禀、锐意进取、坚持不懈、勇往直前，北京普瑞亿科科技有限公司乐意为您提供最广阔的施展平台，甚至超乎你的想象；只要您兢兢业业、脚踏实地、无私奉献、恪尽职守，您会获得对等的福利待遇、晋升机会和出国旅游和学习机会。与此同时，公司职员国家法定节假日、国家规定保险（五险）、节日福利、年假、年度体检、旅游和聚会等一系列福利。有意者请将中英文简历发送至：info@pri-eco.com，我们将电话通知初选合格者进行面试。未接电话通知者，您的资料将会进入我公司的人才库，有新的职位时会优先予以考虑。																		,本科,无工作经验,五险一金员工旅游交通补贴餐饮补贴通讯补贴专业培训出国机会绩效奖金年终奖金定期体检,招2人
19,北京,1-2万/月,python全栈开发工程师,大唐奇安网络科技有限公司,少于50人,合资,						大唐奇安是大唐电信集团与360企业安全集团合资成立的一家互联网安全企业。公司秉承“先进、专业、高效”的运营宗旨，以先进的网络安全技术为核心，以专业的科研团队为支撑，以高效的工作作风为保障，重点开展网络安全服务、网络安全系统研发等工作，为客户量身定制提供态势感知、入侵检测、终端安全管理、安全体系构建等一系列网络安全解决方案和服务；依托大数据综合服务平台，为客户定制提供APT攻击溯源调查、网络威胁情报支持和安全数据查询分析等定制化网络安全服务，着力打造安全、稳固、可信的一流网络安全企业。					,来广营创远路36号院朝来高科技产业园7号楼,						工作职责：1.参与Web产品研发，可以独立开发web应用，包括前端和后端；2.制定项目部分开发方案，完成核心代码编写工作、并主导项目执行；3.协同多类技术需求，具备卓越的抽象能力、架构分析能力与设计能力；4.积极参与项目前期需求设计、并提出建设性意见和建议；5.具备良好的团地合作能力，执行力强，保证项目顺利、高质量进行。任职要求：1.计算机、软件工程等相关专业，本科及以上学历。2.具有4年以上相关开发经验，python开发经验至少一年；熟悉django/flask、scrapy，具备良好的代码及文档习惯。3.熟悉使用MySql、MongoDB、ES数据库。4.理解常用设计模式，具有服务器端系统开发调试和性能调优经验。5.掌握javaScript编程，熟练使用前端流行框架，如bootsrap、jquery、echarts、vue等6.具备下列条件优先a)有应用系统部署、运行维护经验优先；b)熟练使用前端包管理、静态文件层次构建等优先;c)java开发经验2年以上；d)有hadoop/hbase/spark/flink等开发维护经验优先。																		,######,无工作经验,五险一金补充医疗保险餐饮补贴年终奖金定期体检,招1人
20,北京,2-2.5万/月,Python数据处理工程师,北京视野金融信息服务有限公司,50-150人,创业公司,						北京视野金融信息服务有限公司视野金服（SEEYII）是国内首个专注服务于股权投资领域，面向一级资本市场的金融数据服务商，同时也是盛大资本和涌金集团战略投资企业。视野依托互联网及金融数据Fintech创新手段，真正利用机器学习及人工智能，研究挖掘投资价值，服务一级市场股权投资人士应用场景。视野数据系列产品得到银行、证券公司、私募机构、PE、VC等各类型知名金融机构认可，目前已覆盖杭州银行、首创证券、久银投资、荣正投资、核建基金、方创资本、第一财经等一大批知名客户。视野多层次资本市场股权投资数据平台（SEEYII.COM）全面覆盖多层次资本市场*A股、三板、四板、私募市场50万+公司*跨市场数据动态采集处理*15种以上数据源集成构建OLAP数据仓库*整合结构化与碎片化数据深度挖掘投资机构关系*30000+家各类投资机构的资产组合。风险、偏好*借助Graphic数据库技术挖掘机构公司投资联系*多数据源并联捕捉各类型投资关系人工智能数据分析*1200+细分行业穿透全资本市场*借助监督型机器学习算法、对公司行业分类标签化*通过NLP语义分析构建行业多维信息联想图谱*智能预测分析投融资及并购参考独特数据整理*深度理解一级市场用户数据要求*数据整理严格贴合投资机构所需*自动化预运算系统，呈现专业加工后数据*市场动态统计分析及可视化呈现					,北京市海淀区知春路甲48号盈都大厦B座5C,"						1 协助完成金融类数据的建模。2 负责金融类数据的清洗、整合，分析及挖掘。3 负责金融类数据的对外服务。职位要求：1 熟练掌握python基础知识。2 熟悉数据抓取及提取工具，如: scrapy, scrapy-redis, beautifulsoup, xpath, 正则表达式等。3 熟悉NoSql数据库（mongo，redis等）。若熟悉graphic数据库（如neo4j等）者优先。4 有使用搜索引擎工具（如elasticsearch等）者优先。5 有使用spark大数据平台者优先。6 熟练使用numpy，pandas，scipy等科学计算工具。7 熟悉机器学习和数据挖掘等算法的原理及使用。8 熟练使用tornado等web框架。9能接受外派至杭州者优先。																		",本科,3-4年经验,五险一金餐饮补贴年终奖金股票期权定期体检,招2人
21,北京,######,Python开发工程师,易思奇汽车电子（上海）有限公司,1000-5000人,外资（欧美）,"						ESG Automotive China is a sound and steadily growing company. As part of the ESG group, it is able to offer committed employees the professional environment of an internationally active company with locations in China, USA and Europe. For over 50 years, the ESG Group has been developing, integrating and selling electronics and IT systems and is regarded as a high-tech company for technology transfer between different markets.Due to our broad range of customers and our activities in future-oriented industries, we offer challenging tasks and activities. Technology and consulting are entwined in all areas of our business. Shorter chains of communication and an open corporate culture make for a straightforward and pleasant working environment in which our employees are able to grow and develop.As we operate in the high-tech sector, we place particularly high demands on our employees: In addition to solid specialist knowledge and industry experience, we are looking for professional and quality-oriented individuals who are customer-oriented and are able to quickly integrate in multi-disciplinary teams.E-mail: hr@esg-china.cn					",北京顺义区天竺东路,"						   <span><strong>Scope of work: </strong>  <ul><li><span>Responsible for develop BMW Entertainment applications. </li><li><span>Collaborate with Backend colleagues to design communication flow between Backend and Vehicle.</li><li><span>Development of embedded native application of Head Unit.<span></li></ul>        <span><strong>Education level:</strong>  <ul><li><span>Bachelor degree or above</li></ul>  <span><strong>Specialization:</strong>  <ul><li><span>Computer Science</li><li><span>Software Engineering</li><li><span>Applied mathematics</li><li><span>Other related discipline</li></ul>        <span>Job Skill Requirements:  <ul><li><span>Must have 3+ years Software development experience.</li><li><span>Experience of Node.js or JavaScript webpage <span>development.</li><li><span>Experiment of C++ or Backend development is a big plus.</li><li><span>Be family with docker and Maven</li><li><span>Be familiar with popular development tools, such as Visual Studio, SVN, etc.</li></ul>          <span>Languages:  <ul><li><span>Must have good written and reading English language skills</li></ul>  <span>Work experience:  <ul><li><span>3 years or more</li></ul>  <span>General Requirements  <ul><li><span>Quick learner</li><li><span>Good communication skills </li><li><span>Team work spirit</li><li><span>Analytical and problem solving ability</li></ul>        																		",######,无工作经验,五险一金补充医疗保险年终奖金定期体检专业培训带薪年假带薪病假,招3人
22,北京,1.5-2万/月,Python开发工程师,北京永信至诚科技股份有限公司,150-500人,民营公司,"						在这里，除了工作，还有很多事儿都能做！品茗，小憩，买彩票，讨论世界杯，玩心跳……只有你想不到，没有做不到！这是一个有由90后为核心人员组成的超级团队，这是一个充满激情与梦想的团队，这是一个书写青春神话团队！如果你想成为狼，或者你已经是一匹狼，那就加入我们吧，我们给您提供广袤的原野，和肥硕的羔羊！不得不正襟危坐的介绍下公司，我们年轻，但是我们掌握了最前沿的技术，最尖端的知识！永信至诚科技有限公司是一家真正拥有自主知识产权技术的高科技企业。永信至诚科技有限公司拥有国内一流的网络信息技术研究团队， 现有专职开发人员和研究人员50名，涵盖网络信息获取，数据库信息管理，漏洞挖掘及研究，面向客户的软件研发等方向。永信至诚科技有限公司主营业务方向为：网络安全技术研究，安全解决方案安全服务提供商，定制软件开发等。永信至诚科技有限公司是有由国内知名的安全组织成员一起组建的,其成员多为国内主要安全研究组织的核心成员。具备近五年Windows平台安全技术研究经验，Unix-like 平台安全技术研究经验，各主流数据库安全技术研究经验，节点类网络设备安全技术研究经验，病毒、代理程序类恶意代码研究分析经验，信息安全类安全威胁研究经验。永信至诚获得《软件企业认定证书》、《中关村高新技术企业》、《国家高新技术企业》等证书。					",北京市海淀区东北旺西路8号4号楼软件广场C座（云基地）303室,						职位职责：1.分布式爬虫系统和数据采集的设计、开发；2.爬虫策略和防屏蔽规则，提升网页抓取的效率和质量；3.各类网络数据的采集抓取；4.承接开发任务，需求分析，确保按时按质按量完成任务。任职要求：1.本科及以上学历，计算机相关专业2.3年以上实际的爬虫项目经验，熟悉常用爬虫框架中的一种或多种，如Scrapy等；3.熟悉HTML/JavaScript/CSS/xpath/url/Ajax/xml等web基础知识，熟悉HttpClient、jsoup、phantomjs等工具;4.具备强悍的编码能力，熟悉 linux 开发环境，熟悉 C++ 和 Python 语言优先；熟悉SQL语言、熟悉MYSQL应用开发；5.深度了解反爬原理，能对难点进行攻克；能够解决封账号、封IP采集等问题，具备一定的反屏蔽能力；6.有分布式爬虫架构经验者优先；有验证码破解、机器学习、数据挖掘、数据仓库搭建经验者优先；7.优秀的分析问题和解决问题的能力，对解决具有挑战性问题充满激情。																		,大专,3-4年经验,五险一金补充医疗保险餐饮补贴弹性工作定期体检,招1人
23,北京,0.8-1万/月,Python开发工程师(面向2018届毕业生),江森自控（中国）投资有限公司,5000-10000人,外资（欧美）,						关于江森自控江森自控是全球多元化技术和工业领域的领导者，致力于为150多个国家的广大客户提供服务。公司旗下117，000名员工通过创造性地营建智能楼宇、高效能源解决方案、集成基础设施和新一代交通系统，并使之相互精准配合，实践公司建设智能城市和社区的承诺。我们对可持续发展的关注，可追溯到1885年公司成立之初发明的全球首款室内电动恒温器。我们承诺帮助客户取得成功，通过战略性地专注于发展建筑和能源两大增长平台，为各方利益相关者创造更大的价值。更多信息，请访问公司网站：http://www.johnsoncontrols.cn/					,北京市东城区祈年大街兴隆国际大厦18号院2号楼,						职位描述1. 参与工厂能效大数据管理软件的需求分析、架构设计、代码开发、功能测试和现场部署等；2. 参与工业大数据平台的需求分析、架构设计、代码开发和运维等任职要求1、精通Python、C、C++、C#、Java、PHP等任意一种开发语言2、熟悉基于Linux系统的软件开发、运行环境3、熟悉软件工程理论和团队开发流程4、具有MySQL、SQL Server、Oracle 等数据库使用经验5、良好的沟通能力、团队合作意识和创新精神、较强的英语技术交流能力6、计算机科学、软件工程、自动化、电子信息等相关专业、大四在读或研三在读具有以下经验优先考虑7、熟悉git版本控制工具8、熟悉BACnet、Modbus、OPC 、EtherNet/IP等任意一种工业通信协议9、熟悉Kepware、Siemens Tia Portal、SIMATIC STEP 7、RSLogix、Cimplicity等任意一种工业软件10、熟悉数据库集群或实时数据库11、熟悉Hadoop、HBase、Kafka、Spark等大数据开发平台与工具																		,本科,无工作经验,######,招1人
24,北京,2-4万/月,python高级开发工程师,北京博学慎思教育科技有限公司,50-150人,创业公司,						北京博学慎思教育科技有限公司是一家用创新技术打造智能学习体验的互联网科技公司。公司已得到创新工场、晨兴资本和联想之星的逾3千万元投资，是清华大学X-Lab创业实验室重点培育项目，清华大学启迪创业孵化器重点孵化企业，曾获第一届决胜东方教育创业大赛第一名、联想之星最具投资价值奖、清科创投中国最具投资价值企业百强等荣誉。公司产品“学吧课堂”是一个面向K12学生的智能虚拟教师，它通过独特的个性化教学系统和人工智能技术，模拟教师一对一的教学过程，让同学们得到因材施教的个性化学习，学习效果倍增。目前公司有钱任性，正在高速增长，创始员工的身份在向你招手！只要你有很强的学习能力哦至于神马年终奖、五险一金、弹性工作、免费三餐与零食、团队建设、距地铁站步行十分钟的办公室等等我们应有尽有，还有期权池等着你，来吧我们和你一起缔造中国的教育未来！					,盈创动力园A座北厅6楼601B,						工作职责：1.参与项目需求讨论，技术方案设计评审，并对系统性能，稳定性以及扩展性做出正确的预估和相应选型；2.进行核心模块开发。任职资格：1. 计算机相关专业，大学本科学历以上；具备良好的计算机基础知识，熟悉常用的数据结构和算法；2. 至少5年以上Python相关开发经验，至少熟练掌握Django/Flask/Tanado等框架中的一种；3. 熟悉Linux开发环境和代码管理工具，熟练使用MySQL、Redis等数据库；4. 熟悉HTML5/CSS3，JavaScript，熟悉常用框架；5. 具备较强的需求分析能力，性格耐心细致、团队意识强，有很强的责任心。																		,本科,5-7年经验,五险一金餐饮补贴交通补贴弹性工作年终奖金带薪年假,招1人
25,北京,1-2万/月,Python开发工程师,易视腾科技股份有限公司,500-1000人,民营公司,						易视腾科技股份有限公司是中国领先的互联网电视技术服务商，是一家专注于互联网电视核心技术研发、智能终端开发及销售、互联网电视业务运营服务的高新技术企业，致力成为中国互联网电视领航者。公司成立于2008年，以北京和无锡为双总部展开运营，在全国20多个省份设有分支机构。易视腾拥有坚实的技术研发与创新能力，专注于互联网电视OTT 技术研发，在播控平台技术、互联网分发传输技术、OTT智能硬件技术、智能操作系统和应用技术、自然人机交互系统技术等方面处于业界领先阶段。易视腾于2010年为未来电视有限公司开发建设的“互联网电视集成播控平台”，率先通过国家广电总局测试验收。易视腾亦是国内率先推出合规三网融合智能OTT终端的企业。易视腾协同互联网电视牌照商、内容及应用提供商，与电信及广电运营商紧密合作，为全国家庭用户提供具有电信级QoS服务品质保障的互联网电视服务。公司参与建设各地运营商的互联网电视业务平台，提供端到端技术解决方案和定制化的OTT终端产品，深度参与OTT业务运营，协同开展各种增值业务，提供运行保障及技术支撑服务，使最终用户获得丰富多彩的互联网电视体验。易视腾已与江西移动、四川移动、江苏移动、浙江移动、贵州联通、广西联通等全国20多家省级电信运营商，针对“家庭宽带+互联网电视”业务进行深度合作。到目前，易视腾已经在全国范围内服务数百万互联网电视家庭用户，终端出货数百万台，千万级、可运营的互联网电视家庭用户群正在形成。多年来的业务实践，使易视腾拥有了丰富的互联网电视业务运营服务经验和完善的运营服务体系与能力，在平台部署、实际服务用户数、运营和服务质量效果等方面均处于业界领先地位。易视腾是江苏高新技术企业、无锡软件认证企业、ISO9001认证企业、中国网络视听协会理事单位。公司主页：http://www.ysten.com					,北京市朝阳区北辰东路8号院北辰时代大厦17层,						1、负责电视AI后台系统业务逻辑开发；2、了解业界领先自然语言处理的前沿技术，包括意图分析、语义理解、深度问答、知识图谱、对话状态管理等。任职要求：1、计算机相关专业本科及以上学历，3年以上python后台开发经验；2、熟悉tronado，Django等框架，掌握redis，mongodb等数据库；3、能够熟练应用常用的几种数据结构与算法；4、具有自然语言处理经验、VUE等前端开发经验优先；5、沟通交流能力强，对工作有热情，愿意付出额外的努力以追求更好的结果。																		,本科,3-4年经验,五险一金补充医疗保险通讯补贴定期体检绩效奖金年终奖金,招2人
26,北京,1.2-2.4万/月,Python开发工程师,北京紫光得瑞科技有限公司,50-150人,民营公司,						北京紫光得瑞科技有限公司（DERA）是一家快速成长的技术性初创企业，致力于大数据存储底层核心控制技术的研发；拥有十几年数据领域的专家级初创团队以及领先的核心技术及专利。在大数据时代的到来的背景下，DERA紧跟技术前沿，会迅速成长为全球掌握核心技术第一梯队的重要公司。据全球知名咨询公司麦肯锡的一份报告指出，保守预计，接下来几十年中，数据将始终保持每年50%的速度增长，渗透到每一个行业和业务职能领域，逐渐成为重要的生产因素。DERA独创的产品架构能够加速数据库、CDN、云计算、大数据等应用，提高企业的IT设备性能，让数据以比现在硬盘上几百倍甚至几千倍的速度被使用，让数据时代的到来从未如此接近。DERA期待着和有志向的新人和我们一起成长，一起走向成功。					,回龙观创客广场,						职位要求：l  计算机、电子、自动化、通信及相关专业，本科及以上学历，3年以上相关工作经验；l  熟练掌握Python语言，熟悉Linux环境下C编程，具有良好的编程规范；l  熟悉自动化框架之一：ansible/saltstack/chef/puppet等；l  了解html/css/javascript等前端技术；l  良好的英文读写能力；l  良好的学习和理解能力，能独立承担工作和解决问题；l  工作认真负责，有良好的团队合作精神和沟通能力，能承受一定的工作强度和压力；工作职责：l  负责开发和维护集群管理平台，包括但不限于自动化部署，资源管理调度，监控分析和报告生成等；l  协助和集成已有工具部件（资源管理，监控工具，测试工具等）至集群管理平台；l  协助/完成报告的分析和生成；																		,本科,3-4年经验,五险一金餐饮补贴定期体检弹性工作绩效奖金,招1人
27,北京,1.2-1.5万/月,Python开发工程师,乐荐信息科技（北京）有限公司,50-150人,民营公司,						乐荐信息科技（北京）有限公司，是一群来自于互联网、保险、医疗、电商等领域的资深创业者携手打造。核心团队成员均来自包括微软、搜狐、艺龙、软通动力等企业的创始人或高管，积累整合了多方资源，博观约取，厚积而发。我们站在同行业更高的起点上，深刻洞察企业与员工的需求，本着关爱员工，助力企业的宗旨，为企业提供从保险服务、就医保障、健康管理、财富管理到云电商等一系列更专业的综合弹性福利平台。公司的使命——创新员工弹性福利平台，促进员工健康快乐，助力企业基业长青！公司的愿景——做员工弹性福利服务的全球领导品牌！    每个加入乐荐的员工都能够获得一个充分施展才智的平台，我们的企业正处在高速良性发展阶段，我们希望每个员工都能够与企业携手共同成长，将我们的企业与员工的个人职业生涯推向共同的颠峰期。在这里，我们为你提供提施展才华的平台，广阔的发展空间。在这里，我们提供具有市场竞争力的薪资水平。在这里，你将享有国家规定的社会保险和住房公积金，享有法定节假日以及年假等。在这里，你将与一群优秀的志同道合的***伴们一起为未来和梦想而战！公司网址：www.lejian.com北京总部地址：北京市朝阳区和乔大厦A座308（地铁国贸站G口出）上海公司地址：浦东新区福山路458号同盛大厦601（浦电路地铁站1号出口）广州分公司：广州市天河区体育东路108号西座1702单元					,和乔大厦A座308,"						工作职责:(1) 与团队协同工作， 致力于Web应用及服务器端HTTP接口开发，构建高性能、高可用性的产品，服务以及支持系统；(2) 你将完成程序编制及单元测试，并确保开发过程遵循公司的相关开发规范；(3) 你将负责维护并升级完成的程序代码，因为需求会经常变更；(4) 与产品及测试团队或其他需要你支持的部门保持良好的沟通；(5) 我们可能需要你在压力下工作，以期保证产品服务的开发进度。背景知识及技能要求:(1) 熟悉Web应用程序体系结构(LAMP)；(2) 具备深厚的面向对象编程经验；(3) 精通基于Python Django的Web应用开发；(4) 具备良好的面向对象程序设计基础；(5) 熟悉HTTP协议、HTML规范，了解AJAX技术，深入了解HTML5的特性集；(6) 精通基于JQuery的JavaScript程序；(7) 熟悉MySQL / PostgreSQL数据库, 善用数据库建模工具进行数据库的设计；(8) 熟悉Linux服务器系统环境，掌握必要的Unix Shell的用法；(9) 熟悉Apache服务器的配置；(10) 良好的代码书写规范。<strong>我们找的就是你，致力于Web应用及服务器端HTTP接口开发，构建高性能、高可用性的产品，服务以及支持系统的你！加入乐荐，扶摇直上！</strong>																		",本科,2年经验,做五休二周末双休弹性工作带薪年假五险一金节日福利绩效奖金专业培训,招1人
28,北京,1.8-2.5万/月,Python 数据分析/人工智能讲师,北京网络职业学院,50-150人,民营公司,						学院简介信息化时代，互联网技术深刻影响着全球社会与经济的发展。互联网技术已经成为我国经济转型和产业升级的重要引擎。在新的经济形态下，各行各业都在努力融入互联网发展的大潮之中，迎接互联网技术带来的新机遇，社会对互联网人才的需求持续增长。北京网络职业学院是为我国大力实施网络强国战略、国家大数据战略、“互联网+”行动计划培养人才的一所全日制高等职业院校。校园环境学校位于北京市房山区。学校周边分布着世界文化遗产北京周口店猿人遗址、被誉为“北京城之源”的西周燕都遗址、具有1300年历史的佛教圣地云居寺等众多历史文化遗迹。校园占地面积300亩，建筑面积10万平方米，其中包括：教学楼两栋、实验实训楼一栋、学生公寓楼四栋、食堂一栋、室内体育馆一座。学校建筑现代大气、校园环境整洁优美，适宜学生生活和学习。基础设施学校具有适合互联网高素质技能型人才培养的保障条件。学校建有各类教学实验室：多媒体教室、阶梯教室、语音教室、影视演播室、画室、动漫实训室、计算机房和网络实验室等。学校建有大型图书阅览室、数字图书馆、多功能体育馆、网球场、篮球场、足球场、高尔夫球练习场等文体设施，满足学生的课外生活。食堂餐饮学校建有6200平方米的学生食堂，可容纳3000人同时就餐，能够提供品种多样的餐饮，满足不同地区、不同口味学生的饮食需求。住宿安保学生宿舍可容纳7500余人。学生宿舍配备空调、网络接口，拥有独立卫生间和淋浴间。宿舍楼安装有消防报警系统，设有超市、医务室、洗衣房、自动取款机等服务设施。校警队24小时执勤，监控系统实施全天候全方位动态监控。					,北京市房山区大窦路12号,"						岗位职责： 1.       负责基于Python数据分析课程体系设计和完善；2.       负责Python课程、Linux应用、网络爬虫、数据分析等课程的讲授；3.       负责Python数据分析部分的研究工作； 4.       带领学员参加实训并指导学员完成实操项目；5.       根据学生及市场需要，高质量完成授课任务；6.       结合技术发展的发展变化，实时改进教学方法，完善教学体系；7.       完成课程辅导工作，解答学员课程疑问，保证学员的学习质量；8.       参与教学项目案例研发工作，配合完成相关的教学资料的研发工作；9.       根据学校教学发展方向对课程体系进行研讨；10.   团队安排的其它相关工作。 职位要求：  1.         大专或以上学历，计算机相关专业，扎实的计算机基本功及数学基础，品行端正，无不良嗜好，不抽烟饮酒；2.         具有较强编程能力，熟练使用python；3.         熟练掌握大数据相关算法与数据结构，以及主流分布式处理框架，基于Hadoop的数据挖掘、大数据组件开发和封装；4.         2年（含）以上对于Hadoop、Hive、Impala, Hbase、Spark、Sqoop有实际的编码能力和海量数据的自动化分析处理项目经验；5.         熟悉数据分析建模理论、熟悉数据分析建模过程； 6.         熟悉NumPy和SdPy科学计算工具的使用； 7.         熟悉Pandas数据分析工具的使用； 8.         熟悉Matplotlib和Seaborn等数据可视化工具，或者Bokeh交互式数据可视化； 9.         熟悉NLTK、Jieba等文本数据分析工具，以及对数据进行情感分析和分类； 10.     熟悉图像数据处理及分析，以及常用的图像特征描述；11.     熟悉Python机器学习框架，熟悉常见机器学习算法(如逻辑回归、SVM、神经网络、决策树、贝叶斯等)； 12.     熟悉至少一种深度学习训练工具(Caffe/Theano/Keras/ConvNet/TensorFlow/Torch等)。																		",大专,5-7年经验,五险一金免费班车,招1人
29,北京,30-55万/年,高级Linux工程师（c/c++ 、php、python）,北京安德信业信息咨询有限责任公司,50-150人,民营公司,						安德咨询是中国专业的猎头公司之一，拥有强大的本地网络和精深的市场知识，能够迅速地为客户挖掘最适合的本土资源，为客户提供增值服务。至今已为国内许多快速发展的民营企业、外资企业、集团化企业和行业提供了所需的高级管理与技术人才，并成为长期合作伙伴。与大量的行业候选人、资深经理人建立了长期的联系 ，并对他们进行长期跟踪和提供咨询服务。总部位于北京，目前在重庆有分部。					,朝阳区,						职责描述：1.负责后台系统的设计与实现，包括：推荐、消息、存储等；2.保证后台系统7*24运营和高效应急反馈；3.配合产品和市场部门，做好产品的运营支持。任职要求：1.熟悉linux c/c++ 、php、python的一种或多种；2.熟悉网络编程，深入理解HTTP、TCP/IP等网络协议；3.深入理解数据库或NOSQL系统，有实际数据库调优或NOSQL使用经验；4.有良好的数据结构和算法基础。加分：1.工作5年依然热爱编码；2.熟悉mongo、redis、Nginx等开源项目；3.有过存储或IM系统经验；4.喜欢控制，有代码洁癖；5.有过搜索系统经验。																		,本科,5-7年经验,######,招2人
30,北京,1-1.6万/月,Python 后台开发工程师,北京推题科技有限公司,少于50人,民营公司,						全球领先的智能文档技术、国家863计划重大专项成果国家六部委重点支持的科研项目、中国工程院九大院士联名推荐国家新一代人工智能教育技术、教育部信息化2.0计划核心技术与国家863计划重大人工智能教育项目团队一起开创未来教育事业北京推题科技有限公司是一家基于智能文档技术（scienceword）的全球领先教育人工智能和大数据分析公司。公司由中国著名科学家廖兆存领衔，拥有国家863计划重大软件专项的核心技术，获得国务院、科技部、教育部等六部委部委重大支持。其获得邬贺铨、陈左宁、李国杰、金怡濂、胡启恒、吴佑寿、胡光镇、李伯虎、张钟华等九院士联名推荐，由教育部办公厅以文件的方式向全国推荐使用。推题科技以智能文档（ScienceWord）技术为核心，依靠在线作业（Skill）、智能教案（Class）、智能批改（Marking）及AI+大数据分析平台，成为全球唯一一家能实现在文档及互联网中进行理科公式、符号、图形、实验仪器等进行自由编辑处理，知识动态呈现，数据自动挖掘的在线作业及考试的科技公司。推题科技邀请全国中高考命题研究专家及省级重点中学一线教师组成选题委员会，并吸收北京大学、清华大学、中国科技大学、中国科学院大学等全国一流名校学子加入。推题科技将传统的作业考试实现在线作业及测评，并采用优选算法和中高考命题测评技术实现科学高效的作业及测试，对学生的作业及考试形成动态过成化的数据分析报告，并根据学生的知识掌握情况及能力情况进行个性化推荐和提高。我们需要的人才：算法牛人、大数据分析高手、高考领域的专家、高考各学科名师、高中各学科编辑、暑期***或实习 【北京市重点高校在校学生或者校外教学老师】我们真诚地邀请技术大牛、学科名师、营销精英、传播大V等互联网教育人才加入推题科技这项人类伟大的事业！如果你对教育人工智能感兴趣，你将有机会跟全球领先的智能文档技术科学家学习！如果你想从事未来教育、互联网教育、在线作业、在线考试、智能教学等领域工作，这里将是你职业的***起点！希望您来！和一批优秀的人，干一件伟大的事!全球领先的智能文档：可视化智能教案：在线作业：智能批改。我们的目标：建立基于大数据分析的个性化高考训练方案，为每个学生找到最适合的高考备战路线。我们的优势：1.全球领先的文档技术：文档技术自主独立研发，可深入挖掘文档信息，实现大数据分析；极大降低文档编写及演示难度，真正能让学生理解每一个复杂的过程。2.完善的教学系统：出题、练习、测验、整理、分析一体化，更贴近于教学。3.个性化的推荐方案：改变以往千人一卷的刷题策略，针对每个人的学习反馈情况，进行知识、能力全方位剖析，推送最适合他的解决方案。让每一题发挥出它的价值。					,远大路上河村三区2号楼3单元201,						<span>1.<span> Web <span>后端业务逻辑层、数据层的实现；2.负责Web 后端功能实现并进行测试及部署。<span> <span>岗位要求：1.统招全日制本科及以上学历，计算机及相关专业毕业，扎实的计算机基础知识；2.2年以上 Web 开发经验，精通 Python 程序设计，熟悉 Flask、Django或 Tornado 等框架；3.熟悉Linux操作环境，熟练使用Mysql、Nginx、MongoDB、Redis；4.良好的程序分析设计能力，文档管理能力及编程习惯；																		,本科,2年经验,######,招2人
31,北京,1.5-2.5万/月,Python后端开发工程师,北京多来点信息技术有限公司,1000-5000人,民营公司,						北京多来点信息技术有限公司，成立于2009年10月；注册资本1.07亿；总部位于北京，全国核心城市建立12个分公司，合作伙伴300余家；员工1600余人，研发500余人，研发技术骨干来源于 百度、阿里、360、小米、滴滴、美团；服务商户150000余家，用户12000000人，服务范围遍及中国大陆的300多个城市和中国香港、新加坡、伦敦等地区；企业标签： 餐饮垂直领域互联网公司、SaaS-ERP软件服务平台、行业内最具势力、发展最快、研发投入最高的企业；中国最具影响力的餐饮行业互联网服务商。					,西城区西直门西环广场T1-22,						1. 参与基于openstack的云平台相关后端功能开发和维护及不断优化。任职要求：1. 计算机相关专业，本科及以上学历，一年以上工作经验；2. 熟练掌握Python编程语言，熟悉Flask等主流Web框架；3. 熟悉MySQL、Redis等数据库相关技术；4. 熟悉openstack，了解openstack基本架构和功能；5. 熟悉分布式、微服务、高性能Web服务的开发，有一定的系统架构设计能力者优先；6. 有云平台后端开发经验者优先。行业标杆，高速成长， 团队活跃，平台广阔，交通便利！前景，专注于本地生活的广泛领域——餐饮O2O；晋升，广阔的职业发展空间，越努力你就越幸运；氛围，那是年轻人的世界，公司营造各种交流机会；环境，舒适高大上的办公环境，西直门地标建筑，没有雾霾还可看见西山落日。哗啦啦（www.hualala.com）期待你的加入！																		,本科,1年经验,五险一金年终奖金带薪年假节日福利周末双休技术大牛地铁周边,招5人
32,北京,1.5-2万/月,Python高级开发工程师,北京泛鹏天地科技股份有限公司,500-1000人,民营公司,						北京泛鹏天地科技有限公司——中国银行业客户***风险与盈利管理服务合作伙伴北京泛鹏天地是一家为中国银行业提供管理理念和管理工具的专业公司。在中国银行业管理服务市场上，泛鹏天地已建立起卓越的领导地位，并在盈利管理与风险管理两大领域齐头并进的方针下，展现出强劲的增长势头。公司汇集了国内外银行管理的一批精英，组成了兼具国际性与本土性的专业团队，先后为建设银行、招商银行、中国进出口银行、中信银行、兴业银行、南京银行等数十家银行提供盈利管理与风险管理的咨询顾问、系统实施以及教育培训服务，成为业界备受肯定的专业公司。公司以“协助客户透视现状，适应市场环境变化，提供最具针对性的解决方案”为宗旨。对银行盈利管理与风险管理的相关业务主题进行了深入的研究，将国际先进银行的经验与中国实践相结合，针对客户自身的管理需求，给出量体裁衣的解决方案。公司创造性地总结出市场化收益率曲线、活期存款沉淀率模型、提前还款模型、新业务量预测模型、按照费用发生逻辑进行成本分摊、根据客户对银行的整体贡献进行客户关系定价、内部评级的小样本抽样技术等独特的解决方案，为提升国内银行盈利管理与风险管理的水平做出了一定的贡献。公司与oracle、sungard、algo等多家国际一流的银行盈利管理软件厂商建立了良好的合作关系，可以为中国商业银行提供咨询、产品选型与实施、业务培训与推广应用在内的全程一站式服务。我们的使命和目标：致力于为中国银行业提供管理理念和管理工具我们价值观：为客户创造价值， 为员工创造价值，为投资者创造价值我们愿景：成为中国商业银行长期的、值得信赖的专业服务合作伙伴					,北京市朝阳区永安东里甲3号-1德润大厦B座2306,"						技能要求：Python，MySQL岗位职责：1、参与金融云分布式系统的开发，根据业务需求，完成从设计到开发的工作；2、使用Python实现数据抓取、入库、管理等工作；3、数据分析，数据建模。任职要求：1.熟悉大数据相关技术，关键字如数据处理、数据分析挖掘、流计算、网络爬虫、数据分析相关算法（神经网络、深度学习，决策树）等，有Kaggle等经历更好；2、热衷编程，精通或熟悉python语言及其类库，熟练搭建python开源开发框架，带过团队，关键字如精通，熟练Django，numpy, scrapy等；3、熟悉MySQL,redis，MongoDB等数据库；4、了解前端HTML，javascript，reactjs技术；5、有使用hadoop，hive，impala，ElasticSearch等数据处理经验更好；6、善于学习新技术、新语言，具有良好的分析和解决问题的能力。																		",本科,5-7年经验,五险一金员工旅游交通补贴餐饮补贴通讯补贴专业培训绩效奖金年终奖金定期体检,招1人
33,北京,1-2万/月,Python开发工程师,北京中油瑞飞信息技术有限责任公司,1000-5000人,国企,						北京中油瑞飞信息技术有限责任公司（简称中油瑞飞）成立于2006年，是中国石油集团东方地球物理公司的全资子公司，在原东方地球物理勘探有限责任公司信息中心（1994年成立）和原北京瑞飞信息技术有限责任公司（2001年成立）的基础上组建而成。经过近年来的快速发展，截至目前，中油瑞飞形成了ERP咨询、软件服务、数字油田、系统集成、财务金融、海外业务、物探IT服务、信息安全、工业自动化、数据中心和工程技术十一大业务板块，在天津、辽宁盘锦、新疆库尔勒、四川成都、陕西西安、海南海口、河北石家庄设有分公司，并成立瑞飞哈萨克斯坦子公司和瑞飞迪拜子公司。中油瑞飞拥有近3000名的专业化人才队伍，主要面向政府、能源、金融与公共事业等行业，为客户提供IT咨询、实施、运维一体化的解决方案和一站式的IT服务。作为北京市首批100家高新技术企业、双软认定企业，中油瑞飞率先通过了ISO 9000、ISO 20000、CMMI三级等管理体系认证，获得了国家系统集成一级资质、信息安全服务一级资质等专业资质。作为中国石油集团信息化建设的主要承担单位，中油瑞飞广泛参与了中国石油集团公司“十一五”、“十二五”的信息化建设，形成了明显的专业优势，成为“数字石油”的领军力量，成为集团公司的信息技术专家中心、信息技术支持中心、海外信息技术中心、财务金融服务中心和数据中心，先后荣获中国石油集团 “十一五”信息化工作先进单位、信息化建设优秀团队和石油石化行业“两化融合”优秀IT服务奖。企业文化真情合作、激情创新公司网址：www.richfit.com					,北京市东城区青龙胡同1号歌华大厦15层或者东直门,						岗位职责：<ol><li>参与数据分析平台项目建设；</li><li>利用Python框架实现用户特定需求的定制化开发；</li><li>负责定制化功能的设计和实现，完成需求分析、架构设计、开发实现；</li><li>负责定制化功能的测试及最终成果交付。</li><li>span&gt;</li></ol>岗位要求：<ol><li>计算机相关专业本科及以上学历，具有3年以上Python开发工作经验；</li><li>精通Python，熟悉Django，Tornado，Flask，了解Caffe、TensorFlow、openCV等深度框架，能独立搭建高可用生产环境，有实际应用项目经验；  </li><li>有数据工程领域开发经验，具备数据库设计能力；</li><li>熟悉Linux操作系统，熟练使用常用Shell命令； </li><li>了解HTML5，Javascript，熟悉Mysql数据库，熟练使用SQL；</li><li>具备优秀的编程能力，在常用功能的实现方面有自己独到的设计； </li><li>具备强烈的进取心、求知欲及团队合作精神，具备良好的代码编程习惯及较强的文档编写能力；</li><li>具有大数据分析处理、AI产品落地经验者优先；</li></ol>                                                            9、   工作地点：北京。																		,本科,3-4年经验,五险一金补充医疗保险通讯补贴定期体检专业培训免费班车员工旅游餐饮补贴绩效奖金,招1人
34,北京,1.8-3.6万/月,高级Python后端工程师,达观数据,50-150人,民营公司,						达观数据是全球领先的文本智能处理专家，是一家专注于企业知识管理和文字语义理解的国家高新技术企业。达观数据为企业提供完善的文本挖掘、知识图谱、搜索引擎和个性化推荐等文本智能处理技术服务，是国内唯一一家将自动语义分析技术应用于企业数据化运营的人工智能公司。获得软银赛富、真格基金、方广资本、掌门科技等国内***风投机构的多轮注资。技术团队来自腾讯、百度、阿里、盛大的数据技术部门，以及复旦交大同济等高校的科研精英组成，曾获得ACM CIKM Competition冠军、EMI国际黑客马拉松算法竞赛冠军、ACM KDD-Cup国际数据竞赛亚军等多项国际***竞赛荣誉。公司高度重视核心技术研发，在核心技术NLP领域，达观拥有32项国家发明专利，出版2本人工智能著作，在国际著名学术期刊及Qcon、github、知乎等技术社区发表了100多篇高质量行业技术论文，工程和科研两方面均实力雄厚。迄今为止，达观主办、参与了AI大数据领域数十次大型论坛和峰会，累积获得二十余次全国奖项，多次获得中国大数据和人工智能企业50强。达观数据是上海市大数据产业联盟理事单位、浦东软件园明星/加速孵化企业，同时与复旦、东南、清华等国内外著名学府和研究机构建立并保持良好合作关系。愿与业内同行分享，助力各企业在大数据浪潮来临之际一起破浪前行。现已积累华为、招商银行、浦发银行、中国平安、海航集团、中兴、长虹、海尔、京东、顺丰、中国移动、上汽集团、德勤等数百家企业客户的成功服务经验，覆盖金融、科技、制造、法律、电商、视频、传媒等行业，通过提升企业文本的自动化处理的能力，加快企业智能化转型速度、有效提升企业运营效率和经营业绩。作为***高新技术企业，达观数据拥有CMMI3资质认证、双软认证和ISO9001质量管理体系认证，我们提供安全合规的人工智能服务，充分保障企业的业务稳定与安全。达观数据面向公司全员施行全面薪酬体系与利润分享计划，不仅有各项直接与间接的薪资福利、清晰全面的职业发展规划与晋升通道，更重视对员工和团队价值贡献的长短期激励与培训成长，提供多元化的培养模式与平台，更多发展机会，为你的职业未来赋能：-每周的达观讲堂，公司内外部行业大咖分享，有输入，也有输出，你需要旁征博引，更要为自己的专业实力发声，寻找思维碰撞与共鸣，向前一小步，扩展一大步-核心人才计划：科研专利、国内外技术交流、校企合作、各行业顶尖机构对接，“达摩院”为你提供更广阔的发展空间，带给你全方位的发展和成长-大牛导师1V1，腾讯、阿里、搜狗、盛大的资深团队与你相互探讨、共同超越。深厚的技术底蕴、丰富的工程经验，让我们共同推进、见证NLP应用落地的每一个进步-AI新人培训计划：资深mentor带你玩转各种工具与模型，在高含金量的项目中以高标准实战、成长，快速积累业界有建设性、可落地的领先技术-职业晋升通道：明确的职业发展路径：工程师→高级工程师→技术专家→高级技术专家→资深技术专家→科学家/架构师/研究员-高级/资深AI工程师腾飞计划：管理路线or专家路线？想成为团队的灵魂？想更贴近业务？想单点突破？机会都为你准备好了-12天带薪年假+个人&团队的玩耍基金+年终多薪+期权激励+商业保险、体检+运动健身场馆补贴+节日福利+各项活动-to be continued加入达观，让我们共创人工智能新未来！更多信息，请访问达观数据官网、关注微信公众号、知乎@达观数据					,海淀区知春路 量子芯座大厦20层,"						职位描述：1、负责业务需求分析，将业务需求拆分成独立的业务功能；2、带领技术团队进行软件项目的编码实施、测试和文档编写；3、负责部分核心技术问题的攻关，架构设计，系统优化，协助解决项目开发过程中的技术难题；4、配合项目的整体计划和安排，对业务人员进行技术指导；岗位要求：1、计算机相关专业、本科及以上学历；2、精通Python,熟悉C++者优先；接触过NLP或人工智能算法优先；3、比较好的沟通能力和抗压能力；4、3年以上开发经验；5、熟悉SQL，熟悉Orcale、DB2、SQLSERVER、Mysql数据库应用开发中至少一个；6、熟悉linux/Unix常用操作命令，了解shell；7、具备自然语言处理及机器学习方面的基础理论知识，有相关实战项目经验者优先；8, 具有高度的责任感，工作积极主动、学习能力强、善于总结，有规范化文档编写良好习惯。																		",本科,5-7年经验,五险一金补充医疗保险员工旅游专业培训年终奖金绩效奖金弹性工作定期体检,招2人
35,北京,1-3万/月,python区块链工程师,北京布路诺超链科技有限公司,少于50人,创业公司,						本公司是一个全新有活力的软件开发公司，专业从事区块链应用的开发和销售，具有全行业领先水平的技术实力。简历可发hr@exchangechain.com					,世宁大厦,						1. 参与公司区块链相关应用产品的研发与维护；2. 负责公司区块链底层技术的升级改进；3. 参与区块链相关后台服务的迭代开发； 4. 参与核心系统设计和产品文档编写。任职要求：1. 具备本科及以上学历，至少一年以上互联网或应用软件实战开发经验，熟悉C++/C、Go、Python中的一种或多种开发语言，数学、物理、计算机科学、金融工程专业优先； 2. 精通C++/C、Go、Python中的至少一种或多种开发语言，数学、物理、计算机科学、金融工程专业优先； 3. 精通Linux，熟练掌握Docker容器技术的原理，部署和使用优化，有区块链技术实际项目经验者优先； 4. 熟悉至少一个区块链开源项目，如：Bitcoin、Ethereum、Bitshares、Hyperledger、EOS等，有开源社区贡献经验者优先； －熟悉密码学、安全协议和加密算法，有网络安全项目背景者优先； －熟悉分布式系统架构和P2P网络系统，有大规模高可用的分布式系统开发经验者优先；－熟悉solidity等常用智能合约语言，有实际应用开发者经验者优先；－熟悉PoW，PoS，DPoS，PBFT，Paxos，Raft等共识算法，有相关项目背景者优先；5. 具有较强的团队协作精神、执行力、学习能力、沟通协调能力及良好的职业道德操守																		,######,无工作经验,五险一金餐饮补贴绩效奖金年终奖金弹性工作出国机会员工旅游,招5人
36,北京,2.5-4万/月,高级Python工程师,汇中泰德投资有限公司,500-1000人,民营公司,"						汇中泰德投资有限公司（下称：“汇中泰德”）是一家集战略投资与运营管理于一体的综合型实业投资与投资管理公司，前身为深圳丽斯达日化有限公司(主要运营驰名全国的名族品牌“小护士”化妆品)。汇中泰德是一家横跨快速消费品、商业地产、旅游地产、智能制造、通信、电子信息、物业管理等多个行业的大型投资集团，先后成功运作及控股了“小护士”化妆品、健力宝、中房(中国房地产集团)鸿都、普瑞制药、重庆海外旅业、山河智能、上邦百汇城等国内外知名品牌。汇中泰德旗下科技创投事业部，致力于集成电路研发、物联网和人工智能应用创新项目的孵化培育。汇中泰德拥有物联网和人工智能应用创新项目，基于市场需求，在集成电路、物联网传感器、控制器、移动物联网、云计算、大数据和人工智能等几大领域都进行了长期研究和不断探索。凭借在集成电路、物联网领域的优势，汇中泰德的目标是成为物联网智能服务产业的主要推动者之一。目前，汇中泰德在物联网和人工智能应用领域已启动多个重点项目；未来，智能穿戴、智能制造、云计算、大数据、人工智能、新材料、新工艺将是公司重点关注的领域。行业愿景我们的愿景是“科技使生活更自然、更现实”。我们认为，互联网已经经历了PC互联网、移动互联网，现在正在迈向万物智联时代。未来将从“以设备为中心”进步为“以用户为中心”、""以数据为中心""。万物对人类的服务将变得“主动”，它们通过芯片感知你的生活指标，并主动提供最自然、最舒适的服务。团队介绍从2016年孕育想法到2017年落实立项，团队在万物智联时代，有坚定梦想并深信科技定会让未来生活更自然、更现实。他们来自投资、IT、市场营销、企业经营管理等领域，拥有丰富的商业运营经验和深厚的专业背景，为汇中泰德的发展提供了强大支撑。我们主张“敏捷”：快速响应、拥抱变化；我们主张“扁平化”：去中心化、去官僚化、尊重有共同价值观的每一个成员。我们涉及的是高科技应用类的未知领域，如果你具备扎实的互联网、物联网和人工智能专业基础，务实进取，善于学习和探索、敢于接受挑战和拥抱变化，那就加入我们吧。					",北京市朝阳区酒仙桥中路10号,						<span>1.<span>负责基于Python的多进程高并发应用开发、相关优化以及产品部署，以提升Python服务端性能为主要工作目标 ； 2.搭建高并发系统运行环境，完成系统框架和代码的实现，负责解决生产环境中的技术问题； 3.负责基于Python的相关产品规划、需求、设计、开发、测试等研发工作； 4.研究并跟踪提升服务端性能的前沿技术（基于Python）。  职位要求 1.精通Python应用开发，有较好的C/C++语言基础，有3年以上后台开发经验； 2.精通Python Web框架（Django/Tornado/Flask），精通Python分布式系统(Celery+Tornado+Supervisor)； 3.精通Mysql、Redis、Mongo等常用数据库，具有数据库开发和设计能力； 4.精通多进程多线程和异步框架、有服务端高并发经验，熟悉集群与负载均衡、消息中间件、容灾备份等技术； 5.熟悉Linux操作系统及shell编程； 6.熟悉BootStrap，熟悉HTML，CSS，JavaScript等基本前端技术； 7.有全栈开发经验或大型在线服务开发经验优先。																		,本科,5-7年经验,五险一金交通补贴餐饮补贴通讯补贴,招1人
37,北京,1.5-2万/月,"Software Engineer  Python, Java, Cloud",贵州华芯通半导体技术有限公司,150-500人,合资,						贵州华芯通半导体有限公司贵州华芯通半导体技术公司由贵州省及美国高通公司共同出资成立，注册地为贵州贵安新区，在北京、上海和贵安新区设有研发运营机构。贵州华芯通半导体专注于设计、开发并销售供中国境内使用的先进服务器芯片。华芯通半导体技术有限公司的成立有助于推动中国集成电路产业发展、提升中国芯片产业开发及设计能力，以及推动并实现中国“强芯梦”。华芯通半导体2017校园招聘网申地址 http://campus.51job.com/hxt 我们期待你的加入！					,朝阳区望京东路六号望京国际研发园D座4层,"						Position Description:&#160;This position will be responsible for open source cloud software initiatives for HXT’s ARMv8 based processor targeting data center server market. The engineer will work in HXT’s Software  System Group in Beijing.Main Responsibility:- Feature development in C++, Python, Java and Bash on Linux Platforms- Feature and Solution Test automation using Python and Java frameworks- Work with the Server application and testing teams to refine product and feature requirements- Create scalable software that supports the delivery of cloud based collaboration productsRequired Skills:- Minimum of 4 years of software development experience using Linux or UNIX operating systems- Strong background in one or more of the following areas:system management tools and librariesvirtualization technology, preferably KVM and/or cloud management toolsLinux kernel and/or driver development- Excellent interpersonal and communication skills, good teamwork adaptability, good oral and written English skills, energetic and self-motivated.- It is a plus that experience of data center stack and application development such as DPDK/ODP, LAMP, Hadoop, KVM/LXC, IaaS/PaaS.Education Requirement:- B.S. or M.S. degree with major on Computer Science, EE or Automation etc																		",本科,3-4年经验,######,招若干人
38,北京,0.8-1.5万/月,大数据开发工程师(Python),上海正圆计算机科技有限公司,50-150人,外资（非欧美）,						上海正圆计算机科技有限公司隶属于泰国正大集团，于2011年在上海成立，立足于集团优势面向集团下属贰佰多家企业提供专业的IT技术支持和管理。公司拥有一批优秀的技术人员，目前在北京、天津设有办事处。正大集团是泰籍华人创办的知名跨国企业，在中国以外称作Charoen Pokphand Group（卜蜂集团）。目前，正大集团业务遍及20多个国家和地区，下属400多家公司，员工人数近20万人。正大集团在中国投资额近50亿美元，设立企业两百多家，遍及青海以外的所有省、市、自治区，员工人数超过80，000人，年销售额超过300亿人民币。经过80多年的发展，正大集团形成了以农牧、水产、种子、电信、商业零售为核心，石化、机车、房地产、国际贸易、金融等共同发展的业务格局。					,建国门内大街7号光华长安大厦,						岗位职责：负责正大集团农业大数据相关产品的研发。任职资格：1、本科及以上学历；2、良好的计算机网络、操作系统体系知识，了解linux操作系统、良好的数据结构和算法知识；3、熟练掌握sql语言；4、熟悉python、shell等编程语言；5、熟悉大数据相关技术（Spark、Hadoop、MapReduce、hive、flink、storm）者优先；6、熟悉TensorFlow、R、Julia者优先;																		,######,无工作经验,五险一金补充医疗保险餐饮补贴年终奖金定期体检,招1人
39,北京,10-15万/年,python助教,传智播客教育集团修正分校,1000-5000人,民营公司,"						传智播客成立于2006年, 现有员工2000多人，于2016年底挂牌新三板, 是一家集IT培训、在线教育、少儿教育于一体的高端教育培训机构, 旗下有高端IT教育品牌——黑马程序员、在线教育平台——博学谷、高端少儿教育品牌——酷丁鱼, 并于2017年成立自己的高等教育院校——传智专修学院。传智播客目前开设的课程有Java、Android、PHP、iOS、前端与移动开发、C++、网络营销、大数据、Python、UI设计、平面设计、网页设计、电商设计、电子商务、少儿美术等，涵盖了从编程、设计、移动端开发再到电子商务和营销等泛IT领域的全部内容。并在北京、上海、广州、深圳、武汉、郑州、西安、哈尔滨、长沙、济南、重庆、杭州、南京、成都、石家庄、合肥、太原17个大中城市设有分校，后续还将在全国增设分校，让更多学子可以就近入学，体验到更优质的教学服务。十一年来，传智播客累计培养10余万人，为社会输送了大批IT精英，成为IT培训界的标杆，并荣获“2014~2015年度中国信息技术服务行业IT人才培养示范机构奖”，荣获“2016腾讯网教育年度盛典”公信力教育品牌。同时，为了让更多的人享受到优质的教育资源，传智播客出版书籍50余本，发行90万余册，免费分享视频资料长达97200小时，受到广大IT爱好者的一致好评。传智播客发展迅速，在业界的影响越来越大，已与北京大学、CSDN、淘宝教育、优酷学堂、腾讯课堂达成深度合作。未来，传智播客将打造涵盖中小学基础教育、职业教育、继续教育在内的全套教育生态链，不断将更优质的教育资源惠及更多学子，将传智播客建设成一流的综合性职业教育集团。传智播客始终坚守着“为莘莘学子改变命运而讲课，为千万学生少走弯路而著书”的办学使命，本着“务实、质量、创新、分享、专注、责任”的核心价值观，以“探索教育本源，开辟教育新生态”为终极目标，不断创新与丰富教学模式与教研产品，为推进中国教育事业的持续发展而不懈努力。					",北京市昌平区北七家镇宏福创业园修正大厦3层,						岗位职责：1、熟练掌握课程体系及课程内容；2、能够为学员进行清晰的知识讲解；3、建立学员跟踪报告，清楚掌握学员学习情况；4、分析技术发展行情，熟练掌握相关开发技术；5、快速适应业务，能对业务开发中的bug做到快速定位，并能给出预选解决方案。任职要求：1、 热衷于教育事业，工作责任心强，有良好的团队合作观念，能吃苦，具有一定的抗压能力；2、 能够独立完成程序模块设计和开发工作；3、 熟练掌握Python，深入理解OOP思想，具有很强的分析设计能力，熟悉常用设计模式；4、 熟练掌握HTML、CSS、JavaScript、JQuery；5、 熟练掌握MySQL，MongoDB，Redis 等数据库的开发； 6、 熟练掌握Linux基本命令及shell编程；7、 熟悉GIT等工具，熟练使用PyCharm等开发工具；8、 熟练掌握web框架如：Django、Flask等；9、 熟练掌握爬虫开发，如:scrapy框架及爬虫分布式集群；                                                                    10、熟悉数据分析常用工具及数据可视化工具。																		,大专,2年经验,员工旅游交通补贴餐饮补贴定期体检年终奖金节日福利绩效奖金五险一金,招2人
40,北京,1-1.5万/月,Python就业指导老师(J10736),北京传智播客教育科技有限公司,1000-5000人,民营公司,"						传智播客成立于2006年, 现有员工2000多人，于2016年底挂牌新三板, 是一家集IT培训、在线教育、少儿教育于一体的高端教育培训机构, 旗下有高端IT教育品牌——黑马程序员、在线教育平台——博学谷、高端少儿教育品牌——酷丁鱼, 并于2017年成立自己的高等教育院校——传智专修学院。传智播客目前开设的课程有Java、Android、PHP、iOS、前端与移动开发、C++、网络营销、大数据、Python、UI设计、平面设计、网页设计、电商设计、电子商务、少儿美术等，涵盖了从编程、设计、移动端开发再到电子商务和营销等泛IT领域的全部内容。并在北京、上海、广州、深圳、武汉、郑州、西安、哈尔滨、长沙、济南、重庆、杭州、南京、成都、石家庄、合肥、太原17个大中城市设有分校，后续还将在全国增设分校，让更多学子可以就近入学，体验到更优质的教学服务。十一年来，传智播客累计培养10余万人，为社会输送了大批IT精英，成为IT培训界的标杆，并荣获“2014~2015年度中国信息技术服务行业IT人才培养示范机构奖”，荣获“2016腾讯网教育年度盛典”公信力教育品牌。同时，为了让更多的人享受到优质的教育资源，传智播客出版书籍50余本，发行90万余册，免费分享视频资料长达97200小时，受到广大IT爱好者的一致好评。传智播客发展迅速，在业界的影响越来越大，已与北京大学、CSDN、淘宝教育、优酷学堂、腾讯课堂达成深度合作。未来，传智播客将打造涵盖中小学基础教育、职业教育、继续教育在内的全套教育生态链，不断将更优质的教育资源惠及更多学子，将传智播客建设成一流的综合性职业教育集团。传智播客始终坚守着“为莘莘学子改变命运而讲课，为千万学生少走弯路而著书”的办学使命，本着“务实、质量、创新、分享、专注、责任”的核心价值观，以“探索教育本源，开辟教育新生态”为终极目标，不断创新与丰富教学模式与教研产品，为推进中国教育事业的持续发展而不懈努力。传智播客是一个开放、创新的公司，任何有利于公司产品推广的技术、活动你都可以去实践，没有那么多条条框框，没有冷嘲热讽；传智播客是一个尊重人才的公司，社保、餐补、免费体检一个都不能少；员工是人不是机器，每周两天休息不能少；我们不看学历、不看年龄、不看外貌，只要你有能力，“加爵、加薪”不要也给！					",京顺路99号北京中关村国际学校,						工作职责:1.熟悉python课程体系2.能够为学员进行清晰的知识讲解3.建立学员追踪报告，清楚学员学习情况4.指导学员简历书写，解决学员面试问题 任职资格:1、熟悉Python开发，了解网络爬虫基本知识；2、熟悉Http/Html/Xpath等3、熟悉Scrapy或pyspider，有爬虫经验，熟悉爬虫调度策略；4、有服务器编程经验，熟悉elasticsearch，lucene，hive，redis之中两个，熟悉更多者优先；5、对新技术知识具有浓厚的学习和研究兴趣，动手能力强，有阅读开源项目源码习惯尤佳；6、普通话良好，乐于奉献和分享，有上进心；																		,######,无工作经验,员工旅游交通补贴餐饮补贴定期体检年终奖金节日福利绩效奖金五险一金,招2人
41,北京,1.5-3万/月,Python软件工程师,北京四中网校,150-500人,民营公司,						龙之门教育成立于 2000 年，是国内最早开展在线教育业务的公司之一。2001 年，龙之门教育与北京四中达成校企合作，成立了 K12 在线教育平台“北京四中网校”，龙之门创始人黄向伟担任网校校长。继北京四中成立网校之后，清华、北大、人大等名校的附中一时间均开始试水网校业务。自成立起至今，依据北京四中上百年积淀的教育思想、教育理论，龙之门教育为广大的中国家庭提供开放的教育平台和北京四中最优秀的教育资源，进行跨越时空、突出个性、学生自主学习的教学。北京四中网校秉承了北京四中重基础知识、重创新意识培养的扎实教风，重学生良好学习方法培养的教学思想。2018年10月，龙之门教育召开新闻发布会，完成近亿元人民币 A 轮融资，晟道投资、鼎晖投资联合投资，本轮融资主要用于继续加大教研和技术的开发投入。本轮融资是龙之门成立 18 年来首次融资，正式开启资本化运作。此次牵手资本后，龙之门的战略重心将转向 2B 市场，业务重心转向“赋能 2B 业务”与“大语文”，此前的“北京四中网校”将突出公益性和社会效益。经营“北京四中网校”十余年，龙之门在教学模式输出、课程开发设计、教师培训及考点分析等方面都打下了一定基础。与北京四中等名校的合作，积累了从初一到高三学科的教学资源库。 面向小 B 端线下中小教培机构，龙之门将核心教研体系进行输出，推出 K12 校外教培解决方案“酷蒙课堂”。内含学科知识点、单元和章节、专题和版块，三个不同维度的课程包和技术工具，以帮助提高教师备课的效率、降低备课的难度。面向大 B 端公立学校，龙之门主要提供一套“全流程智慧教育”解决方案，完善校内学习的闭环。以龙之门自适应技术中的网状知识图谱引擎为例，通过上万道大数据筛选出来的重点习题和知识点，标记、搭建出一个相对完整的学科知识图谱，结合学生做题的数据，分析出学生知识点的薄弱与缺陷，为学生提供学情诊断、为学校提供更精准的考题预测。在北京四中网校运营的 18 年里，龙之门一直在帮公立校进行教学信息化改革和翻转课堂的试验，截至目前累计覆盖 3000 多所公立校，覆盖学生 300 多万人、教师 20 万人，积累下了对公业务销售在全国的网络渠道。龙之门教育将过去十余年通过“北京四中网校”业务积累的品牌、教学资源、教研体系、自适应学习系统升级成“酷蒙课堂”解决方案，相信会让教培行业的许多同行受益。龙之门教育诚挚期待您的加入。					,北京市西城区新德街20号中国电影器材公司南楼四层,						岗位职责：1、   负责Python教学产品前端和后端研发。2、   负责教学产品持续优化和版本迭代。3、   钻研、应用、分享相关开发技术。 任职要求：1、  本科以上学历，计算机或相关专业。2、  Python基础扎实，有良好的编码习惯。3、  三年以上Python Web开发经验，熟悉Django框架。4、  熟悉HTML／HTML5、CSS、Javascript、jQuery、AngularJS、Webpack。5、  熟悉ElacticSearch，MongoDB，memcached，Redis。6、  熟悉MySQL数据库开发。7、  熟悉Linux操作系统，熟悉Docker。8、  思维敏捷，具有良好的逻辑思维能力。工作认真负责、积极主动。9、  喜欢研究、使用新技术。10、 有较强的沟通交流能力，有良好的团队意识精神和协作精神，乐于分享。																		,本科,3-4年经验,五险一金餐饮补贴弹性工作定期体检交通补贴补充医疗保险年终奖金,招1人
42,北京,7-12万/年,Python工程师,中包物联网科技（北京）有限公司,50-150人,民营公司,						公司由中包包装研究院有限公司、北京经世万方信息技术有限公司联合创立。基于中包包装研究院物流监测实验室第一代传统物流监测技术以及三十多年的产品包装检测数据、全国公路路谱数据的积累，新公司应用移动互联网、物联网、大数据及人工智能等技术，成功开发完成WL系列货安达？物联网智能物流监测黑匣子终端，并自主构建包装物流生态系统云平台。公司通过货安达？智能物流监测黑匣子动态采集并实时传输物流环境大数据与全国公路路谱动态大数据，应用大数据处理及分析技术，实时传输包括货物位置，道路路况，环境信息，危害信息，安全信息等全面包装物流状态大数据，通过后台模型的建立以及对数据的分析，实现对货损风险点的辨识，聚焦全物流货损风险监测及预警，为企业提供全面物流运输安全监测与降损服务。公司主要产品与服务已广泛应用家用电器、精密仪器设备、电力设备、计算机服务器、钢琴乐器、危险化学品、特种设备、特殊贵重物品、核工业等行业及物流、电商等领域，已与Volvo，空客，国家电网，海尔，海信，华为，联想，富士康，宝洁，联合利华，惠氏，合生元，雀巢，秦始皇帝陵博物馆，阿里巴巴，京东，中核建中，田湾核电，中国原子能研究院、国家邮政局发展研究中心等知名单位建立合作关系。公司重视优秀人才的引进与培养，在用人方面秉承“德才兼备、积极进取、擅于学习、肯于奉献；尊重、吸引、善用、培养、造就；将员工的成长融入到公司的发展中”的理念，在拥有健全的薪酬福利管理体系，并不断完善激励机制，已建立多样灵活的员工职业生涯发展规划机制，培训制度与学习机制，为广大员工营造尊重、和谐、奋进的工作氛围，搭建平等、广阔的发展平台。非常欢迎优秀人才及有识之士加入我公司，与公司共同成长，实现自我价值与公司价值的双赢！					,北京市朝阳区建华南路17号柏联大厦,						 岗位职责：  1、设计和建立物联网云平台和数据设施；   2、优化大数据处理算法及数据库性能，实现大数据的数据挖掘及AI算法；  3、搭建系统开发环境，完成系统框架和核心代码的实现，负责解决开发过程中的技术问题；   4、同业务分析师和算法工程师协作，完成产品化落地；  5、参与软件工程文档、产品文档编写，满足质量要求；  6、做好模块集成、单元测试、模块测试及确认工作；7、解决工程项目中遇到的问题，进行系统功能优化，安全等保证系统安全、稳定和快速运行；     任职要求：1、全日制相关专业本科及以上学历，2年及以上相关工作经验；  2、掌握常见的Python框架，熟悉Flask、Numpy、Pandas  3、精通MySQL，熟悉关系型数据库，懂数据库配置、查询优化者优先；  4、熟练掌握Pycharm、SVN等常见工具；  4、熟悉Socket编程、HTTP、TCP协议等，有网络开发经验；  5、熟悉大数据量、高并发、高性能系统优化者优先；  6、熟悉XML、JSON、protobuf等数据封装方式  7、熟悉Linux常用命令，能独立完成Linux环境的搭建及应用的部署，熟悉Web容器性能调优，根据日志跟踪并定位问题。  8、能承受一定的工作压力，有责任心和上进心，能通过持续学习和完善自身，自信、有担当、执行力强、乐于分享;  9、有物联网、车联网、云计算项目开发经验者优先； 																		,本科,2年经验,######,招1人
43,北京,1.5-2万/月,python后端工程师,北京商高科技有限公司,50-150人,民营公司,						北京商高科技有限公司，是一家人工智能科技公司，主营业务为人工智能技术的研发，人工智能技术的应用开发，智能硬件产品的开发设计等。					,北京市丰台区南四环西路汉威国际广场,						岗位职责：1、	根据项目需求进行后台服务器的开发与维护； 2、数据的收集，整理，分析；任职要求：1、统招本科及以上学历，计算机相关专业，2年以上工作经验；2、熟悉Linux操作系统，熟练使用常用命令，熟悉LAMP和LNMP服务器软件配置；3、精通Python，熟悉Django，Tornado，Flask，了解Caffe、TensorFlow、openCV等深度框架，能独立搭建高可用生产环境；4、熟悉VMware、Openstack、KVM等各种虚拟化及容器技术（Docker）者优先； 5、熟练使用SVN，git等版本管理工具；6、具备数据库设计能力，熟练掌握MySql/MongoDB/Redis者优先；7、具备高并发海量数据处理经验者优先。8、 熟悉HTML、CSS、JavaScript前端技术者优先；9、有爬虫开发经验，熟悉scrapy\pyspider等采集框架优先；																		,本科,2年经验,五险一金专业培训绩效奖金年终奖金股票期权,招5人
44,北京,1-1.5万/月,python 工程师 （爬虫方向）,北京神州新桥科技有限公司,500-1000人,民营公司,"						我公司-北京神州新桥科技有限公司成立于2001年，是一家注册在中关村科技园区的高新技术企业，我们具有健全的管理体制和现代运营理念，是一家it专业服务与解决方案提供商，一直致力于提供切合客户需求的产品和满意的服务。我公司在网络集成、技术服务、视频会议、ip语音、网络存储、uc统一通信等领域均有相当成熟的技术和成功案例,主要服务对象为金融、电信,在it集成行业拥有强大的竞争力。目前我公司拥有的集成资质涵盖主流厂商，国家承认的集成保密资质等,具备非常全面的集成能力：1. 中关村科技园区高新技术企业2. 计算机信息系统集成一级资质3. cisco金牌认证合作伙伴4. cisco公司2001、2002年***售后服务奖5. h3c四星级服务商6. h3c网络产品行业集成商7. h3c语音金牌合作伙伴8. checkpoint、juniper、polycom高级认证经销商9. f5 networks中国地区解决方案合作伙伴10. 锐捷全国区域战略合作伙伴11. 迈普行业合作伙伴12. 通过了iso9001：2000质量体系认证13. 通过了涉及国家秘密的计算机信息系统集成乙级资质认证14. 华为五钻公司目前有将近500名员工,客户服务部260人,目前在全国建立了33个分支机构，拥有超过120位ccie人员,超过70名h3cse，10名h3cte,以及众多ccnp ccnp juniper f5 等专业化认证人员，拥有非凡的集成技术能力。我公司典型服务用户简介:工商银行：连续服务12年，目前覆盖14个一级分行、总行、信用卡中心， 一家全程参与工行网络建设及服务的公司交通银行：连续服务6年，目前覆盖23个一级分行、总行、信用卡中心，在全国服务占有率超过60％中国银行 人民银行 建设银行 农业银行 招商银行 华夏银行 中信银行 浙商银行 大连银行 渤海银行 天津电信 昆明电信 等我公司目前在全国33个地区建立了分支机构办事处，为用户提供全面的金融服务典型实施项目介绍:工商银行总行网络建设及维保项目中行数据中心全国ca系统网络建设项目中行数据中心全网安全准入控制ead项目实施中行南北数据中心灾备网络建设一期、二期工程工行14省内网安全项目实施工行14省高可用项目实施交行34地区内网安全改造项目实施（一期、二期）昆明电线全辖网络升级改造项目华夏银行卡中心网络建设项目（一期）交通银行总行dwdm同城灾备项目交行武汉华东信息中心建设实施项目cisco援川项目主要实施商（阿坝、北川、松潘）随着公司业务的不断发展，渴望更多的优秀人士加盟。公司提供良好的工作环境和优厚的福利报酬，除了为每位员工办理“五险一金”外，同时还提供商业医疗保险（包括人身意外险、门诊、住院）、意外保险，欢迎与我们一起共创辉煌！					",万柳亿城大厦A座1层,						  <span>岗位要求：  1 熟练使用Python/Java的爬虫框架，有良好的数据结构和算法设计基础；  2 熟悉前端的开发技术，html/js，最好会前端开发；  3 熟悉http、tcp/ip协议；  4 熟悉常见的反爬机制及应对策略；  5 会使用正则表达式、Xpath或各种解析提取工具；  6 有3年以上爬虫开发经验。  																		,大专,3-4年经验,五险一金补充医疗保险餐饮补贴通讯补贴年终奖金定期体检,招1人
45,北京,1-1.5万/月,Python开发工程师,北京斯普信信息技术有限公司,150-500人,民营公司,						北京斯普信信息技术有限公司是一家专业性IT咨询服务公司，核心业务是数据库、小型机支持服务和人才外包。公司于2002年7月获得北京市科委高新技术企业  认证。 经过多年的发展，在广大客户、行业专家以及合作伙伴的鼓励和支持下，斯普信的业务已经涉及小型机、数据库、存储、网络安全、机房管理等技术支持、咨询和外包服务领域，并为客户建立了多层次的快速响应服务体系。斯普信与ORACLE、HP、IBM、SUN、CA、BEA等国际知名厂商建立了紧密的合作关系，能为用户提供集成性的技术支持和咨询服务。公司在电信、政府、金融、保险、制造、医药、能源等行业拥有大批客户，并致力于将行业经验不断提炼并反映到咨询服务和技术方案中。同时，斯普信量身定做的系统化培训方案能够全面提升客户维护人员的技术水平。用情感与交流来关怀人，用利益与价值来激励人，用事业与目标来凝聚人。斯普信培育了一支专业化的技术、营销和管理团队，为高效的企业管理和高品质的服务提供了有力保障。斯普信将继续以客户的成功，作为自身发展的动力，不断努力，追求卓越！因外包业务发展需求，现诚聘赴某电信运营商从事技术工程师工作。简历直接写在邮件中，请不要以附件形式发送，并说明应聘职位。对于合适人员，公司将电话预约面试，恕不一一回复。电话：82657520					,海淀区羊坊店路9号 京门大厦,						1、完成网络拓扑架构研发2、完成页面布局、浏览器适配、分辨率适配等功能3、完成相应模块的前端及后端功能研发4、配合完成测试以及bug修复任职资格：1、熟悉HTML5、CSS、JS、AJAX、JSON、Web、bootstrap等框架开发；2、熟悉拓扑功能实现，有过拓扑展示开发经验；3、熟悉不同浏览器之间的差异，熟练调试代码；4、有较强的前端布局设计、规划能力，能准确把握网站的整体风格和色彩的设计；5、熟悉python等开发语言，熟悉运维业务运作流程优先考虑；6、了解常用数据库系统，例如Oracle，MySQL等，熟悉常用的SQL语句。7、具备好的团队能力和良好的沟通能力，良好的理解力和学习能力；																		,大专,2年经验,######,招1人
46,北京,1-1.5万/月,Python开发工程师,北京学神科技有限公司,少于50人,民营公司,						“学神IT教育”（网址：www.xuegod.cn）是北京学神科技有限公司旗下的在线教育品牌，是一家专注于IT在线教育服务领导品牌，由国内计算机行业多位教育专家共同创办。致力于培养、打造Linux云计算集群架构师及PHP&mysqlweb开发工程师方面的高级人才。是一家集技术咨询、技术开发、人才培养、职业规划和创业孵化于一体的高新技术公司。					,昌平南邵,						岗位职责：1.围绕项目开展教学工作；2.给学生讲授知识点技术点以及项目实现思路；3.模拟公司实施项目，以锻炼学生各方面的能力；4.为学生做就业指导（面试流程的讲解，模拟面试等）；任职资格：1、计算机或相关专业本科及以上学历。2、熟练掌握python语言。3、至少熟悉一种PythonWeb框架，如Django、Flask等。5、熟悉Linux操作系统。6、熟悉SaltStack/Ansible7、有自动化运维、监控报警项目开发经验优先。																		,大专,3-4年经验,弹性工作年终奖金绩效奖金专业培训周末双休,招2人
47,北京,1.5-2.5万/月,Python后端高级开发工程师,武汉皮皮外语网络科技有限公司,50-150人,民营公司,						PPChinese诞生于新加坡，发展于中国，目前主攻K-12中文教育，为6到18岁海外（华人）孩子和学校提供全套的一对一（多）线上中文学习教程。我们的愿景是让更多的人享受学习中文的乐趣，体会中文及中华文化之美。目前主营的业务模式有在线一对一和双师课堂。总部在新加坡，武汉设立的是分公司，有90%以上的孩子都在新加坡，美国、加拿大、印尼这3个国家也有几个孩子。目前拥有教师数量：60人左右，全部拥有中国教师资格证，部分拥有汉语国际教师资格证。所有老师全部来自于中国，结合海外（华人）学生的中文学习特点进行差异化教学，全面提升学生的中文听说读写能力。目前已有来自新加坡、美国、加拿大、印尼等地区的近100名用户使用了我们的课程，给予了非常高的评价。					,苏州街长远天地大厦A1座,"						<span>岗位职责：<span><span>1.  <span>参维护和开发在线教育平台<span><span>2.  <span>参与项目需求分析<span><span>3.  <span>负责网站功能模块开发，包括前端页面，后端服务和数据库<span><span><span>任职要求：<span><span>1.掌握<span>Linux常见服务架构，熟悉<span>Linux的使用和管理；<span><span>2.熟悉现代<span>Web架构并有实际开发应用经验；<span><span>3.熟练使用<span>Python的<span>WEB开发框架，如<span>Django、<span>Tornado、<span>Flask等；<span><span>4.了解基本的<span>javascript，熟悉<span>jquery、<span>bootstrap框架的常用功能；<span><span>5.熟悉至少一种关系数据库的使用，如<span>MySQL, PostgreSQL等；<span><span>6.了解基本的<span>Git概念及应用<span><span>7.掌握良好的编程规范；<span><span>8.能熟练的阅读和理解技术英文资料，使用<span>Google搜索和<span>stackoverflow.com并解决问题<span>;<span><span>加分项<span>:<span>1.熟悉<span>Java，具备用<span>Java进行开发的能力和经验；<span> <span>2.具备<span>Web前端的开发能力；<span><span>3.了解<span>iOS的应用开发。<span>																		",本科,5-7年经验,######,招2人
48,北京,0.8-1.5万/月,Python开发工程师,普天信息技术有限公司,500-1000人,国企,						普天信息技术有限公司简介普天信息技术有限公司是中国普天投资组建的中央研究院，是从事通信领域新产品研究与开发的高新技术企业，属国企性质；其主要职能和任务是承担中国普天的新技术发展规划和新产品研究开发，提供具有市场前景和产业规模能力的新技术与新产品。TD-LTE标准的发起者中国普天是中国通信标准化协会(CCSA)核心成员。早在3G时代，普天研究院自2003年开始从事TD-SCDMA标准的制定、产品研发，并以自主研发的TD-SCDMA系统设备起步，参与了中国移动TD网络的各期建设，连续四期为其提供商用网建设设备。2008年，普天研究院正式启动4G TD-LTE宽带集群通信系统的研发工作，率先采用TD-LTE制式在4G专网领域实现行业应用。普天研究院在TD-LTE宽带集群领域承担了3项国家重大专项，申请专利104项，涵盖了LTE集群技术从架构到空口接口、流程等各方面的关键技术，形成了专利群。宽带集群通信领域的领军企业普天信息技术有限公司开发的4G宽带无线专网解决方案，以TD-LTE为核心技术，将TD-LTE的高速率、大带宽与数字集群技术中的资源共享、快速呼叫建立、指挥调度等特点融合，成为新一代宽带多媒体数字集群系统。在面向政务行业的应用方面，普天“TD-LTE宽带集群系统“不仅用于公安、交警的日常指挥调度、应急通信、移动办公、移动执法等方面，还可满足无线数字城市、行业信息化、电力、民航生产调度、等专网应用的需求，为城市管理提供坚实可靠的无线信息高速公路。普天“TD-LTE宽带集群系统”是国内首个达到商用标准的LTE宽带集群系统，更是全球首个4G集群示范网，为全球专网LTE的发展提供了范本。2011年普天中标“北京市TD-LTE政务物联数据专网项目”，成为全球首个TD-LTE专网项目的设备提供商，标志着我国正式掀开专网4G时代的序幕。2013年普天还相继推出全球首款4G(TD-LTE)专网应急车载系统、便携式宽带集群一体化机，先后为“成都财富全球论坛”、“中阿博览会”、“常州花博会”的成功举办保驾护航。2013年11月30日，普天信息技术有限公司“宽带多媒体集群系统”在2013年中国IT两会上荣获极具行业价值和含金量的“2013年4G宽带集群产业创新奖”。创新科技，立志普天。我们诚邀广大优秀人才踊跃加盟，共同创造中国通信产业美好未来！					,海淀北二街6号普天大厦,						岗位职责：1、负责语言语音相关产品的设计和开发，保证质量和研发进度。2、研究新兴技术，对产品进行持续优化。任职要求：1、具有统招本科以上学历，计算机等或相关专业；2、要求1年以上python项目开发经验，精通Python语言，熟悉语音audio、socket网络编程等；3、熟悉基于Python的Web开发技术，熟悉Flask、Django、Tornado等常见架构至少一种；4、熟悉H5、CSS、Javascript等前端技术者优先；5、熟悉PostgreSQL，熟悉MySql/MongoDB/Redis/Memcache等优先；6、有大规模RESTful服务和RPC服务开发经验优先；7、具备良好的代码编程习惯及团队合作意识。																		,本科,无工作经验,五险一金补充医疗保险交通补贴年终奖金专业培训餐饮补贴定期体检,招1人
49,北京,0.6-1.5万/月,Python开发工程师,广州嘉为科技有限公司,150-500人,民营公司,						【我是不会选择去做一个普通人的。如果我能够做到的话，我有权成为一位不寻常的人。我寻找机会，但我不寻求安稳。我不希望在国家的照顾下成为一名有保障的市民，那将被人瞧不起而使我感到痛苦不堪。我要做有意义的冒险，我要梦想，我要失败，我也要成功。我宁愿向生活挑战，而不愿过有保障的生活；我宁愿要达到目的时的激动，而不愿要乌托邦式毫无生气的平静；我决不会在任何一位大师的面前发抖，也不会为任何恐吓所屈服。我的天性是挺胸直立，骄傲而无所谓惧。我勇敢地面对这个世界，自豪的说：在上天的帮助下，我做到了！】在这个“誓言”的激励下，几位怀揣梦想的年轻人于2001年2月在广州创立了嘉为科技，并于2004年设立深圳嘉为，将业务拓展至中国最具经济活力的四座城市中最南端的两个。我们面向南中国的企业，将IT最先进、最优秀的技术和解决方案通过咨询和培训服务传递给客户。我们同时也是微软华南区金牌技术服务中心、微软高级技术培训中心，通过我们“微软专家”的高级咨询服务，企业得以快速革新IT系统，提升业务运作与生产效能。今天，众多为南中国企业服务的“微软专家”活跃在咨询和培训服务的一线，为企业客户和自我人生创造着一流的价值。他们通过我们企业的这个平台，从校园走向社会，从“菜鸟”成为“专家”，成为行业中Top级的“大家”。当前，很多大型企业依赖其“知名度”大批量招揽“懵懂”的应届毕业生，却粗放式的使用和管理，尽管成就了这个知名企业的“宏伟战略”，却奢侈地浪费了众多优秀人才的最好年华。嘉为的业务是依赖于“专家型”人才，以咨询和培训服务方式为企业高技术人才提供价值，因此，规模不大的公司（100多人）却“尽是精英”。今天，我们已能以同行业领先水平的薪酬福利回报员工的努力工作，以“专家型”人才作为每个专业员工的发展目标。利用我们自身的培训和服务优势，结合多渠道的力量，为公司员工提供职业和发展所需的核心竞争力。今天，我们已能为员工提供舒适、自由的工作环境，无论办公还是出行，资源的使用都体现效率优先，我们地处广州和深圳CBD核心地带的高级写字楼，交通便利，环境优雅。今天，我们已能通过导师制度，为每位新员工指派一位企业骨干力量为其导师，答疑解惑、工作指导、绩效管理，从而帮助新员工快速融入企业。嘉为内部畅所欲言，互帮互助，和谐共处的良好工作氛围在业界深受认可。今天，我们邀请更多优秀的人才加入我们的队伍，在当今这个中华民族最好的时代，去实现我们争取成功的共同梦想！					,北京市海淀区中关村南大街17号韦伯时代中心C座22楼2204,						1）精通Python语言，熟悉linux环境下的开发，具有1年以上的后端开发项目经验；2）提供一份自己写过的最好的一段代码；3）熟悉MVC架构， 精通Django开发框架，具有Django框架开发WEB网页的能力；4）了解Python多线程、多进程，熟悉Celery实现异步、定时、周期任务；5）掌握基本的数据库设计能力；6）具备良好的编码习惯及开发文档书写习惯；7）具有优秀的团队合作和沟通协作能力，善于学习，乐于分享，能承受较大工作压力；8）具有运维经验优先；9）学历大专以上；                                    10）英语读写流利；																		,大专,1年经验,五险一金专业培训定期体检绩效奖金员工旅游股票期权,招2人
